nohup: ignoring input
[INFO] Scanning for projects...
[INFO] 
[INFO] --------------------------< com.jmp:jmp-web >---------------------------
[INFO] Building JMP Web Application 1.0.0-SNAPSHOT
[INFO]   from pom.xml
[INFO] --------------------------------[ jar ]---------------------------------
[INFO] 
[INFO] >>> spring-boot:3.5.12:run (default-cli) > test-compile @ jmp-web >>>
[INFO] 
[INFO] --- jacoco:0.8.12:prepare-agent (default) @ jmp-web ---
[INFO] argLine set to -javaagent:/home/vd/.m2/repository/org/jacoco/org.jacoco.agent/0.8.12/org.jacoco.agent-0.8.12-runtime.jar=destfile=/home/vd/Projects/vks-qoder/jmp-web/target/jacoco.exec
[INFO] 
[INFO] --- resources:3.3.1:resources (default-resources) @ jmp-web ---
[INFO] Copying 2 resources from src/main/resources to target/classes
[INFO] Copying 4 resources from src/main/resources to target/classes
[INFO] 
[INFO] --- compiler:3.13.0:compile (default-compile) @ jmp-web ---
[INFO] Nothing to compile - all classes are up to date.
[INFO] 
[INFO] --- resources:3.3.1:testResources (default-testResources) @ jmp-web ---
[INFO] skip non existing resourceDirectory /home/vd/Projects/vks-qoder/jmp-web/src/test/resources
[INFO] 
[INFO] --- compiler:3.13.0:testCompile (default-testCompile) @ jmp-web ---
[INFO] Nothing to compile - all classes are up to date.
[INFO] 
[INFO] <<< spring-boot:3.5.12:run (default-cli) < test-compile @ jmp-web <<<
[INFO] 
[INFO] 
[INFO] --- spring-boot:3.5.12:run (default-cli) @ jmp-web ---
[INFO] Attaching agents: []
Standard Commons Logging discovery in action with spring-jcl: please remove commons-logging.jar from classpath in order to avoid potential conflicts

  .   ____          _            __ _ _
 /\\ / ___'_ __ _ _(_)_ __  __ _ \ \ \ \
( ( )\___ | '_ | '_| | '_ \/ _` | \ \ \ \
 \\/  ___)| |_)| | | | | || (_| |  ) ) ) )
  '  |____| .__|_| |_|_| |_\__, | / / / /
 =========|_|==============|___/=/_/_/_/

 :: Spring Boot ::               (v3.5.12)

2026-09-20 02:42:48 [main] [] INFO  com.jmp.web.JmpApplication - Starting JmpApplication v1.0.0 using Java 25.0.4 with PID 727818 (/home/vd/Projects/vks-qoder/jmp-web/target/classes started by vd in /home/vd/Projects/vks-qoder/jmp-web)
2026-09-20 02:42:48 [main] [] DEBUG com.jmp.web.JmpApplication - Running with Spring Boot v3.5.12, Spring v6.2.17
2026-09-20 02:42:48 [main] [] INFO  com.jmp.web.JmpApplication - The following 1 profile is active: "dev"
2026-09-20 02:42:50 [main] [] INFO  o.s.d.r.c.RepositoryConfigurationDelegate - Multiple Spring Data modules found, entering strict repository configuration mode
2026-09-20 02:42:50 [main] [] INFO  o.s.d.r.c.RepositoryConfigurationDelegate - Bootstrapping Spring Data JPA repositories in DEFAULT mode.
2026-09-20 02:42:50 [main] [] INFO  o.s.d.r.c.RepositoryConfigurationDelegate - Finished Spring Data repository scanning in 191 ms. Found 11 JPA repository interfaces.
2026-09-20 02:42:51 [main] [] INFO  o.s.d.r.c.RepositoryConfigurationDelegate - Multiple Spring Data modules found, entering strict repository configuration mode
2026-09-20 02:42:51 [main] [] INFO  o.s.d.r.c.RepositoryConfigurationDelegate - Bootstrapping Spring Data Redis repositories in DEFAULT mode.
2026-09-20 02:42:51 [main] [] INFO  o.s.d.r.c.RepositoryConfigurationDelegate - Finished Spring Data repository scanning in 10 ms. Found 0 Redis repository interfaces.
2026-09-20 02:42:52 [main] [] INFO  o.s.b.w.e.tomcat.TomcatWebServer - Tomcat initialized with port 8080 (http)
2026-09-20 02:42:52 [main] [] INFO  o.a.catalina.core.StandardService - Starting service [Tomcat]
2026-09-20 02:42:52 [main] [] INFO  o.a.catalina.core.StandardEngine - Starting Servlet engine: [Apache Tomcat/10.1.52]
2026-09-20 02:42:52 [main] [] INFO  o.a.c.c.C.[Tomcat].[localhost].[/] - Initializing Spring embedded WebApplicationContext
2026-09-20 02:42:52 [main] [] INFO  o.s.b.w.s.c.ServletWebServerApplicationContext - Root WebApplicationContext: initialization completed in 3980 ms
Standard Commons Logging discovery in action with spring-jcl: please remove commons-logging.jar from classpath in order to avoid potential conflicts
2026-09-20 02:42:53 [main] [] INFO  com.zaxxer.hikari.HikariDataSource - HikariPool-1 - Starting...
2026-09-20 02:42:53 [main] [] INFO  com.zaxxer.hikari.pool.HikariPool - HikariPool-1 - Added connection org.postgresql.jdbc.PgConnection@59e4a044
2026-09-20 02:42:53 [main] [] INFO  com.zaxxer.hikari.HikariDataSource - HikariPool-1 - Start completed.
2026-09-20 02:42:53 [main] [] INFO  org.flywaydb.core.FlywayExecutor - Database: jdbc:postgresql://localhost:5432/jmp (PostgreSQL 16.15)
2026-09-20 02:42:53 [main] [] INFO  o.f.core.internal.command.DbValidate - Successfully validated 5 migrations (execution time 00:00.065s)
2026-09-20 02:42:53 [main] [] INFO  o.f.core.internal.command.DbMigrate - Current version of schema "jmp": 4
2026-09-20 02:42:53 [main] [] INFO  o.f.core.internal.command.DbMigrate - Schema "jmp" is up to date. No migration necessary.
2026-09-20 02:42:54 [main] [] INFO  o.h.jpa.internal.util.LogHelper - HHH000204: Processing PersistenceUnitInfo [name: default]
2026-09-20 02:42:54 [main] [] INFO  org.hibernate.Version - HHH000412: Hibernate ORM core version 6.6.44.Final
2026-09-20 02:42:54 [main] [] INFO  o.h.c.i.RegionFactoryInitiator - HHH000026: Second-level cache disabled
2026-09-20 02:42:54 [main] [] INFO  o.s.o.j.p.SpringPersistenceUnitInfo - No LoadTimeWeaver setup: ignoring JPA class transformer
2026-09-20 02:42:55 [main] [] WARN  org.hibernate.orm.deprecation - HHH90000025: PostgreSQLDialect does not need to be specified explicitly using 'hibernate.dialect' (remove the property setting and it will be selected by default)
2026-09-20 02:42:55 [main] [] INFO  o.hibernate.orm.connections.pooling - HHH10001005: Database info:
	Database JDBC URL [Connecting through datasource 'HikariDataSource (HikariPool-1)']
	Database driver: undefined/unknown
	Database version: 16.15
	Autocommit mode: undefined/unknown
	Isolation level: undefined/unknown
	Minimum pool size: undefined/unknown
	Maximum pool size: undefined/unknown
2026-09-20 02:42:57 [main] [] INFO  o.h.e.t.j.p.i.JtaPlatformInitiator - HHH000489: No JTA platform available (set 'hibernate.transaction.jta.platform' to enable JTA platform integration)
2026-09-20 02:42:57 [main] [] INFO  o.s.o.j.LocalContainerEntityManagerFactoryBean - Initialized JPA EntityManagerFactory for persistence unit 'default'
2026-09-20 02:42:57 [main] [] INFO  o.s.d.j.r.query.QueryEnhancerFactory - Hibernate is in classpath; If applicable, HQL parser will be used.
2026-09-20 02:42:58 [main] [] DEBUG c.j.i.s.JwtAuthenticationFilter - Filter 'jwtAuthenticationFilter' configured for use
WARNING: A terminally deprecated method in sun.misc.Unsafe has been called
WARNING: sun.misc.Unsafe::allocateMemory has been called by io.netty.util.internal.PlatformDependent0$2 (file:/home/vd/.m2/repository/io/netty/netty-common/4.1.131.Final/netty-common-4.1.131.Final.jar)
WARNING: Please consider reporting this to the maintainers of class io.netty.util.internal.PlatformDependent0$2
WARNING: sun.misc.Unsafe::allocateMemory will be removed in a future release
2026-09-20 02:43:02 [main] [] INFO  o.s.b.a.e.web.EndpointLinksResolver - Exposing 4 endpoints beneath base path '/actuator'
2026-09-20 02:43:02 [main] [] INFO  o.s.s.c.a.a.c.InitializeUserDetailsBeanManagerConfigurer$InitializeUserDetailsManagerConfigurer - Global AuthenticationManager configured with UserDetailsService bean with name userDetailsServiceImpl
2026-09-20 02:43:03 [main] [] DEBUG o.s.s.web.DefaultSecurityFilterChain - Will secure any request with filters: DisableEncodeUrlFilter, WebAsyncManagerIntegrationFilter, SecurityContextHolderFilter, HeaderWriterFilter, CorsFilter, LogoutFilter, JwtAuthenticationFilter, RequestCacheAwareFilter, SecurityContextHolderAwareRequestFilter, AnonymousAuthenticationFilter, SessionManagementFilter, ExceptionTranslationFilter, AuthorizationFilter
2026-09-20 02:43:05 [main] [] INFO  o.s.m.s.b.SimpleBrokerMessageHandler - Starting...
2026-09-20 02:43:05 [main] [] INFO  o.s.m.s.b.SimpleBrokerMessageHandler - BrokerAvailabilityEvent[available=true, SimpleBrokerMessageHandler [org.springframework.messaging.simp.broker.DefaultSubscriptionRegistry@52c1775c]]
2026-09-20 02:43:05 [main] [] INFO  o.s.m.s.b.SimpleBrokerMessageHandler - Started.
2026-09-20 02:43:05 [main] [] INFO  o.s.b.w.e.tomcat.TomcatWebServer - Tomcat started on port 8080 (http) with context path '/'
2026-09-20 02:43:05 [main] [] INFO  com.jmp.web.JmpApplication - Started JmpApplication in 17.359 seconds (process running for 17.727)
2026-09-20 02:43:06 [http-nio-8080-exec-1] [] INFO  o.a.c.c.C.[Tomcat].[localhost].[/] - Initializing Spring DispatcherServlet 'dispatcherServlet'
2026-09-20 02:43:06 [http-nio-8080-exec-1] [] INFO  o.s.web.servlet.DispatcherServlet - Initializing Servlet 'dispatcherServlet'
2026-09-20 02:43:06 [http-nio-8080-exec-1] [] INFO  o.s.web.servlet.DispatcherServlet - Completed initialization in 2 ms
2026-09-20 02:43:06 [http-nio-8080-exec-1] [] DEBUG o.s.security.web.FilterChainProxy - Securing GET /actuator/prometheus
2026-09-20 02:43:06 [http-nio-8080-exec-1] [] DEBUG o.s.s.w.a.AnonymousAuthenticationFilter - Set SecurityContextHolder to anonymous SecurityContext
2026-09-20 02:43:06 [http-nio-8080-exec-1] [] DEBUG o.s.s.w.a.Http403ForbiddenEntryPoint - Pre-authenticated entry point called. Rejecting access
2026-09-20 02:43:06 [http-nio-8080-exec-1] [] DEBUG o.s.security.web.FilterChainProxy - Securing GET /error
2026-09-20 02:43:06 [http-nio-8080-exec-1] [] DEBUG o.s.s.w.a.AnonymousAuthenticationFilter - Set SecurityContextHolder to anonymous SecurityContext
2026-09-20 02:43:06 [http-nio-8080-exec-1] [] DEBUG o.s.s.w.a.Http403ForbiddenEntryPoint - Pre-authenticated entry point called. Rejecting access
2026-09-20 02:43:07 [http-nio-8080-exec-2] [] DEBUG o.s.security.web.FilterChainProxy - Securing GET /actuator/health/liveness
2026-09-20 02:43:07 [http-nio-8080-exec-2] [] DEBUG o.s.s.w.a.AnonymousAuthenticationFilter - Set SecurityContextHolder to anonymous SecurityContext
2026-09-20 02:43:07 [http-nio-8080-exec-2] [] DEBUG o.s.security.web.FilterChainProxy - Secured GET /actuator/health/liveness
2026-09-20 02:43:07 [http-nio-8080-exec-5] [] DEBUG o.s.security.web.FilterChainProxy - Securing GET /actuator/health/liveness
2026-09-20 02:43:07 [http-nio-8080-exec-5] [] DEBUG o.s.s.w.a.AnonymousAuthenticationFilter - Set SecurityContextHolder to anonymous SecurityContext
2026-09-20 02:43:07 [http-nio-8080-exec-5] [] DEBUG o.s.security.web.FilterChainProxy - Secured GET /actuator/health/liveness
2026-09-20 02:43:11 [http-nio-8080-exec-6] [] DEBUG o.s.security.web.FilterChainProxy - Securing GET /actuator/prometheus
2026-09-20 02:43:11 [http-nio-8080-exec-6] [] DEBUG o.s.s.w.a.AnonymousAuthenticationFilter - Set SecurityContextHolder to anonymous SecurityContext
2026-09-20 02:43:11 [http-nio-8080-exec-6] [] DEBUG o.s.s.w.a.Http403ForbiddenEntryPoint - Pre-authenticated entry point called. Rejecting access
2026-09-20 02:43:11 [http-nio-8080-exec-6] [] DEBUG o.s.security.web.FilterChainProxy - Securing GET /error
2026-09-20 02:43:11 [http-nio-8080-exec-6] [] DEBUG o.s.s.w.a.AnonymousAuthenticationFilter - Set SecurityContextHolder to anonymous SecurityContext
2026-09-20 02:43:11 [http-nio-8080-exec-6] [] DEBUG o.s.s.w.a.Http403ForbiddenEntryPoint - Pre-authenticated entry point called. Rejecting access
2026-09-20 02:43:16 [http-nio-8080-exec-7] [] DEBUG o.s.security.web.FilterChainProxy - Securing GET /actuator/prometheus
2026-09-20 02:43:16 [http-nio-8080-exec-7] [] DEBUG o.s.s.w.a.AnonymousAuthenticationFilter - Set SecurityContextHolder to anonymous SecurityContext
2026-09-20 02:43:16 [http-nio-8080-exec-7] [] DEBUG o.s.s.w.a.Http403ForbiddenEntryPoint - Pre-authenticated entry point called. Rejecting access
2026-09-20 02:43:16 [http-nio-8080-exec-7] [] DEBUG o.s.security.web.FilterChainProxy - Securing GET /error
2026-09-20 02:43:16 [http-nio-8080-exec-7] [] DEBUG o.s.s.w.a.AnonymousAuthenticationFilter - Set SecurityContextHolder to anonymous SecurityContext
2026-09-20 02:43:16 [http-nio-8080-exec-7] [] DEBUG o.s.s.w.a.Http403ForbiddenEntryPoint - Pre-authenticated entry point called. Rejecting access
2026-09-20 02:43:19 [http-nio-8080-exec-8] [] DEBUG o.s.security.web.FilterChainProxy - Securing POST /api/v1/auth/login
2026-09-20 02:43:19 [http-nio-8080-exec-8] [] DEBUG o.s.s.w.a.AnonymousAuthenticationFilter - Set SecurityContextHolder to anonymous SecurityContext
2026-09-20 02:43:19 [http-nio-8080-exec-8] [] DEBUG o.s.security.web.FilterChainProxy - Secured POST /api/v1/auth/login
2026-09-20 02:43:19 [http-nio-8080-exec-8] [] INFO  c.jmp.api.controller.AuthController - Login attempt for user: admin@jmp.local
2026-09-20 02:43:20 [http-nio-8080-exec-8] [] DEBUG o.s.s.a.d.DaoAuthenticationProvider - Authenticated user
2026-09-20 02:43:20 [http-nio-8080-exec-8] [] DEBUG c.jmp.application.service.JwtService - Generating access token for user: cccccccc-cccc-cccc-cccc-ccccccccccc1
2026-09-20 02:43:20 [http-nio-8080-exec-8] [] DEBUG c.jmp.application.service.JwtService - Generating refresh token for user: cccccccc-cccc-cccc-cccc-ccccccccccc1
2026-09-20 02:43:20 [http-nio-8080-exec-8] [] INFO  c.jmp.api.controller.AuthController - User logged in successfully: cccccccc-cccc-cccc-cccc-ccccccccccc1
2026-09-20 02:43:20 [http-nio-8080-exec-9] [] DEBUG o.s.security.web.FilterChainProxy - Securing GET /api/v1/conferences
2026-09-20 02:43:20 [http-nio-8080-exec-9] [] DEBUG c.j.i.s.JwtAuthenticationFilter - Authenticated user: cccccccc-cccc-cccc-cccc-ccccccccccc1, URI: /api/v1/conferences
2026-09-20 02:43:20 [http-nio-8080-exec-9] [] DEBUG o.s.security.web.FilterChainProxy - Secured GET /api/v1/conferences
2026-09-20 02:43:20 [http-nio-8080-exec-9] [] DEBUG o.s.s.a.m.AuthorizationManagerBeforeMethodInterceptor - Authorizing method invocation ReflectiveMethodInvocation: public org.springframework.http.ResponseEntity com.jmp.api.controller.ConferenceController.listConferences(org.springframework.data.domain.Pageable,java.lang.String,org.springframework.security.core.Authentication); target is of class [com.jmp.api.controller.ConferenceController]
2026-09-20 02:43:20 [http-nio-8080-exec-9] [] DEBUG o.s.s.a.m.AuthorizationManagerBeforeMethodInterceptor - Authorized method invocation ReflectiveMethodInvocation: public org.springframework.http.ResponseEntity com.jmp.api.controller.ConferenceController.listConferences(org.springframework.data.domain.Pageable,java.lang.String,org.springframework.security.core.Authentication); target is of class [com.jmp.api.controller.ConferenceController]
2026-09-20 02:43:20 [http-nio-8080-exec-9] [] WARN  o.s.d.w.c.SpringDataJacksonConfiguration$PageModule$WarningLoggingModifier - Serializing PageImpl instances as-is is not supported, meaning that there is no guarantee about the stability of the resulting JSON structure!
	For a stable JSON structure, please use Spring Data's PagedModel (globally via @EnableSpringDataWebSupport(pageSerializationMode = VIA_DTO))
	or Spring HATEOAS and Spring Data's PagedResourcesAssembler as documented in https://docs.spring.io/spring-data/commons/reference/repositories/core-extensions.html#core.web.pageables.

2026-09-20 02:43:20 [http-nio-8080-exec-10] [] DEBUG o.s.security.web.FilterChainProxy - Securing POST /api/v1/conferences/127b2f36-30e5-452b-9763-e1f30c355160/token
2026-09-20 02:43:20 [http-nio-8080-exec-10] [] DEBUG o.s.s.w.a.AnonymousAuthenticationFilter - Set SecurityContextHolder to anonymous SecurityContext
2026-09-20 02:43:20 [http-nio-8080-exec-10] [] DEBUG o.s.s.w.a.Http403ForbiddenEntryPoint - Pre-authenticated entry point called. Rejecting access
2026-09-20 02:43:20 [http-nio-8080-exec-10] [] DEBUG o.s.security.web.FilterChainProxy - Securing POST /error
2026-09-20 02:43:20 [http-nio-8080-exec-10] [] DEBUG o.s.s.w.a.AnonymousAuthenticationFilter - Set SecurityContextHolder to anonymous SecurityContext
2026-09-20 02:43:20 [http-nio-8080-exec-10] [] DEBUG o.s.s.w.a.Http403ForbiddenEntryPoint - Pre-authenticated entry point called. Rejecting access
2026-09-20 02:43:21 [http-nio-8080-exec-3] [] DEBUG o.s.security.web.FilterChainProxy - Securing GET /actuator/prometheus
2026-09-20 02:43:21 [http-nio-8080-exec-3] [] DEBUG o.s.s.w.a.AnonymousAuthenticationFilter - Set SecurityContextHolder to anonymous SecurityContext
2026-09-20 02:43:21 [http-nio-8080-exec-3] [] DEBUG o.s.s.w.a.Http403ForbiddenEntryPoint - Pre-authenticated entry point called. Rejecting access
2026-09-20 02:43:21 [http-nio-8080-exec-3] [] DEBUG o.s.security.web.FilterChainProxy - Securing GET /error
2026-09-20 02:43:21 [http-nio-8080-exec-3] [] DEBUG o.s.s.w.a.AnonymousAuthenticationFilter - Set SecurityContextHolder to anonymous SecurityContext
2026-09-20 02:43:21 [http-nio-8080-exec-3] [] DEBUG o.s.s.w.a.Http403ForbiddenEntryPoint - Pre-authenticated entry point called. Rejecting access
2026-09-20 02:43:26 [http-nio-8080-exec-1] [] DEBUG o.s.security.web.FilterChainProxy - Securing GET /actuator/prometheus
2026-09-20 02:43:26 [http-nio-8080-exec-1] [] DEBUG o.s.s.w.a.AnonymousAuthenticationFilter - Set SecurityContextHolder to anonymous SecurityContext
2026-09-20 02:43:26 [http-nio-8080-exec-1] [] DEBUG o.s.s.w.a.Http403ForbiddenEntryPoint - Pre-authenticated entry point called. Rejecting access
2026-09-20 02:43:26 [http-nio-8080-exec-1] [] DEBUG o.s.security.web.FilterChainProxy - Securing GET /error
2026-09-20 02:43:26 [http-nio-8080-exec-1] [] DEBUG o.s.s.w.a.AnonymousAuthenticationFilter - Set SecurityContextHolder to anonymous SecurityContext
2026-09-20 02:43:26 [http-nio-8080-exec-1] [] DEBUG o.s.s.w.a.Http403ForbiddenEntryPoint - Pre-authenticated entry point called. Rejecting access
2026-09-20 02:43:31 [http-nio-8080-exec-2] [] DEBUG o.s.security.web.FilterChainProxy - Securing GET /actuator/prometheus
2026-09-20 02:43:31 [http-nio-8080-exec-2] [] DEBUG o.s.s.w.a.AnonymousAuthenticationFilter - Set SecurityContextHolder to anonymous SecurityContext
2026-09-20 02:43:31 [http-nio-8080-exec-2] [] DEBUG o.s.s.w.a.Http403ForbiddenEntryPoint - Pre-authenticated entry point called. Rejecting access
2026-09-20 02:43:31 [http-nio-8080-exec-2] [] DEBUG o.s.security.web.FilterChainProxy - Securing GET /error
2026-09-20 02:43:31 [http-nio-8080-exec-2] [] DEBUG o.s.s.w.a.AnonymousAuthenticationFilter - Set SecurityContextHolder to anonymous SecurityContext
2026-09-20 02:43:31 [http-nio-8080-exec-2] [] DEBUG o.s.s.w.a.Http403ForbiddenEntryPoint - Pre-authenticated entry point called. Rejecting access
2026-09-20 02:43:36 [http-nio-8080-exec-4] [] DEBUG o.s.security.web.FilterChainProxy - Securing GET /actuator/prometheus
2026-09-20 02:43:36 [http-nio-8080-exec-4] [] DEBUG o.s.s.w.a.AnonymousAuthenticationFilter - Set SecurityContextHolder to anonymous SecurityContext
2026-09-20 02:43:36 [http-nio-8080-exec-4] [] DEBUG o.s.s.w.a.Http403ForbiddenEntryPoint - Pre-authenticated entry point called. Rejecting access
2026-09-20 02:43:36 [http-nio-8080-exec-4] [] DEBUG o.s.security.web.FilterChainProxy - Securing GET /error
2026-09-20 02:43:36 [http-nio-8080-exec-4] [] DEBUG o.s.s.w.a.AnonymousAuthenticationFilter - Set SecurityContextHolder to anonymous SecurityContext
2026-09-20 02:43:36 [http-nio-8080-exec-4] [] DEBUG o.s.s.w.a.Http403ForbiddenEntryPoint - Pre-authenticated entry point called. Rejecting access
2026-09-20 02:43:41 [http-nio-8080-exec-5] [] DEBUG o.s.security.web.FilterChainProxy - Securing GET /actuator/prometheus
2026-09-20 02:43:41 [http-nio-8080-exec-5] [] DEBUG o.s.s.w.a.AnonymousAuthenticationFilter - Set SecurityContextHolder to anonymous SecurityContext
2026-09-20 02:43:41 [http-nio-8080-exec-5] [] DEBUG o.s.s.w.a.Http403ForbiddenEntryPoint - Pre-authenticated entry point called. Rejecting access
2026-09-20 02:43:41 [http-nio-8080-exec-5] [] DEBUG o.s.security.web.FilterChainProxy - Securing GET /error
2026-09-20 02:43:41 [http-nio-8080-exec-5] [] DEBUG o.s.s.w.a.AnonymousAuthenticationFilter - Set SecurityContextHolder to anonymous SecurityContext
2026-09-20 02:43:41 [http-nio-8080-exec-5] [] DEBUG o.s.s.w.a.Http403ForbiddenEntryPoint - Pre-authenticated entry point called. Rejecting access
2026-09-20 02:43:46 [http-nio-8080-exec-6] [] DEBUG o.s.security.web.FilterChainProxy - Securing GET /actuator/prometheus
2026-09-20 02:43:46 [http-nio-8080-exec-6] [] DEBUG o.s.s.w.a.AnonymousAuthenticationFilter - Set SecurityContextHolder to anonymous SecurityContext
2026-09-20 02:43:46 [http-nio-8080-exec-6] [] DEBUG o.s.s.w.a.Http403ForbiddenEntryPoint - Pre-authenticated entry point called. Rejecting access
2026-09-20 02:43:46 [http-nio-8080-exec-6] [] DEBUG o.s.security.web.FilterChainProxy - Securing GET /error
2026-09-20 02:43:46 [http-nio-8080-exec-6] [] DEBUG o.s.s.w.a.AnonymousAuthenticationFilter - Set SecurityContextHolder to anonymous SecurityContext
2026-09-20 02:43:46 [http-nio-8080-exec-6] [] DEBUG o.s.s.w.a.Http403ForbiddenEntryPoint - Pre-authenticated entry point called. Rejecting access
2026-09-20 02:43:51 [http-nio-8080-exec-7] [] DEBUG o.s.security.web.FilterChainProxy - Securing GET /actuator/prometheus
2026-09-20 02:43:51 [http-nio-8080-exec-7] [] DEBUG o.s.s.w.a.AnonymousAuthenticationFilter - Set SecurityContextHolder to anonymous SecurityContext
2026-09-20 02:43:51 [http-nio-8080-exec-7] [] DEBUG o.s.s.w.a.Http403ForbiddenEntryPoint - Pre-authenticated entry point called. Rejecting access
2026-09-20 02:43:51 [http-nio-8080-exec-7] [] DEBUG o.s.security.web.FilterChainProxy - Securing GET /error
2026-09-20 02:43:51 [http-nio-8080-exec-7] [] DEBUG o.s.s.w.a.AnonymousAuthenticationFilter - Set SecurityContextHolder to anonymous SecurityContext
2026-09-20 02:43:51 [http-nio-8080-exec-7] [] DEBUG o.s.s.w.a.Http403ForbiddenEntryPoint - Pre-authenticated entry point called. Rejecting access
2026-09-20 02:43:56 [http-nio-8080-exec-8] [] DEBUG o.s.security.web.FilterChainProxy - Securing GET /actuator/prometheus
2026-09-20 02:43:56 [http-nio-8080-exec-8] [] DEBUG o.s.s.w.a.AnonymousAuthenticationFilter - Set SecurityContextHolder to anonymous SecurityContext
2026-09-20 02:43:56 [http-nio-8080-exec-8] [] DEBUG o.s.s.w.a.Http403ForbiddenEntryPoint - Pre-authenticated entry point called. Rejecting access
2026-09-20 02:43:56 [http-nio-8080-exec-8] [] DEBUG o.s.security.web.FilterChainProxy - Securing GET /error
2026-09-20 02:43:56 [http-nio-8080-exec-8] [] DEBUG o.s.s.w.a.AnonymousAuthenticationFilter - Set SecurityContextHolder to anonymous SecurityContext
2026-09-20 02:43:56 [http-nio-8080-exec-8] [] DEBUG o.s.s.w.a.Http403ForbiddenEntryPoint - Pre-authenticated entry point called. Rejecting access
2026-09-20 02:43:59 [http-nio-8080-exec-9] [] DEBUG o.s.security.web.FilterChainProxy - Securing POST /api/v1/auth/login
2026-09-20 02:43:59 [http-nio-8080-exec-9] [] DEBUG o.s.s.w.a.AnonymousAuthenticationFilter - Set SecurityContextHolder to anonymous SecurityContext
2026-09-20 02:43:59 [http-nio-8080-exec-9] [] DEBUG o.s.security.web.FilterChainProxy - Secured POST /api/v1/auth/login
2026-09-20 02:43:59 [http-nio-8080-exec-9] [] INFO  c.jmp.api.controller.AuthController - Login attempt for user: admin@jmp.local
2026-09-20 02:43:59 [http-nio-8080-exec-9] [] DEBUG o.s.s.a.d.DaoAuthenticationProvider - Authenticated user
2026-09-20 02:43:59 [http-nio-8080-exec-9] [] DEBUG c.jmp.application.service.JwtService - Generating access token for user: cccccccc-cccc-cccc-cccc-ccccccccccc1
2026-09-20 02:43:59 [http-nio-8080-exec-9] [] DEBUG c.jmp.application.service.JwtService - Generating refresh token for user: cccccccc-cccc-cccc-cccc-ccccccccccc1
2026-09-20 02:43:59 [http-nio-8080-exec-9] [] INFO  c.jmp.api.controller.AuthController - User logged in successfully: cccccccc-cccc-cccc-cccc-ccccccccccc1
2026-09-20 02:43:59 [http-nio-8080-exec-10] [] DEBUG o.s.security.web.FilterChainProxy - Securing GET /api/v1/conferences
2026-09-20 02:43:59 [http-nio-8080-exec-10] [] DEBUG c.j.i.s.JwtAuthenticationFilter - Authenticated user: cccccccc-cccc-cccc-cccc-ccccccccccc1, URI: /api/v1/conferences
2026-09-20 02:43:59 [http-nio-8080-exec-10] [] DEBUG o.s.security.web.FilterChainProxy - Secured GET /api/v1/conferences
2026-09-20 02:43:59 [http-nio-8080-exec-10] [] DEBUG o.s.s.a.m.AuthorizationManagerBeforeMethodInterceptor - Authorizing method invocation ReflectiveMethodInvocation: public org.springframework.http.ResponseEntity com.jmp.api.controller.ConferenceController.listConferences(org.springframework.data.domain.Pageable,java.lang.String,org.springframework.security.core.Authentication); target is of class [com.jmp.api.controller.ConferenceController]
2026-09-20 02:43:59 [http-nio-8080-exec-10] [] DEBUG o.s.s.a.m.AuthorizationManagerBeforeMethodInterceptor - Authorized method invocation ReflectiveMethodInvocation: public org.springframework.http.ResponseEntity com.jmp.api.controller.ConferenceController.listConferences(org.springframework.data.domain.Pageable,java.lang.String,org.springframework.security.core.Authentication); target is of class [com.jmp.api.controller.ConferenceController]
2026-09-20 02:43:59 [http-nio-8080-exec-3] [] DEBUG o.s.security.web.FilterChainProxy - Securing POST /api/v1/conferences/127b2f36-30e5-452b-9763-e1f30c355160/token
2026-09-20 02:43:59 [http-nio-8080-exec-3] [] DEBUG c.j.i.s.JwtAuthenticationFilter - Authenticated user: cccccccc-cccc-cccc-cccc-ccccccccccc1, URI: /api/v1/conferences/127b2f36-30e5-452b-9763-e1f30c355160/token
2026-09-20 02:43:59 [http-nio-8080-exec-3] [] DEBUG o.s.security.web.FilterChainProxy - Secured POST /api/v1/conferences/127b2f36-30e5-452b-9763-e1f30c355160/token
2026-09-20 02:43:59 [http-nio-8080-exec-3] [] DEBUG o.s.s.a.m.AuthorizationManagerBeforeMethodInterceptor - Authorizing method invocation ReflectiveMethodInvocation: public org.springframework.http.ResponseEntity com.jmp.api.controller.ConferenceController.generateToken(java.util.UUID,org.springframework.security.core.Authentication); target is of class [com.jmp.api.controller.ConferenceController]
2026-09-20 02:43:59 [http-nio-8080-exec-3] [] DEBUG o.s.s.a.m.AuthorizationManagerBeforeMethodInterceptor - Authorized method invocation ReflectiveMethodInvocation: public org.springframework.http.ResponseEntity com.jmp.api.controller.ConferenceController.generateToken(java.util.UUID,org.springframework.security.core.Authentication); target is of class [com.jmp.api.controller.ConferenceController]
2026-09-20 02:43:59 [http-nio-8080-exec-3] [] DEBUG c.jmp.application.service.JwtService - Generating Jitsi token for conference: 127b2f36-30e5-452b-9763-e1f30c355160, user: cccccccc-cccc-cccc-cccc-ccccccccccc1
2026-09-20 02:43:59 [http-nio-8080-exec-3] [] INFO  c.j.a.service.ConferenceLinkService - Issued a personal Jitsi token for user: cccccccc-cccc-cccc-cccc-ccccccccccc1 in conference: 127b2f36-30e5-452b-9763-e1f30c355160 (moderator)
2026-09-20 02:44:01 [http-nio-8080-exec-1] [] DEBUG o.s.security.web.FilterChainProxy - Securing GET /actuator/prometheus
2026-09-20 02:44:01 [http-nio-8080-exec-1] [] DEBUG o.s.s.w.a.AnonymousAuthenticationFilter - Set SecurityContextHolder to anonymous SecurityContext
2026-09-20 02:44:01 [http-nio-8080-exec-1] [] DEBUG o.s.s.w.a.Http403ForbiddenEntryPoint - Pre-authenticated entry point called. Rejecting access
2026-09-20 02:44:01 [http-nio-8080-exec-1] [] DEBUG o.s.security.web.FilterChainProxy - Securing GET /error
2026-09-20 02:44:01 [http-nio-8080-exec-1] [] DEBUG o.s.s.w.a.AnonymousAuthenticationFilter - Set SecurityContextHolder to anonymous SecurityContext
2026-09-20 02:44:01 [http-nio-8080-exec-1] [] DEBUG o.s.s.w.a.Http403ForbiddenEntryPoint - Pre-authenticated entry point called. Rejecting access
2026-09-20 02:44:05 [MessageBroker-1] [] INFO  o.s.w.s.c.WebSocketMessageBrokerStats - WebSocketSession[0 current WS(0)-HttpStream(0)-HttpPoll(0), 0 total, 0 closed abnormally (0 connect failure, 0 send limit, 0 transport error)], stompSubProtocol[processed CONNECT(0)-CONNECTED(0)-DISCONNECT(0)], stompBrokerRelay[null], inboundChannel[pool size = 0, active threads = 0, queued tasks = 0, completed tasks = 0], outboundChannel[pool size = 0, active threads = 0, queued tasks = 0, completed tasks = 0], sockJsScheduler[pool size = 1, active threads = 1, queued tasks = 0, completed tasks = 0]
2026-09-20 02:44:06 [http-nio-8080-exec-2] [] DEBUG o.s.security.web.FilterChainProxy - Securing GET /actuator/prometheus
2026-09-20 02:44:06 [http-nio-8080-exec-2] [] DEBUG o.s.s.w.a.AnonymousAuthenticationFilter - Set SecurityContextHolder to anonymous SecurityContext
2026-09-20 02:44:06 [http-nio-8080-exec-2] [] DEBUG o.s.s.w.a.Http403ForbiddenEntryPoint - Pre-authenticated entry point called. Rejecting access
2026-09-20 02:44:06 [http-nio-8080-exec-2] [] DEBUG o.s.security.web.FilterChainProxy - Securing GET /error
2026-09-20 02:44:06 [http-nio-8080-exec-2] [] DEBUG o.s.s.w.a.AnonymousAuthenticationFilter - Set SecurityContextHolder to anonymous SecurityContext
2026-09-20 02:44:06 [http-nio-8080-exec-2] [] DEBUG o.s.s.w.a.Http403ForbiddenEntryPoint - Pre-authenticated entry point called. Rejecting access
2026-09-20 02:44:11 [http-nio-8080-exec-4] [] DEBUG o.s.security.web.FilterChainProxy - Securing GET /actuator/prometheus
2026-09-20 02:44:11 [http-nio-8080-exec-4] [] DEBUG o.s.s.w.a.AnonymousAuthenticationFilter - Set SecurityContextHolder to anonymous SecurityContext
2026-09-20 02:44:11 [http-nio-8080-exec-4] [] DEBUG o.s.s.w.a.Http403ForbiddenEntryPoint - Pre-authenticated entry point called. Rejecting access
2026-09-20 02:44:11 [http-nio-8080-exec-4] [] DEBUG o.s.security.web.FilterChainProxy - Securing GET /error
2026-09-20 02:44:11 [http-nio-8080-exec-4] [] DEBUG o.s.s.w.a.AnonymousAuthenticationFilter - Set SecurityContextHolder to anonymous SecurityContext
2026-09-20 02:44:11 [http-nio-8080-exec-4] [] DEBUG o.s.s.w.a.Http403ForbiddenEntryPoint - Pre-authenticated entry point called. Rejecting access
2026-09-20 02:44:16 [http-nio-8080-exec-5] [] DEBUG o.s.security.web.FilterChainProxy - Securing GET /actuator/prometheus
2026-09-20 02:44:16 [http-nio-8080-exec-5] [] DEBUG o.s.s.w.a.AnonymousAuthenticationFilter - Set SecurityContextHolder to anonymous SecurityContext
2026-09-20 02:44:16 [http-nio-8080-exec-5] [] DEBUG o.s.s.w.a.Http403ForbiddenEntryPoint - Pre-authenticated entry point called. Rejecting access
2026-09-20 02:44:16 [http-nio-8080-exec-5] [] DEBUG o.s.security.web.FilterChainProxy - Securing GET /error
2026-09-20 02:44:16 [http-nio-8080-exec-5] [] DEBUG o.s.s.w.a.AnonymousAuthenticationFilter - Set SecurityContextHolder to anonymous SecurityContext
2026-09-20 02:44:16 [http-nio-8080-exec-5] [] DEBUG o.s.s.w.a.Http403ForbiddenEntryPoint - Pre-authenticated entry point called. Rejecting access
2026-09-20 02:44:21 [http-nio-8080-exec-6] [] DEBUG o.s.security.web.FilterChainProxy - Securing GET /actuator/prometheus
2026-09-20 02:44:21 [http-nio-8080-exec-6] [] DEBUG o.s.s.w.a.AnonymousAuthenticationFilter - Set SecurityContextHolder to anonymous SecurityContext
2026-09-20 02:44:21 [http-nio-8080-exec-6] [] DEBUG o.s.s.w.a.Http403ForbiddenEntryPoint - Pre-authenticated entry point called. Rejecting access
2026-09-20 02:44:21 [http-nio-8080-exec-6] [] DEBUG o.s.security.web.FilterChainProxy - Securing GET /error
2026-09-20 02:44:21 [http-nio-8080-exec-6] [] DEBUG o.s.s.w.a.AnonymousAuthenticationFilter - Set SecurityContextHolder to anonymous SecurityContext
2026-09-20 02:44:21 [http-nio-8080-exec-6] [] DEBUG o.s.s.w.a.Http403ForbiddenEntryPoint - Pre-authenticated entry point called. Rejecting access
2026-09-20 02:44:26 [http-nio-8080-exec-7] [] DEBUG o.s.security.web.FilterChainProxy - Securing GET /actuator/prometheus
2026-09-20 02:44:26 [http-nio-8080-exec-7] [] DEBUG o.s.s.w.a.AnonymousAuthenticationFilter - Set SecurityContextHolder to anonymous SecurityContext
2026-09-20 02:44:26 [http-nio-8080-exec-7] [] DEBUG o.s.s.w.a.Http403ForbiddenEntryPoint - Pre-authenticated entry point called. Rejecting access
2026-09-20 02:44:26 [http-nio-8080-exec-7] [] DEBUG o.s.security.web.FilterChainProxy - Securing GET /error
2026-09-20 02:44:26 [http-nio-8080-exec-7] [] DEBUG o.s.s.w.a.AnonymousAuthenticationFilter - Set SecurityContextHolder to anonymous SecurityContext
2026-09-20 02:44:26 [http-nio-8080-exec-7] [] DEBUG o.s.s.w.a.Http403ForbiddenEntryPoint - Pre-authenticated entry point called. Rejecting access
2026-09-20 02:44:31 [http-nio-8080-exec-8] [] DEBUG o.s.security.web.FilterChainProxy - Securing GET /actuator/prometheus
2026-09-20 02:44:31 [http-nio-8080-exec-8] [] DEBUG o.s.s.w.a.AnonymousAuthenticationFilter - Set SecurityContextHolder to anonymous SecurityContext
2026-09-20 02:44:31 [http-nio-8080-exec-8] [] DEBUG o.s.s.w.a.Http403ForbiddenEntryPoint - Pre-authenticated entry point called. Rejecting access
2026-09-20 02:44:31 [http-nio-8080-exec-8] [] DEBUG o.s.security.web.FilterChainProxy - Securing GET /error
2026-09-20 02:44:31 [http-nio-8080-exec-8] [] DEBUG o.s.s.w.a.AnonymousAuthenticationFilter - Set SecurityContextHolder to anonymous SecurityContext
2026-09-20 02:44:31 [http-nio-8080-exec-8] [] DEBUG o.s.s.w.a.Http403ForbiddenEntryPoint - Pre-authenticated entry point called. Rejecting access
2026-09-20 02:44:36 [http-nio-8080-exec-9] [] DEBUG o.s.security.web.FilterChainProxy - Securing GET /actuator/prometheus
2026-09-20 02:44:36 [http-nio-8080-exec-9] [] DEBUG o.s.s.w.a.AnonymousAuthenticationFilter - Set SecurityContextHolder to anonymous SecurityContext
2026-09-20 02:44:36 [http-nio-8080-exec-9] [] DEBUG o.s.s.w.a.Http403ForbiddenEntryPoint - Pre-authenticated entry point called. Rejecting access
2026-09-20 02:44:36 [http-nio-8080-exec-9] [] DEBUG o.s.security.web.FilterChainProxy - Securing GET /error
2026-09-20 02:44:36 [http-nio-8080-exec-9] [] DEBUG o.s.s.w.a.AnonymousAuthenticationFilter - Set SecurityContextHolder to anonymous SecurityContext
2026-09-20 02:44:36 [http-nio-8080-exec-9] [] DEBUG o.s.s.w.a.Http403ForbiddenEntryPoint - Pre-authenticated entry point called. Rejecting access
2026-09-20 02:44:41 [http-nio-8080-exec-10] [] DEBUG o.s.security.web.FilterChainProxy - Securing GET /actuator/prometheus
2026-09-20 02:44:41 [http-nio-8080-exec-10] [] DEBUG o.s.s.w.a.AnonymousAuthenticationFilter - Set SecurityContextHolder to anonymous SecurityContext
2026-09-20 02:44:41 [http-nio-8080-exec-10] [] DEBUG o.s.s.w.a.Http403ForbiddenEntryPoint - Pre-authenticated entry point called. Rejecting access
2026-09-20 02:44:41 [http-nio-8080-exec-10] [] DEBUG o.s.security.web.FilterChainProxy - Securing GET /error
2026-09-20 02:44:41 [http-nio-8080-exec-10] [] DEBUG o.s.s.w.a.AnonymousAuthenticationFilter - Set SecurityContextHolder to anonymous SecurityContext
2026-09-20 02:44:41 [http-nio-8080-exec-10] [] DEBUG o.s.s.w.a.Http403ForbiddenEntryPoint - Pre-authenticated entry point called. Rejecting access
2026-09-20 02:44:46 [http-nio-8080-exec-3] [] DEBUG o.s.security.web.FilterChainProxy - Securing GET /actuator/prometheus
2026-09-20 02:44:46 [http-nio-8080-exec-3] [] DEBUG o.s.s.w.a.AnonymousAuthenticationFilter - Set SecurityContextHolder to anonymous SecurityContext
2026-09-20 02:44:46 [http-nio-8080-exec-3] [] DEBUG o.s.s.w.a.Http403ForbiddenEntryPoint - Pre-authenticated entry point called. Rejecting access
2026-09-20 02:44:46 [http-nio-8080-exec-3] [] DEBUG o.s.security.web.FilterChainProxy - Securing GET /error
2026-09-20 02:44:46 [http-nio-8080-exec-3] [] DEBUG o.s.s.w.a.AnonymousAuthenticationFilter - Set SecurityContextHolder to anonymous SecurityContext
2026-09-20 02:44:46 [http-nio-8080-exec-3] [] DEBUG o.s.s.w.a.Http403ForbiddenEntryPoint - Pre-authenticated entry point called. Rejecting access
2026-09-20 02:44:51 [http-nio-8080-exec-1] [] DEBUG o.s.security.web.FilterChainProxy - Securing GET /actuator/prometheus
2026-09-20 02:44:51 [http-nio-8080-exec-1] [] DEBUG o.s.s.w.a.AnonymousAuthenticationFilter - Set SecurityContextHolder to anonymous SecurityContext
2026-09-20 02:44:51 [http-nio-8080-exec-1] [] DEBUG o.s.s.w.a.Http403ForbiddenEntryPoint - Pre-authenticated entry point called. Rejecting access
2026-09-20 02:44:51 [http-nio-8080-exec-1] [] DEBUG o.s.security.web.FilterChainProxy - Securing GET /error
2026-09-20 02:44:51 [http-nio-8080-exec-1] [] DEBUG o.s.s.w.a.AnonymousAuthenticationFilter - Set SecurityContextHolder to anonymous SecurityContext
2026-09-20 02:44:51 [http-nio-8080-exec-1] [] DEBUG o.s.s.w.a.Http403ForbiddenEntryPoint - Pre-authenticated entry point called. Rejecting access
2026-09-20 02:44:56 [http-nio-8080-exec-2] [] DEBUG o.s.security.web.FilterChainProxy - Securing GET /actuator/prometheus
2026-09-20 02:44:56 [http-nio-8080-exec-2] [] DEBUG o.s.s.w.a.AnonymousAuthenticationFilter - Set SecurityContextHolder to anonymous SecurityContext
2026-09-20 02:44:56 [http-nio-8080-exec-2] [] DEBUG o.s.s.w.a.Http403ForbiddenEntryPoint - Pre-authenticated entry point called. Rejecting access
2026-09-20 02:44:56 [http-nio-8080-exec-2] [] DEBUG o.s.security.web.FilterChainProxy - Securing GET /error
2026-09-20 02:44:56 [http-nio-8080-exec-2] [] DEBUG o.s.s.w.a.AnonymousAuthenticationFilter - Set SecurityContextHolder to anonymous SecurityContext
2026-09-20 02:44:56 [http-nio-8080-exec-2] [] DEBUG o.s.s.w.a.Http403ForbiddenEntryPoint - Pre-authenticated entry point called. Rejecting access
2026-09-20 02:45:01 [http-nio-8080-exec-4] [] DEBUG o.s.security.web.FilterChainProxy - Securing GET /actuator/prometheus
2026-09-20 02:45:01 [http-nio-8080-exec-4] [] DEBUG o.s.s.w.a.AnonymousAuthenticationFilter - Set SecurityContextHolder to anonymous SecurityContext
2026-09-20 02:45:01 [http-nio-8080-exec-4] [] DEBUG o.s.s.w.a.Http403ForbiddenEntryPoint - Pre-authenticated entry point called. Rejecting access
2026-09-20 02:45:01 [http-nio-8080-exec-4] [] DEBUG o.s.security.web.FilterChainProxy - Securing GET /error
2026-09-20 02:45:01 [http-nio-8080-exec-4] [] DEBUG o.s.s.w.a.AnonymousAuthenticationFilter - Set SecurityContextHolder to anonymous SecurityContext
2026-09-20 02:45:01 [http-nio-8080-exec-4] [] DEBUG o.s.s.w.a.Http403ForbiddenEntryPoint - Pre-authenticated entry point called. Rejecting access
2026-09-20 02:45:06 [http-nio-8080-exec-5] [] DEBUG o.s.security.web.FilterChainProxy - Securing GET /actuator/prometheus
2026-09-20 02:45:06 [http-nio-8080-exec-5] [] DEBUG o.s.s.w.a.AnonymousAuthenticationFilter - Set SecurityContextHolder to anonymous SecurityContext
2026-09-20 02:45:06 [http-nio-8080-exec-5] [] DEBUG o.s.s.w.a.Http403ForbiddenEntryPoint - Pre-authenticated entry point called. Rejecting access
2026-09-20 02:45:06 [http-nio-8080-exec-5] [] DEBUG o.s.security.web.FilterChainProxy - Securing GET /error
2026-09-20 02:45:06 [http-nio-8080-exec-5] [] DEBUG o.s.s.w.a.AnonymousAuthenticationFilter - Set SecurityContextHolder to anonymous SecurityContext
2026-09-20 02:45:06 [http-nio-8080-exec-5] [] DEBUG o.s.s.w.a.Http403ForbiddenEntryPoint - Pre-authenticated entry point called. Rejecting access
2026-09-20 02:45:11 [http-nio-8080-exec-6] [] DEBUG o.s.security.web.FilterChainProxy - Securing GET /actuator/prometheus
2026-09-20 02:45:11 [http-nio-8080-exec-6] [] DEBUG o.s.s.w.a.AnonymousAuthenticationFilter - Set SecurityContextHolder to anonymous SecurityContext
2026-09-20 02:45:11 [http-nio-8080-exec-6] [] DEBUG o.s.s.w.a.Http403ForbiddenEntryPoint - Pre-authenticated entry point called. Rejecting access
2026-09-20 02:45:11 [http-nio-8080-exec-6] [] DEBUG o.s.security.web.FilterChainProxy - Securing GET /error
2026-09-20 02:45:11 [http-nio-8080-exec-6] [] DEBUG o.s.s.w.a.AnonymousAuthenticationFilter - Set SecurityContextHolder to anonymous SecurityContext
2026-09-20 02:45:11 [http-nio-8080-exec-6] [] DEBUG o.s.s.w.a.Http403ForbiddenEntryPoint - Pre-authenticated entry point called. Rejecting access
2026-09-20 02:45:16 [http-nio-8080-exec-7] [] DEBUG o.s.security.web.FilterChainProxy - Securing GET /actuator/prometheus
2026-09-20 02:45:16 [http-nio-8080-exec-7] [] DEBUG o.s.s.w.a.AnonymousAuthenticationFilter - Set SecurityContextHolder to anonymous SecurityContext
2026-09-20 02:45:16 [http-nio-8080-exec-7] [] DEBUG o.s.s.w.a.Http403ForbiddenEntryPoint - Pre-authenticated entry point called. Rejecting access
2026-09-20 02:45:16 [http-nio-8080-exec-7] [] DEBUG o.s.security.web.FilterChainProxy - Securing GET /error
2026-09-20 02:45:16 [http-nio-8080-exec-7] [] DEBUG o.s.s.w.a.AnonymousAuthenticationFilter - Set SecurityContextHolder to anonymous SecurityContext
2026-09-20 02:45:16 [http-nio-8080-exec-7] [] DEBUG o.s.s.w.a.Http403ForbiddenEntryPoint - Pre-authenticated entry point called. Rejecting access
2026-09-20 02:45:21 [http-nio-8080-exec-8] [] DEBUG o.s.security.web.FilterChainProxy - Securing GET /actuator/prometheus
2026-09-20 02:45:21 [http-nio-8080-exec-8] [] DEBUG o.s.s.w.a.AnonymousAuthenticationFilter - Set SecurityContextHolder to anonymous SecurityContext
2026-09-20 02:45:21 [http-nio-8080-exec-8] [] DEBUG o.s.s.w.a.Http403ForbiddenEntryPoint - Pre-authenticated entry point called. Rejecting access
2026-09-20 02:45:21 [http-nio-8080-exec-8] [] DEBUG o.s.security.web.FilterChainProxy - Securing GET /error
2026-09-20 02:45:21 [http-nio-8080-exec-8] [] DEBUG o.s.s.w.a.AnonymousAuthenticationFilter - Set SecurityContextHolder to anonymous SecurityContext
2026-09-20 02:45:21 [http-nio-8080-exec-8] [] DEBUG o.s.s.w.a.Http403ForbiddenEntryPoint - Pre-authenticated entry point called. Rejecting access
2026-09-20 02:45:24 [http-nio-8080-exec-9] [] DEBUG o.s.security.web.FilterChainProxy - Securing GET /actuator/health
2026-09-20 02:45:24 [http-nio-8080-exec-9] [] DEBUG o.s.s.w.a.AnonymousAuthenticationFilter - Set SecurityContextHolder to anonymous SecurityContext
2026-09-20 02:45:24 [http-nio-8080-exec-9] [] DEBUG o.s.security.web.FilterChainProxy - Secured GET /actuator/health
WARNING: A restricted method in java.lang.System has been called
WARNING: java.lang.System::loadLibrary has been called by io.netty.util.internal.NativeLibraryUtil in an unnamed module (file:/home/vd/.m2/repository/io/netty/netty-common/4.1.131.Final/netty-common-4.1.131.Final.jar)
WARNING: Use --enable-native-access=ALL-UNNAMED to avoid a warning for callers in this module
WARNING: Restricted methods will be blocked in a future release unless native access is enabled

2026-09-20 02:45:26 [http-nio-8080-exec-3] [] DEBUG o.s.security.web.FilterChainProxy - Securing GET /actuator/prometheus
2026-09-20 02:45:26 [http-nio-8080-exec-3] [] DEBUG o.s.s.w.a.AnonymousAuthenticationFilter - Set SecurityContextHolder to anonymous SecurityContext
2026-09-20 02:45:26 [http-nio-8080-exec-3] [] DEBUG o.s.s.w.a.Http403ForbiddenEntryPoint - Pre-authenticated entry point called. Rejecting access
2026-09-20 02:45:26 [http-nio-8080-exec-3] [] DEBUG o.s.security.web.FilterChainProxy - Securing GET /error
2026-09-20 02:45:26 [http-nio-8080-exec-3] [] DEBUG o.s.s.w.a.AnonymousAuthenticationFilter - Set SecurityContextHolder to anonymous SecurityContext
2026-09-20 02:45:26 [http-nio-8080-exec-3] [] DEBUG o.s.s.w.a.Http403ForbiddenEntryPoint - Pre-authenticated entry point called. Rejecting access
2026-09-20 02:45:31 [http-nio-8080-exec-1] [] DEBUG o.s.security.web.FilterChainProxy - Securing GET /actuator/prometheus
2026-09-20 02:45:31 [http-nio-8080-exec-1] [] DEBUG o.s.s.w.a.AnonymousAuthenticationFilter - Set SecurityContextHolder to anonymous SecurityContext
2026-09-20 02:45:31 [http-nio-8080-exec-1] [] DEBUG o.s.s.w.a.Http403ForbiddenEntryPoint - Pre-authenticated entry point called. Rejecting access
2026-09-20 02:45:31 [http-nio-8080-exec-1] [] DEBUG o.s.security.web.FilterChainProxy - Securing GET /error
2026-09-20 02:45:31 [http-nio-8080-exec-1] [] DEBUG o.s.s.w.a.AnonymousAuthenticationFilter - Set SecurityContextHolder to anonymous SecurityContext
2026-09-20 02:45:31 [http-nio-8080-exec-1] [] DEBUG o.s.s.w.a.Http403ForbiddenEntryPoint - Pre-authenticated entry point called. Rejecting access
2026-09-20 02:45:36 [http-nio-8080-exec-2] [] DEBUG o.s.security.web.FilterChainProxy - Securing GET /actuator/prometheus
2026-09-20 02:45:36 [http-nio-8080-exec-2] [] DEBUG o.s.s.w.a.AnonymousAuthenticationFilter - Set SecurityContextHolder to anonymous SecurityContext
2026-09-20 02:45:36 [http-nio-8080-exec-2] [] DEBUG o.s.s.w.a.Http403ForbiddenEntryPoint - Pre-authenticated entry point called. Rejecting access
2026-09-20 02:45:36 [http-nio-8080-exec-2] [] DEBUG o.s.security.web.FilterChainProxy - Securing GET /error
2026-09-20 02:45:36 [http-nio-8080-exec-2] [] DEBUG o.s.s.w.a.AnonymousAuthenticationFilter - Set SecurityContextHolder to anonymous SecurityContext
2026-09-20 02:45:36 [http-nio-8080-exec-2] [] DEBUG o.s.s.w.a.Http403ForbiddenEntryPoint - Pre-authenticated entry point called. Rejecting access
2026-09-20 02:45:41 [http-nio-8080-exec-4] [] DEBUG o.s.security.web.FilterChainProxy - Securing GET /actuator/prometheus
2026-09-20 02:45:41 [http-nio-8080-exec-4] [] DEBUG o.s.s.w.a.AnonymousAuthenticationFilter - Set SecurityContextHolder to anonymous SecurityContext
2026-09-20 02:45:41 [http-nio-8080-exec-4] [] DEBUG o.s.s.w.a.Http403ForbiddenEntryPoint - Pre-authenticated entry point called. Rejecting access
2026-09-20 02:45:41 [http-nio-8080-exec-4] [] DEBUG o.s.security.web.FilterChainProxy - Securing GET /error
2026-09-20 02:45:41 [http-nio-8080-exec-4] [] DEBUG o.s.s.w.a.AnonymousAuthenticationFilter - Set SecurityContextHolder to anonymous SecurityContext
2026-09-20 02:45:41 [http-nio-8080-exec-4] [] DEBUG o.s.s.w.a.Http403ForbiddenEntryPoint - Pre-authenticated entry point called. Rejecting access
2026-09-20 02:45:46 [http-nio-8080-exec-5] [] DEBUG o.s.security.web.FilterChainProxy - Securing GET /actuator/prometheus
2026-09-20 02:45:46 [http-nio-8080-exec-5] [] DEBUG o.s.s.w.a.AnonymousAuthenticationFilter - Set SecurityContextHolder to anonymous SecurityContext
2026-09-20 02:45:46 [http-nio-8080-exec-5] [] DEBUG o.s.s.w.a.Http403ForbiddenEntryPoint - Pre-authenticated entry point called. Rejecting access
2026-09-20 02:45:46 [http-nio-8080-exec-5] [] DEBUG o.s.security.web.FilterChainProxy - Securing GET /error
2026-09-20 02:45:46 [http-nio-8080-exec-5] [] DEBUG o.s.s.w.a.AnonymousAuthenticationFilter - Set SecurityContextHolder to anonymous SecurityContext
2026-09-20 02:45:46 [http-nio-8080-exec-5] [] DEBUG o.s.s.w.a.Http403ForbiddenEntryPoint - Pre-authenticated entry point called. Rejecting access
2026-09-20 02:45:51 [http-nio-8080-exec-6] [] DEBUG o.s.security.web.FilterChainProxy - Securing GET /actuator/prometheus
2026-09-20 02:45:51 [http-nio-8080-exec-6] [] DEBUG o.s.s.w.a.AnonymousAuthenticationFilter - Set SecurityContextHolder to anonymous SecurityContext
2026-09-20 02:45:51 [http-nio-8080-exec-6] [] DEBUG o.s.s.w.a.Http403ForbiddenEntryPoint - Pre-authenticated entry point called. Rejecting access
2026-09-20 02:45:51 [http-nio-8080-exec-6] [] DEBUG o.s.security.web.FilterChainProxy - Securing GET /error
2026-09-20 02:45:51 [http-nio-8080-exec-6] [] DEBUG o.s.s.w.a.AnonymousAuthenticationFilter - Set SecurityContextHolder to anonymous SecurityContext
2026-09-20 02:45:51 [http-nio-8080-exec-6] [] DEBUG o.s.s.w.a.Http403ForbiddenEntryPoint - Pre-authenticated entry point called. Rejecting access
2026-09-20 02:45:56 [http-nio-8080-exec-7] [] DEBUG o.s.security.web.FilterChainProxy - Securing GET /actuator/prometheus
2026-09-20 02:45:56 [http-nio-8080-exec-7] [] DEBUG o.s.s.w.a.AnonymousAuthenticationFilter - Set SecurityContextHolder to anonymous SecurityContext
2026-09-20 02:45:56 [http-nio-8080-exec-7] [] DEBUG o.s.s.w.a.Http403ForbiddenEntryPoint - Pre-authenticated entry point called. Rejecting access
2026-09-20 02:45:56 [http-nio-8080-exec-7] [] DEBUG o.s.security.web.FilterChainProxy - Securing GET /error
2026-09-20 02:45:56 [http-nio-8080-exec-7] [] DEBUG o.s.s.w.a.AnonymousAuthenticationFilter - Set SecurityContextHolder to anonymous SecurityContext
2026-09-20 02:45:56 [http-nio-8080-exec-7] [] DEBUG o.s.s.w.a.Http403ForbiddenEntryPoint - Pre-authenticated entry point called. Rejecting access
2026-09-20 02:46:01 [http-nio-8080-exec-8] [] DEBUG o.s.security.web.FilterChainProxy - Securing GET /actuator/prometheus
2026-09-20 02:46:01 [http-nio-8080-exec-8] [] DEBUG o.s.s.w.a.AnonymousAuthenticationFilter - Set SecurityContextHolder to anonymous SecurityContext
2026-09-20 02:46:01 [http-nio-8080-exec-8] [] DEBUG o.s.s.w.a.Http403ForbiddenEntryPoint - Pre-authenticated entry point called. Rejecting access
2026-09-20 02:46:01 [http-nio-8080-exec-8] [] DEBUG o.s.security.web.FilterChainProxy - Securing GET /error
2026-09-20 02:46:01 [http-nio-8080-exec-8] [] DEBUG o.s.s.w.a.AnonymousAuthenticationFilter - Set SecurityContextHolder to anonymous SecurityContext
2026-09-20 02:46:01 [http-nio-8080-exec-8] [] DEBUG o.s.s.w.a.Http403ForbiddenEntryPoint - Pre-authenticated entry point called. Rejecting access
2026-09-20 02:46:06 [http-nio-8080-exec-9] [] DEBUG o.s.security.web.FilterChainProxy - Securing GET /actuator/prometheus
2026-09-20 02:46:06 [http-nio-8080-exec-9] [] DEBUG o.s.s.w.a.AnonymousAuthenticationFilter - Set SecurityContextHolder to anonymous SecurityContext
2026-09-20 02:46:06 [http-nio-8080-exec-9] [] DEBUG o.s.s.w.a.Http403ForbiddenEntryPoint - Pre-authenticated entry point called. Rejecting access
2026-09-20 02:46:06 [http-nio-8080-exec-9] [] DEBUG o.s.security.web.FilterChainProxy - Securing GET /error
2026-09-20 02:46:06 [http-nio-8080-exec-9] [] DEBUG o.s.s.w.a.AnonymousAuthenticationFilter - Set SecurityContextHolder to anonymous SecurityContext
2026-09-20 02:46:06 [http-nio-8080-exec-9] [] DEBUG o.s.s.w.a.Http403ForbiddenEntryPoint - Pre-authenticated entry point called. Rejecting access
2026-09-20 02:46:11 [http-nio-8080-exec-10] [] DEBUG o.s.security.web.FilterChainProxy - Securing GET /actuator/prometheus
2026-09-20 02:46:11 [http-nio-8080-exec-10] [] DEBUG o.s.s.w.a.AnonymousAuthenticationFilter - Set SecurityContextHolder to anonymous SecurityContext
2026-09-20 02:46:11 [http-nio-8080-exec-10] [] DEBUG o.s.s.w.a.Http403ForbiddenEntryPoint - Pre-authenticated entry point called. Rejecting access
2026-09-20 02:46:11 [http-nio-8080-exec-10] [] DEBUG o.s.security.web.FilterChainProxy - Securing GET /error
2026-09-20 02:46:11 [http-nio-8080-exec-10] [] DEBUG o.s.s.w.a.AnonymousAuthenticationFilter - Set SecurityContextHolder to anonymous SecurityContext
2026-09-20 02:46:11 [http-nio-8080-exec-10] [] DEBUG o.s.s.w.a.Http403ForbiddenEntryPoint - Pre-authenticated entry point called. Rejecting access
2026-09-20 02:46:16 [http-nio-8080-exec-3] [] DEBUG o.s.security.web.FilterChainProxy - Securing GET /actuator/prometheus
2026-09-20 02:46:16 [http-nio-8080-exec-3] [] DEBUG o.s.s.w.a.AnonymousAuthenticationFilter - Set SecurityContextHolder to anonymous SecurityContext
2026-09-20 02:46:16 [http-nio-8080-exec-3] [] DEBUG o.s.s.w.a.Http403ForbiddenEntryPoint - Pre-authenticated entry point called. Rejecting access
2026-09-20 02:46:16 [http-nio-8080-exec-3] [] DEBUG o.s.security.web.FilterChainProxy - Securing GET /error
2026-09-20 02:46:16 [http-nio-8080-exec-3] [] DEBUG o.s.s.w.a.AnonymousAuthenticationFilter - Set SecurityContextHolder to anonymous SecurityContext
2026-09-20 02:46:16 [http-nio-8080-exec-3] [] DEBUG o.s.s.w.a.Http403ForbiddenEntryPoint - Pre-authenticated entry point called. Rejecting access
2026-09-20 02:46:17 [http-nio-8080-exec-1] [] DEBUG o.s.security.web.FilterChainProxy - Securing GET /api/v1/conferences/active
2026-09-20 02:46:17 [http-nio-8080-exec-2] [] DEBUG o.s.security.web.FilterChainProxy - Securing GET /api/v1/conferences/upcoming
2026-09-20 02:46:17 [http-nio-8080-exec-4] [] DEBUG o.s.security.web.FilterChainProxy - Securing GET /api/v1/analytics/dashboard
2026-09-20 02:46:17 [http-nio-8080-exec-2] [] DEBUG c.j.i.s.JwtAuthenticationFilter - Authenticated user: cccccccc-cccc-cccc-cccc-ccccccccccc1, URI: /api/v1/conferences/upcoming
2026-09-20 02:46:17 [http-nio-8080-exec-2] [] DEBUG o.s.security.web.FilterChainProxy - Secured GET /api/v1/conferences/upcoming
2026-09-20 02:46:17 [http-nio-8080-exec-2] [] DEBUG o.s.s.a.m.AuthorizationManagerBeforeMethodInterceptor - Authorizing method invocation ReflectiveMethodInvocation: public org.springframework.http.ResponseEntity com.jmp.api.controller.ConferenceController.getUpcomingConferences(org.springframework.security.core.Authentication); target is of class [com.jmp.api.controller.ConferenceController]
2026-09-20 02:46:17 [http-nio-8080-exec-2] [] DEBUG o.s.s.a.m.AuthorizationManagerBeforeMethodInterceptor - Authorized method invocation ReflectiveMethodInvocation: public org.springframework.http.ResponseEntity com.jmp.api.controller.ConferenceController.getUpcomingConferences(org.springframework.security.core.Authentication); target is of class [com.jmp.api.controller.ConferenceController]
2026-09-20 02:46:17 [http-nio-8080-exec-1] [] DEBUG c.j.i.s.JwtAuthenticationFilter - Authenticated user: cccccccc-cccc-cccc-cccc-ccccccccccc1, URI: /api/v1/conferences/active
2026-09-20 02:46:17 [http-nio-8080-exec-1] [] DEBUG o.s.security.web.FilterChainProxy - Secured GET /api/v1/conferences/active
2026-09-20 02:46:17 [http-nio-8080-exec-4] [] DEBUG c.j.i.s.JwtAuthenticationFilter - Authenticated user: cccccccc-cccc-cccc-cccc-ccccccccccc1, URI: /api/v1/analytics/dashboard
2026-09-20 02:46:17 [http-nio-8080-exec-1] [] DEBUG o.s.s.a.m.AuthorizationManagerBeforeMethodInterceptor - Authorizing method invocation ReflectiveMethodInvocation: public org.springframework.http.ResponseEntity com.jmp.api.controller.ConferenceController.getActiveConferences(org.springframework.security.core.Authentication); target is of class [com.jmp.api.controller.ConferenceController]
2026-09-20 02:46:17 [http-nio-8080-exec-4] [] DEBUG o.s.security.web.FilterChainProxy - Secured GET /api/v1/analytics/dashboard
2026-09-20 02:46:17 [http-nio-8080-exec-1] [] DEBUG o.s.s.a.m.AuthorizationManagerBeforeMethodInterceptor - Authorized method invocation ReflectiveMethodInvocation: public org.springframework.http.ResponseEntity com.jmp.api.controller.ConferenceController.getActiveConferences(org.springframework.security.core.Authentication); target is of class [com.jmp.api.controller.ConferenceController]
2026-09-20 02:46:17 [http-nio-8080-exec-4] [] DEBUG o.s.s.a.m.AuthorizationManagerBeforeMethodInterceptor - Authorizing method invocation ReflectiveMethodInvocation: public org.springframework.http.ResponseEntity com.jmp.api.controller.AnalyticsController.getDashboardMetrics(org.springframework.security.core.Authentication); target is of class [com.jmp.api.controller.AnalyticsController]
2026-09-20 02:46:17 [http-nio-8080-exec-4] [] DEBUG o.s.s.a.m.AuthorizationManagerBeforeMethodInterceptor - Authorized method invocation ReflectiveMethodInvocation: public org.springframework.http.ResponseEntity com.jmp.api.controller.AnalyticsController.getDashboardMetrics(org.springframework.security.core.Authentication); target is of class [com.jmp.api.controller.AnalyticsController]
2026-09-20 02:46:17 [http-nio-8080-exec-5] [] DEBUG o.s.security.web.FilterChainProxy - Securing GET /api/v1/conferences/active
2026-09-20 02:46:17 [http-nio-8080-exec-2] [] DEBUG o.s.security.web.FilterChainProxy - Securing GET /api/v1/conferences/upcoming
2026-09-20 02:46:17 [http-nio-8080-exec-2] [] DEBUG c.j.i.s.JwtAuthenticationFilter - Authenticated user: cccccccc-cccc-cccc-cccc-ccccccccccc1, URI: /api/v1/conferences/upcoming
2026-09-20 02:46:17 [http-nio-8080-exec-2] [] DEBUG o.s.security.web.FilterChainProxy - Secured GET /api/v1/conferences/upcoming
2026-09-20 02:46:17 [http-nio-8080-exec-5] [] DEBUG c.j.i.s.JwtAuthenticationFilter - Authenticated user: cccccccc-cccc-cccc-cccc-ccccccccccc1, URI: /api/v1/conferences/active
2026-09-20 02:46:17 [http-nio-8080-exec-2] [] DEBUG o.s.s.a.m.AuthorizationManagerBeforeMethodInterceptor - Authorizing method invocation ReflectiveMethodInvocation: public org.springframework.http.ResponseEntity com.jmp.api.controller.ConferenceController.getUpcomingConferences(org.springframework.security.core.Authentication); target is of class [com.jmp.api.controller.ConferenceController]
2026-09-20 02:46:17 [http-nio-8080-exec-2] [] DEBUG o.s.s.a.m.AuthorizationManagerBeforeMethodInterceptor - Authorized method invocation ReflectiveMethodInvocation: public org.springframework.http.ResponseEntity com.jmp.api.controller.ConferenceController.getUpcomingConferences(org.springframework.security.core.Authentication); target is of class [com.jmp.api.controller.ConferenceController]
2026-09-20 02:46:17 [http-nio-8080-exec-5] [] DEBUG o.s.security.web.FilterChainProxy - Secured GET /api/v1/conferences/active
2026-09-20 02:46:17 [http-nio-8080-exec-5] [] DEBUG o.s.s.a.m.AuthorizationManagerBeforeMethodInterceptor - Authorizing method invocation ReflectiveMethodInvocation: public org.springframework.http.ResponseEntity com.jmp.api.controller.ConferenceController.getActiveConferences(org.springframework.security.core.Authentication); target is of class [com.jmp.api.controller.ConferenceController]
2026-09-20 02:46:17 [http-nio-8080-exec-5] [] DEBUG o.s.s.a.m.AuthorizationManagerBeforeMethodInterceptor - Authorized method invocation ReflectiveMethodInvocation: public org.springframework.http.ResponseEntity com.jmp.api.controller.ConferenceController.getActiveConferences(org.springframework.security.core.Authentication); target is of class [com.jmp.api.controller.ConferenceController]
2026-09-20 02:46:17 [http-nio-8080-exec-7] [] DEBUG o.s.security.web.FilterChainProxy - Securing GET /api/v1/analytics/dashboard
2026-09-20 02:46:17 [http-nio-8080-exec-8] [] DEBUG o.s.security.web.FilterChainProxy - Securing GET /api/v1/analytics/system-health
2026-09-20 02:46:17 [http-nio-8080-exec-7] [] DEBUG c.j.i.s.JwtAuthenticationFilter - Authenticated user: cccccccc-cccc-cccc-cccc-ccccccccccc1, URI: /api/v1/analytics/dashboard
2026-09-20 02:46:17 [http-nio-8080-exec-7] [] DEBUG o.s.security.web.FilterChainProxy - Secured GET /api/v1/analytics/dashboard
2026-09-20 02:46:17 [http-nio-8080-exec-7] [] DEBUG o.s.s.a.m.AuthorizationManagerBeforeMethodInterceptor - Authorizing method invocation ReflectiveMethodInvocation: public org.springframework.http.ResponseEntity com.jmp.api.controller.AnalyticsController.getDashboardMetrics(org.springframework.security.core.Authentication); target is of class [com.jmp.api.controller.AnalyticsController]
2026-09-20 02:46:17 [http-nio-8080-exec-7] [] DEBUG o.s.s.a.m.AuthorizationManagerBeforeMethodInterceptor - Authorized method invocation ReflectiveMethodInvocation: public org.springframework.http.ResponseEntity com.jmp.api.controller.AnalyticsController.getDashboardMetrics(org.springframework.security.core.Authentication); target is of class [com.jmp.api.controller.AnalyticsController]
2026-09-20 02:46:17 [http-nio-8080-exec-8] [] DEBUG c.j.i.s.JwtAuthenticationFilter - Authenticated user: cccccccc-cccc-cccc-cccc-ccccccccccc1, URI: /api/v1/analytics/system-health
2026-09-20 02:46:17 [http-nio-8080-exec-8] [] DEBUG o.s.security.web.FilterChainProxy - Secured GET /api/v1/analytics/system-health
2026-09-20 02:46:17 [http-nio-8080-exec-8] [] DEBUG o.s.s.a.m.AuthorizationManagerBeforeMethodInterceptor - Authorizing method invocation ReflectiveMethodInvocation: public org.springframework.http.ResponseEntity com.jmp.api.controller.AnalyticsController.getSystemHealthMetrics(); target is of class [com.jmp.api.controller.AnalyticsController]
2026-09-20 02:46:17 [http-nio-8080-exec-8] [] DEBUG o.s.s.a.m.AuthorizationManagerBeforeMethodInterceptor - Authorized method invocation ReflectiveMethodInvocation: public org.springframework.http.ResponseEntity com.jmp.api.controller.AnalyticsController.getSystemHealthMetrics(); target is of class [com.jmp.api.controller.AnalyticsController]
2026-09-20 02:46:17 [http-nio-8080-exec-9] [] DEBUG o.s.security.web.FilterChainProxy - Securing GET /api/v1/analytics/system-health
2026-09-20 02:46:17 [http-nio-8080-exec-9] [] DEBUG c.j.i.s.JwtAuthenticationFilter - Authenticated user: cccccccc-cccc-cccc-cccc-ccccccccccc1, URI: /api/v1/analytics/system-health
2026-09-20 02:46:17 [http-nio-8080-exec-9] [] DEBUG o.s.security.web.FilterChainProxy - Secured GET /api/v1/analytics/system-health
2026-09-20 02:46:17 [http-nio-8080-exec-9] [] DEBUG o.s.s.a.m.AuthorizationManagerBeforeMethodInterceptor - Authorizing method invocation ReflectiveMethodInvocation: public org.springframework.http.ResponseEntity com.jmp.api.controller.AnalyticsController.getSystemHealthMetrics(); target is of class [com.jmp.api.controller.AnalyticsController]
2026-09-20 02:46:17 [http-nio-8080-exec-9] [] DEBUG o.s.s.a.m.AuthorizationManagerBeforeMethodInterceptor - Authorized method invocation ReflectiveMethodInvocation: public org.springframework.http.ResponseEntity com.jmp.api.controller.AnalyticsController.getSystemHealthMetrics(); target is of class [com.jmp.api.controller.AnalyticsController]
2026-09-20 02:46:21 [http-nio-8080-exec-10] [] DEBUG o.s.security.web.FilterChainProxy - Securing GET /actuator/prometheus
2026-09-20 02:46:21 [http-nio-8080-exec-10] [] DEBUG o.s.s.w.a.AnonymousAuthenticationFilter - Set SecurityContextHolder to anonymous SecurityContext
2026-09-20 02:46:21 [http-nio-8080-exec-10] [] DEBUG o.s.s.w.a.Http403ForbiddenEntryPoint - Pre-authenticated entry point called. Rejecting access
2026-09-20 02:46:21 [http-nio-8080-exec-10] [] DEBUG o.s.security.web.FilterChainProxy - Securing GET /error
2026-09-20 02:46:21 [http-nio-8080-exec-10] [] DEBUG o.s.s.w.a.AnonymousAuthenticationFilter - Set SecurityContextHolder to anonymous SecurityContext
2026-09-20 02:46:21 [http-nio-8080-exec-10] [] DEBUG o.s.s.w.a.Http403ForbiddenEntryPoint - Pre-authenticated entry point called. Rejecting access
2026-09-20 02:46:26 [http-nio-8080-exec-3] [] DEBUG o.s.security.web.FilterChainProxy - Securing GET /actuator/prometheus
2026-09-20 02:46:26 [http-nio-8080-exec-3] [] DEBUG o.s.s.w.a.AnonymousAuthenticationFilter - Set SecurityContextHolder to anonymous SecurityContext
2026-09-20 02:46:26 [http-nio-8080-exec-3] [] DEBUG o.s.s.w.a.Http403ForbiddenEntryPoint - Pre-authenticated entry point called. Rejecting access
2026-09-20 02:46:26 [http-nio-8080-exec-3] [] DEBUG o.s.security.web.FilterChainProxy - Securing GET /error
2026-09-20 02:46:26 [http-nio-8080-exec-3] [] DEBUG o.s.s.w.a.AnonymousAuthenticationFilter - Set SecurityContextHolder to anonymous SecurityContext
2026-09-20 02:46:26 [http-nio-8080-exec-3] [] DEBUG o.s.s.w.a.Http403ForbiddenEntryPoint - Pre-authenticated entry point called. Rejecting access
2026-09-20 02:46:31 [http-nio-8080-exec-1] [] DEBUG o.s.security.web.FilterChainProxy - Securing GET /actuator/prometheus
2026-09-20 02:46:31 [http-nio-8080-exec-1] [] DEBUG o.s.s.w.a.AnonymousAuthenticationFilter - Set SecurityContextHolder to anonymous SecurityContext
2026-09-20 02:46:31 [http-nio-8080-exec-1] [] DEBUG o.s.s.w.a.Http403ForbiddenEntryPoint - Pre-authenticated entry point called. Rejecting access
2026-09-20 02:46:31 [http-nio-8080-exec-1] [] DEBUG o.s.security.web.FilterChainProxy - Securing GET /error
2026-09-20 02:46:31 [http-nio-8080-exec-1] [] DEBUG o.s.s.w.a.AnonymousAuthenticationFilter - Set SecurityContextHolder to anonymous SecurityContext
2026-09-20 02:46:31 [http-nio-8080-exec-1] [] DEBUG o.s.s.w.a.Http403ForbiddenEntryPoint - Pre-authenticated entry point called. Rejecting access
2026-09-20 02:46:36 [http-nio-8080-exec-6] [] DEBUG o.s.security.web.FilterChainProxy - Securing GET /actuator/prometheus
2026-09-20 02:46:36 [http-nio-8080-exec-6] [] DEBUG o.s.s.w.a.AnonymousAuthenticationFilter - Set SecurityContextHolder to anonymous SecurityContext
2026-09-20 02:46:36 [http-nio-8080-exec-6] [] DEBUG o.s.s.w.a.Http403ForbiddenEntryPoint - Pre-authenticated entry point called. Rejecting access
2026-09-20 02:46:36 [http-nio-8080-exec-6] [] DEBUG o.s.security.web.FilterChainProxy - Securing GET /error
2026-09-20 02:46:36 [http-nio-8080-exec-6] [] DEBUG o.s.s.w.a.AnonymousAuthenticationFilter - Set SecurityContextHolder to anonymous SecurityContext
2026-09-20 02:46:36 [http-nio-8080-exec-6] [] DEBUG o.s.s.w.a.Http403ForbiddenEntryPoint - Pre-authenticated entry point called. Rejecting access
2026-09-20 02:46:36 [http-nio-8080-exec-2] [] DEBUG o.s.security.web.FilterChainProxy - Securing GET /api/v1/conferences?search=
2026-09-20 02:46:36 [http-nio-8080-exec-2] [] DEBUG c.j.i.s.JwtAuthenticationFilter - Authenticated user: cccccccc-cccc-cccc-cccc-ccccccccccc1, URI: /api/v1/conferences
2026-09-20 02:46:36 [http-nio-8080-exec-2] [] DEBUG o.s.security.web.FilterChainProxy - Secured GET /api/v1/conferences?search=
2026-09-20 02:46:36 [http-nio-8080-exec-2] [] DEBUG o.s.s.a.m.AuthorizationManagerBeforeMethodInterceptor - Authorizing method invocation ReflectiveMethodInvocation: public org.springframework.http.ResponseEntity com.jmp.api.controller.ConferenceController.listConferences(org.springframework.data.domain.Pageable,java.lang.String,org.springframework.security.core.Authentication); target is of class [com.jmp.api.controller.ConferenceController]
2026-09-20 02:46:36 [http-nio-8080-exec-2] [] DEBUG o.s.s.a.m.AuthorizationManagerBeforeMethodInterceptor - Authorized method invocation ReflectiveMethodInvocation: public org.springframework.http.ResponseEntity com.jmp.api.controller.ConferenceController.listConferences(org.springframework.data.domain.Pageable,java.lang.String,org.springframework.security.core.Authentication); target is of class [com.jmp.api.controller.ConferenceController]
2026-09-20 02:46:36 [http-nio-8080-exec-5] [] DEBUG o.s.security.web.FilterChainProxy - Securing GET /api/v1/conferences?search=
2026-09-20 02:46:36 [http-nio-8080-exec-5] [] DEBUG c.j.i.s.JwtAuthenticationFilter - Authenticated user: cccccccc-cccc-cccc-cccc-ccccccccccc1, URI: /api/v1/conferences
2026-09-20 02:46:36 [http-nio-8080-exec-5] [] DEBUG o.s.security.web.FilterChainProxy - Secured GET /api/v1/conferences?search=
2026-09-20 02:46:36 [http-nio-8080-exec-5] [] DEBUG o.s.s.a.m.AuthorizationManagerBeforeMethodInterceptor - Authorizing method invocation ReflectiveMethodInvocation: public org.springframework.http.ResponseEntity com.jmp.api.controller.ConferenceController.listConferences(org.springframework.data.domain.Pageable,java.lang.String,org.springframework.security.core.Authentication); target is of class [com.jmp.api.controller.ConferenceController]
2026-09-20 02:46:36 [http-nio-8080-exec-5] [] DEBUG o.s.s.a.m.AuthorizationManagerBeforeMethodInterceptor - Authorized method invocation ReflectiveMethodInvocation: public org.springframework.http.ResponseEntity com.jmp.api.controller.ConferenceController.listConferences(org.springframework.data.domain.Pageable,java.lang.String,org.springframework.security.core.Authentication); target is of class [com.jmp.api.controller.ConferenceController]
2026-09-20 02:46:41 [http-nio-8080-exec-4] [] DEBUG o.s.security.web.FilterChainProxy - Securing GET /actuator/prometheus
2026-09-20 02:46:41 [http-nio-8080-exec-4] [] DEBUG o.s.s.w.a.AnonymousAuthenticationFilter - Set SecurityContextHolder to anonymous SecurityContext
2026-09-20 02:46:41 [http-nio-8080-exec-4] [] DEBUG o.s.s.w.a.Http403ForbiddenEntryPoint - Pre-authenticated entry point called. Rejecting access
2026-09-20 02:46:41 [http-nio-8080-exec-4] [] DEBUG o.s.security.web.FilterChainProxy - Securing GET /error
2026-09-20 02:46:41 [http-nio-8080-exec-4] [] DEBUG o.s.s.w.a.AnonymousAuthenticationFilter - Set SecurityContextHolder to anonymous SecurityContext
2026-09-20 02:46:41 [http-nio-8080-exec-4] [] DEBUG o.s.s.w.a.Http403ForbiddenEntryPoint - Pre-authenticated entry point called. Rejecting access
2026-09-20 02:46:46 [http-nio-8080-exec-8] [] DEBUG o.s.security.web.FilterChainProxy - Securing GET /actuator/prometheus
2026-09-20 02:46:46 [http-nio-8080-exec-8] [] DEBUG o.s.s.w.a.AnonymousAuthenticationFilter - Set SecurityContextHolder to anonymous SecurityContext
2026-09-20 02:46:46 [http-nio-8080-exec-8] [] DEBUG o.s.s.w.a.Http403ForbiddenEntryPoint - Pre-authenticated entry point called. Rejecting access
2026-09-20 02:46:46 [http-nio-8080-exec-8] [] DEBUG o.s.security.web.FilterChainProxy - Securing GET /error
2026-09-20 02:46:46 [http-nio-8080-exec-8] [] DEBUG o.s.s.w.a.AnonymousAuthenticationFilter - Set SecurityContextHolder to anonymous SecurityContext
2026-09-20 02:46:46 [http-nio-8080-exec-8] [] DEBUG o.s.s.w.a.Http403ForbiddenEntryPoint - Pre-authenticated entry point called. Rejecting access
2026-09-20 02:46:51 [http-nio-8080-exec-7] [] DEBUG o.s.security.web.FilterChainProxy - Securing GET /actuator/prometheus
2026-09-20 02:46:51 [http-nio-8080-exec-7] [] DEBUG o.s.s.w.a.AnonymousAuthenticationFilter - Set SecurityContextHolder to anonymous SecurityContext
2026-09-20 02:46:51 [http-nio-8080-exec-7] [] DEBUG o.s.s.w.a.Http403ForbiddenEntryPoint - Pre-authenticated entry point called. Rejecting access
2026-09-20 02:46:51 [http-nio-8080-exec-7] [] DEBUG o.s.security.web.FilterChainProxy - Securing GET /error
2026-09-20 02:46:51 [http-nio-8080-exec-7] [] DEBUG o.s.s.w.a.AnonymousAuthenticationFilter - Set SecurityContextHolder to anonymous SecurityContext
2026-09-20 02:46:51 [http-nio-8080-exec-7] [] DEBUG o.s.s.w.a.Http403ForbiddenEntryPoint - Pre-authenticated entry point called. Rejecting access
2026-09-20 02:46:56 [http-nio-8080-exec-9] [] DEBUG o.s.security.web.FilterChainProxy - Securing GET /actuator/prometheus
2026-09-20 02:46:56 [http-nio-8080-exec-9] [] DEBUG o.s.s.w.a.AnonymousAuthenticationFilter - Set SecurityContextHolder to anonymous SecurityContext
2026-09-20 02:46:56 [http-nio-8080-exec-9] [] DEBUG o.s.s.w.a.Http403ForbiddenEntryPoint - Pre-authenticated entry point called. Rejecting access
2026-09-20 02:46:56 [http-nio-8080-exec-9] [] DEBUG o.s.security.web.FilterChainProxy - Securing GET /error
2026-09-20 02:46:56 [http-nio-8080-exec-9] [] DEBUG o.s.s.w.a.AnonymousAuthenticationFilter - Set SecurityContextHolder to anonymous SecurityContext
2026-09-20 02:46:56 [http-nio-8080-exec-9] [] DEBUG o.s.s.w.a.Http403ForbiddenEntryPoint - Pre-authenticated entry point called. Rejecting access
2026-09-20 02:47:01 [http-nio-8080-exec-10] [] DEBUG o.s.security.web.FilterChainProxy - Securing GET /actuator/prometheus
2026-09-20 02:47:01 [http-nio-8080-exec-10] [] DEBUG o.s.s.w.a.AnonymousAuthenticationFilter - Set SecurityContextHolder to anonymous SecurityContext
2026-09-20 02:47:01 [http-nio-8080-exec-10] [] DEBUG o.s.s.w.a.Http403ForbiddenEntryPoint - Pre-authenticated entry point called. Rejecting access
2026-09-20 02:47:01 [http-nio-8080-exec-10] [] DEBUG o.s.security.web.FilterChainProxy - Securing GET /error
2026-09-20 02:47:01 [http-nio-8080-exec-10] [] DEBUG o.s.s.w.a.AnonymousAuthenticationFilter - Set SecurityContextHolder to anonymous SecurityContext
2026-09-20 02:47:01 [http-nio-8080-exec-10] [] DEBUG o.s.s.w.a.Http403ForbiddenEntryPoint - Pre-authenticated entry point called. Rejecting access
2026-09-20 02:47:05 [http-nio-8080-exec-3] [] DEBUG o.s.security.web.FilterChainProxy - Securing GET /api/v1/conferences
2026-09-20 02:47:05 [http-nio-8080-exec-3] [] DEBUG c.j.i.s.JwtAuthenticationFilter - Authenticated user: cccccccc-cccc-cccc-cccc-ccccccccccc1, URI: /api/v1/conferences
2026-09-20 02:47:05 [http-nio-8080-exec-3] [] DEBUG o.s.security.web.FilterChainProxy - Secured GET /api/v1/conferences
2026-09-20 02:47:05 [http-nio-8080-exec-3] [] DEBUG o.s.s.a.m.AuthorizationManagerBeforeMethodInterceptor - Authorizing method invocation ReflectiveMethodInvocation: public org.springframework.http.ResponseEntity com.jmp.api.controller.ConferenceController.listConferences(org.springframework.data.domain.Pageable,java.lang.String,org.springframework.security.core.Authentication); target is of class [com.jmp.api.controller.ConferenceController]
2026-09-20 02:47:05 [http-nio-8080-exec-3] [] DEBUG o.s.s.a.m.AuthorizationManagerBeforeMethodInterceptor - Authorized method invocation ReflectiveMethodInvocation: public org.springframework.http.ResponseEntity com.jmp.api.controller.ConferenceController.listConferences(org.springframework.data.domain.Pageable,java.lang.String,org.springframework.security.core.Authentication); target is of class [com.jmp.api.controller.ConferenceController]
2026-09-20 02:47:06 [http-nio-8080-exec-1] [] DEBUG o.s.security.web.FilterChainProxy - Securing GET /actuator/prometheus
2026-09-20 02:47:06 [http-nio-8080-exec-1] [] DEBUG o.s.s.w.a.AnonymousAuthenticationFilter - Set SecurityContextHolder to anonymous SecurityContext
2026-09-20 02:47:06 [http-nio-8080-exec-1] [] DEBUG o.s.s.w.a.Http403ForbiddenEntryPoint - Pre-authenticated entry point called. Rejecting access
2026-09-20 02:47:06 [http-nio-8080-exec-1] [] DEBUG o.s.security.web.FilterChainProxy - Securing GET /error
2026-09-20 02:47:06 [http-nio-8080-exec-1] [] DEBUG o.s.s.w.a.AnonymousAuthenticationFilter - Set SecurityContextHolder to anonymous SecurityContext
2026-09-20 02:47:06 [http-nio-8080-exec-1] [] DEBUG o.s.s.w.a.Http403ForbiddenEntryPoint - Pre-authenticated entry point called. Rejecting access
2026-09-20 02:47:11 [http-nio-8080-exec-6] [] DEBUG o.s.security.web.FilterChainProxy - Securing GET /actuator/prometheus
2026-09-20 02:47:11 [http-nio-8080-exec-6] [] DEBUG o.s.s.w.a.AnonymousAuthenticationFilter - Set SecurityContextHolder to anonymous SecurityContext
2026-09-20 02:47:11 [http-nio-8080-exec-6] [] DEBUG o.s.s.w.a.Http403ForbiddenEntryPoint - Pre-authenticated entry point called. Rejecting access
2026-09-20 02:47:11 [http-nio-8080-exec-6] [] DEBUG o.s.security.web.FilterChainProxy - Securing GET /error
2026-09-20 02:47:11 [http-nio-8080-exec-6] [] DEBUG o.s.s.w.a.AnonymousAuthenticationFilter - Set SecurityContextHolder to anonymous SecurityContext
2026-09-20 02:47:11 [http-nio-8080-exec-6] [] DEBUG o.s.s.w.a.Http403ForbiddenEntryPoint - Pre-authenticated entry point called. Rejecting access
2026-09-20 02:47:14 [http-nio-8080-exec-2] [] DEBUG o.s.security.web.FilterChainProxy - Securing POST /api/v1/conferences/127b2f36-30e5-452b-9763-e1f30c355160/token
2026-09-20 02:47:14 [http-nio-8080-exec-5] [] DEBUG o.s.security.web.FilterChainProxy - Securing GET /api/v1/conferences?search=
2026-09-20 02:47:14 [http-nio-8080-exec-5] [] DEBUG c.j.i.s.JwtAuthenticationFilter - Authenticated user: cccccccc-cccc-cccc-cccc-ccccccccccc1, URI: /api/v1/conferences
2026-09-20 02:47:14 [http-nio-8080-exec-5] [] DEBUG o.s.security.web.FilterChainProxy - Secured GET /api/v1/conferences?search=
2026-09-20 02:47:14 [http-nio-8080-exec-5] [] DEBUG o.s.s.a.m.AuthorizationManagerBeforeMethodInterceptor - Authorizing method invocation ReflectiveMethodInvocation: public org.springframework.http.ResponseEntity com.jmp.api.controller.ConferenceController.listConferences(org.springframework.data.domain.Pageable,java.lang.String,org.springframework.security.core.Authentication); target is of class [com.jmp.api.controller.ConferenceController]
2026-09-20 02:47:14 [http-nio-8080-exec-5] [] DEBUG o.s.s.a.m.AuthorizationManagerBeforeMethodInterceptor - Authorized method invocation ReflectiveMethodInvocation: public org.springframework.http.ResponseEntity com.jmp.api.controller.ConferenceController.listConferences(org.springframework.data.domain.Pageable,java.lang.String,org.springframework.security.core.Authentication); target is of class [com.jmp.api.controller.ConferenceController]
2026-09-20 02:47:15 [http-nio-8080-exec-2] [] DEBUG c.j.i.s.JwtAuthenticationFilter - Authenticated user: cccccccc-cccc-cccc-cccc-ccccccccccc1, URI: /api/v1/conferences/127b2f36-30e5-452b-9763-e1f30c355160/token
2026-09-20 02:47:15 [http-nio-8080-exec-2] [] DEBUG o.s.security.web.FilterChainProxy - Secured POST /api/v1/conferences/127b2f36-30e5-452b-9763-e1f30c355160/token
2026-09-20 02:47:15 [http-nio-8080-exec-2] [] DEBUG o.s.s.a.m.AuthorizationManagerBeforeMethodInterceptor - Authorizing method invocation ReflectiveMethodInvocation: public org.springframework.http.ResponseEntity com.jmp.api.controller.ConferenceController.generateToken(java.util.UUID,org.springframework.security.core.Authentication); target is of class [com.jmp.api.controller.ConferenceController]
2026-09-20 02:47:15 [http-nio-8080-exec-2] [] DEBUG o.s.s.a.m.AuthorizationManagerBeforeMethodInterceptor - Authorized method invocation ReflectiveMethodInvocation: public org.springframework.http.ResponseEntity com.jmp.api.controller.ConferenceController.generateToken(java.util.UUID,org.springframework.security.core.Authentication); target is of class [com.jmp.api.controller.ConferenceController]
2026-09-20 02:47:15 [http-nio-8080-exec-2] [] DEBUG c.jmp.application.service.JwtService - Generating Jitsi token for conference: 127b2f36-30e5-452b-9763-e1f30c355160, user: cccccccc-cccc-cccc-cccc-ccccccccccc1
2026-09-20 02:47:15 [http-nio-8080-exec-2] [] INFO  c.j.a.service.ConferenceLinkService - Issued a personal Jitsi token for user: cccccccc-cccc-cccc-cccc-ccccccccccc1 in conference: 127b2f36-30e5-452b-9763-e1f30c355160 (moderator)
2026-09-20 02:47:16 [http-nio-8080-exec-4] [] DEBUG o.s.security.web.FilterChainProxy - Securing GET /actuator/prometheus
2026-09-20 02:47:16 [http-nio-8080-exec-4] [] DEBUG o.s.s.w.a.AnonymousAuthenticationFilter - Set SecurityContextHolder to anonymous SecurityContext
2026-09-20 02:47:16 [http-nio-8080-exec-4] [] DEBUG o.s.s.w.a.Http403ForbiddenEntryPoint - Pre-authenticated entry point called. Rejecting access
2026-09-20 02:47:16 [http-nio-8080-exec-4] [] DEBUG o.s.security.web.FilterChainProxy - Securing GET /error
2026-09-20 02:47:16 [http-nio-8080-exec-4] [] DEBUG o.s.s.w.a.AnonymousAuthenticationFilter - Set SecurityContextHolder to anonymous SecurityContext
2026-09-20 02:47:16 [http-nio-8080-exec-4] [] DEBUG o.s.s.w.a.Http403ForbiddenEntryPoint - Pre-authenticated entry point called. Rejecting access
2026-09-20 02:47:21 [http-nio-8080-exec-8] [] DEBUG o.s.security.web.FilterChainProxy - Securing GET /actuator/prometheus
2026-09-20 02:47:21 [http-nio-8080-exec-8] [] DEBUG o.s.s.w.a.AnonymousAuthenticationFilter - Set SecurityContextHolder to anonymous SecurityContext
2026-09-20 02:47:21 [http-nio-8080-exec-8] [] DEBUG o.s.s.w.a.Http403ForbiddenEntryPoint - Pre-authenticated entry point called. Rejecting access
2026-09-20 02:47:21 [http-nio-8080-exec-8] [] DEBUG o.s.security.web.FilterChainProxy - Securing GET /error
2026-09-20 02:47:21 [http-nio-8080-exec-8] [] DEBUG o.s.s.w.a.AnonymousAuthenticationFilter - Set SecurityContextHolder to anonymous SecurityContext
2026-09-20 02:47:21 [http-nio-8080-exec-8] [] DEBUG o.s.s.w.a.Http403ForbiddenEntryPoint - Pre-authenticated entry point called. Rejecting access
2026-09-20 02:47:26 [http-nio-8080-exec-7] [] DEBUG o.s.security.web.FilterChainProxy - Securing GET /actuator/prometheus
2026-09-20 02:47:26 [http-nio-8080-exec-7] [] DEBUG o.s.s.w.a.AnonymousAuthenticationFilter - Set SecurityContextHolder to anonymous SecurityContext
2026-09-20 02:47:26 [http-nio-8080-exec-7] [] DEBUG o.s.s.w.a.Http403ForbiddenEntryPoint - Pre-authenticated entry point called. Rejecting access
2026-09-20 02:47:26 [http-nio-8080-exec-7] [] DEBUG o.s.security.web.FilterChainProxy - Securing GET /error
2026-09-20 02:47:26 [http-nio-8080-exec-7] [] DEBUG o.s.s.w.a.AnonymousAuthenticationFilter - Set SecurityContextHolder to anonymous SecurityContext
2026-09-20 02:47:26 [http-nio-8080-exec-7] [] DEBUG o.s.s.w.a.Http403ForbiddenEntryPoint - Pre-authenticated entry point called. Rejecting access
2026-09-20 02:47:28 [http-nio-8080-exec-9] [] DEBUG o.s.security.web.FilterChainProxy - Securing POST /api/v1/conferences/127b2f36-30e5-452b-9763-e1f30c355160/token
2026-09-20 02:47:28 [http-nio-8080-exec-9] [] DEBUG c.j.i.s.JwtAuthenticationFilter - Authenticated user: cccccccc-cccc-cccc-cccc-ccccccccccc1, URI: /api/v1/conferences/127b2f36-30e5-452b-9763-e1f30c355160/token
2026-09-20 02:47:28 [http-nio-8080-exec-9] [] DEBUG o.s.security.web.FilterChainProxy - Secured POST /api/v1/conferences/127b2f36-30e5-452b-9763-e1f30c355160/token
2026-09-20 02:47:28 [http-nio-8080-exec-9] [] DEBUG o.s.s.a.m.AuthorizationManagerBeforeMethodInterceptor - Authorizing method invocation ReflectiveMethodInvocation: public org.springframework.http.ResponseEntity com.jmp.api.controller.ConferenceController.generateToken(java.util.UUID,org.springframework.security.core.Authentication); target is of class [com.jmp.api.controller.ConferenceController]
2026-09-20 02:47:28 [http-nio-8080-exec-9] [] DEBUG o.s.s.a.m.AuthorizationManagerBeforeMethodInterceptor - Authorized method invocation ReflectiveMethodInvocation: public org.springframework.http.ResponseEntity com.jmp.api.controller.ConferenceController.generateToken(java.util.UUID,org.springframework.security.core.Authentication); target is of class [com.jmp.api.controller.ConferenceController]
2026-09-20 02:47:28 [http-nio-8080-exec-9] [] DEBUG c.jmp.application.service.JwtService - Generating Jitsi token for conference: 127b2f36-30e5-452b-9763-e1f30c355160, user: cccccccc-cccc-cccc-cccc-ccccccccccc1
2026-09-20 02:47:28 [http-nio-8080-exec-9] [] INFO  c.j.a.service.ConferenceLinkService - Issued a personal Jitsi token for user: cccccccc-cccc-cccc-cccc-ccccccccccc1 in conference: 127b2f36-30e5-452b-9763-e1f30c355160 (moderator)
2026-09-20 02:47:31 [http-nio-8080-exec-10] [] DEBUG o.s.security.web.FilterChainProxy - Securing GET /actuator/prometheus
2026-09-20 02:47:31 [http-nio-8080-exec-10] [] DEBUG o.s.s.w.a.AnonymousAuthenticationFilter - Set SecurityContextHolder to anonymous SecurityContext
2026-09-20 02:47:31 [http-nio-8080-exec-10] [] DEBUG o.s.s.w.a.Http403ForbiddenEntryPoint - Pre-authenticated entry point called. Rejecting access
2026-09-20 02:47:31 [http-nio-8080-exec-10] [] DEBUG o.s.security.web.FilterChainProxy - Securing GET /error
2026-09-20 02:47:31 [http-nio-8080-exec-10] [] DEBUG o.s.s.w.a.AnonymousAuthenticationFilter - Set SecurityContextHolder to anonymous SecurityContext
2026-09-20 02:47:31 [http-nio-8080-exec-10] [] DEBUG o.s.s.w.a.Http403ForbiddenEntryPoint - Pre-authenticated entry point called. Rejecting access
2026-09-20 02:47:36 [http-nio-8080-exec-3] [] DEBUG o.s.security.web.FilterChainProxy - Securing GET /actuator/prometheus
2026-09-20 02:47:36 [http-nio-8080-exec-3] [] DEBUG o.s.s.w.a.AnonymousAuthenticationFilter - Set SecurityContextHolder to anonymous SecurityContext
2026-09-20 02:47:36 [http-nio-8080-exec-3] [] DEBUG o.s.s.w.a.Http403ForbiddenEntryPoint - Pre-authenticated entry point called. Rejecting access
2026-09-20 02:47:36 [http-nio-8080-exec-3] [] DEBUG o.s.security.web.FilterChainProxy - Securing GET /error
2026-09-20 02:47:36 [http-nio-8080-exec-3] [] DEBUG o.s.s.w.a.AnonymousAuthenticationFilter - Set SecurityContextHolder to anonymous SecurityContext
2026-09-20 02:47:36 [http-nio-8080-exec-3] [] DEBUG o.s.s.w.a.Http403ForbiddenEntryPoint - Pre-authenticated entry point called. Rejecting access
2026-09-20 02:47:41 [http-nio-8080-exec-1] [] DEBUG o.s.security.web.FilterChainProxy - Securing GET /actuator/prometheus
2026-09-20 02:47:41 [http-nio-8080-exec-1] [] DEBUG o.s.s.w.a.AnonymousAuthenticationFilter - Set SecurityContextHolder to anonymous SecurityContext
2026-09-20 02:47:41 [http-nio-8080-exec-1] [] DEBUG o.s.s.w.a.Http403ForbiddenEntryPoint - Pre-authenticated entry point called. Rejecting access
2026-09-20 02:47:41 [http-nio-8080-exec-1] [] DEBUG o.s.security.web.FilterChainProxy - Securing GET /error
2026-09-20 02:47:41 [http-nio-8080-exec-1] [] DEBUG o.s.s.w.a.AnonymousAuthenticationFilter - Set SecurityContextHolder to anonymous SecurityContext
2026-09-20 02:47:41 [http-nio-8080-exec-1] [] DEBUG o.s.s.w.a.Http403ForbiddenEntryPoint - Pre-authenticated entry point called. Rejecting access
2026-09-20 02:47:45 [http-nio-8080-exec-6] [] DEBUG o.s.security.web.FilterChainProxy - Securing GET /api/v1/conferences/127b2f36-30e5-452b-9763-e1f30c355160
2026-09-20 02:47:45 [http-nio-8080-exec-6] [] DEBUG c.j.i.s.JwtAuthenticationFilter - Authenticated user: cccccccc-cccc-cccc-cccc-ccccccccccc1, URI: /api/v1/conferences/127b2f36-30e5-452b-9763-e1f30c355160
2026-09-20 02:47:45 [http-nio-8080-exec-6] [] DEBUG o.s.security.web.FilterChainProxy - Secured GET /api/v1/conferences/127b2f36-30e5-452b-9763-e1f30c355160
2026-09-20 02:47:45 [http-nio-8080-exec-6] [] DEBUG o.s.s.a.m.AuthorizationManagerBeforeMethodInterceptor - Authorizing method invocation ReflectiveMethodInvocation: public org.springframework.http.ResponseEntity com.jmp.api.controller.ConferenceController.getConference(java.util.UUID,org.springframework.security.core.Authentication); target is of class [com.jmp.api.controller.ConferenceController]
2026-09-20 02:47:45 [http-nio-8080-exec-6] [] DEBUG o.s.s.a.m.AuthorizationManagerBeforeMethodInterceptor - Authorized method invocation ReflectiveMethodInvocation: public org.springframework.http.ResponseEntity com.jmp.api.controller.ConferenceController.getConference(java.util.UUID,org.springframework.security.core.Authentication); target is of class [com.jmp.api.controller.ConferenceController]
2026-09-20 02:47:46 [http-nio-8080-exec-5] [] DEBUG o.s.security.web.FilterChainProxy - Securing GET /actuator/prometheus
2026-09-20 02:47:46 [http-nio-8080-exec-5] [] DEBUG o.s.s.w.a.AnonymousAuthenticationFilter - Set SecurityContextHolder to anonymous SecurityContext
2026-09-20 02:47:46 [http-nio-8080-exec-5] [] DEBUG o.s.s.w.a.Http403ForbiddenEntryPoint - Pre-authenticated entry point called. Rejecting access
2026-09-20 02:47:46 [http-nio-8080-exec-5] [] DEBUG o.s.security.web.FilterChainProxy - Securing GET /error
2026-09-20 02:47:46 [http-nio-8080-exec-5] [] DEBUG o.s.s.w.a.AnonymousAuthenticationFilter - Set SecurityContextHolder to anonymous SecurityContext
2026-09-20 02:47:46 [http-nio-8080-exec-5] [] DEBUG o.s.s.w.a.Http403ForbiddenEntryPoint - Pre-authenticated entry point called. Rejecting access
2026-09-20 02:47:51 [http-nio-8080-exec-2] [] DEBUG o.s.security.web.FilterChainProxy - Securing GET /actuator/prometheus
2026-09-20 02:47:51 [http-nio-8080-exec-2] [] DEBUG o.s.s.w.a.AnonymousAuthenticationFilter - Set SecurityContextHolder to anonymous SecurityContext
2026-09-20 02:47:51 [http-nio-8080-exec-2] [] DEBUG o.s.s.w.a.Http403ForbiddenEntryPoint - Pre-authenticated entry point called. Rejecting access
2026-09-20 02:47:51 [http-nio-8080-exec-2] [] DEBUG o.s.security.web.FilterChainProxy - Securing GET /error
2026-09-20 02:47:51 [http-nio-8080-exec-2] [] DEBUG o.s.s.w.a.AnonymousAuthenticationFilter - Set SecurityContextHolder to anonymous SecurityContext
2026-09-20 02:47:51 [http-nio-8080-exec-2] [] DEBUG o.s.s.w.a.Http403ForbiddenEntryPoint - Pre-authenticated entry point called. Rejecting access
2026-09-20 02:47:56 [http-nio-8080-exec-4] [] DEBUG o.s.security.web.FilterChainProxy - Securing GET /actuator/prometheus
2026-09-20 02:47:56 [http-nio-8080-exec-4] [] DEBUG o.s.s.w.a.AnonymousAuthenticationFilter - Set SecurityContextHolder to anonymous SecurityContext
2026-09-20 02:47:56 [http-nio-8080-exec-4] [] DEBUG o.s.s.w.a.Http403ForbiddenEntryPoint - Pre-authenticated entry point called. Rejecting access
2026-09-20 02:47:56 [http-nio-8080-exec-4] [] DEBUG o.s.security.web.FilterChainProxy - Securing GET /error
2026-09-20 02:47:56 [http-nio-8080-exec-4] [] DEBUG o.s.s.w.a.AnonymousAuthenticationFilter - Set SecurityContextHolder to anonymous SecurityContext
2026-09-20 02:47:56 [http-nio-8080-exec-4] [] DEBUG o.s.s.w.a.Http403ForbiddenEntryPoint - Pre-authenticated entry point called. Rejecting access
2026-09-20 02:48:01 [http-nio-8080-exec-8] [] DEBUG o.s.security.web.FilterChainProxy - Securing GET /actuator/prometheus
2026-09-20 02:48:01 [http-nio-8080-exec-8] [] DEBUG o.s.s.w.a.AnonymousAuthenticationFilter - Set SecurityContextHolder to anonymous SecurityContext
2026-09-20 02:48:01 [http-nio-8080-exec-8] [] DEBUG o.s.s.w.a.Http403ForbiddenEntryPoint - Pre-authenticated entry point called. Rejecting access
2026-09-20 02:48:01 [http-nio-8080-exec-8] [] DEBUG o.s.security.web.FilterChainProxy - Securing GET /error
2026-09-20 02:48:01 [http-nio-8080-exec-8] [] DEBUG o.s.s.w.a.AnonymousAuthenticationFilter - Set SecurityContextHolder to anonymous SecurityContext
2026-09-20 02:48:01 [http-nio-8080-exec-8] [] DEBUG o.s.s.w.a.Http403ForbiddenEntryPoint - Pre-authenticated entry point called. Rejecting access
2026-09-20 02:48:06 [http-nio-8080-exec-7] [] DEBUG o.s.security.web.FilterChainProxy - Securing GET /actuator/prometheus
2026-09-20 02:48:06 [http-nio-8080-exec-7] [] DEBUG o.s.s.w.a.AnonymousAuthenticationFilter - Set SecurityContextHolder to anonymous SecurityContext
2026-09-20 02:48:06 [http-nio-8080-exec-7] [] DEBUG o.s.s.w.a.Http403ForbiddenEntryPoint - Pre-authenticated entry point called. Rejecting access
2026-09-20 02:48:06 [http-nio-8080-exec-7] [] DEBUG o.s.security.web.FilterChainProxy - Securing GET /error
2026-09-20 02:48:06 [http-nio-8080-exec-7] [] DEBUG o.s.s.w.a.AnonymousAuthenticationFilter - Set SecurityContextHolder to anonymous SecurityContext
2026-09-20 02:48:06 [http-nio-8080-exec-7] [] DEBUG o.s.s.w.a.Http403ForbiddenEntryPoint - Pre-authenticated entry point called. Rejecting access
2026-09-20 02:48:11 [http-nio-8080-exec-9] [] DEBUG o.s.security.web.FilterChainProxy - Securing GET /actuator/prometheus
2026-09-20 02:48:11 [http-nio-8080-exec-9] [] DEBUG o.s.s.w.a.AnonymousAuthenticationFilter - Set SecurityContextHolder to anonymous SecurityContext
2026-09-20 02:48:11 [http-nio-8080-exec-9] [] DEBUG o.s.s.w.a.Http403ForbiddenEntryPoint - Pre-authenticated entry point called. Rejecting access
2026-09-20 02:48:11 [http-nio-8080-exec-9] [] DEBUG o.s.security.web.FilterChainProxy - Securing GET /error
2026-09-20 02:48:11 [http-nio-8080-exec-9] [] DEBUG o.s.s.w.a.AnonymousAuthenticationFilter - Set SecurityContextHolder to anonymous SecurityContext
2026-09-20 02:48:11 [http-nio-8080-exec-9] [] DEBUG o.s.s.w.a.Http403ForbiddenEntryPoint - Pre-authenticated entry point called. Rejecting access
2026-09-20 02:48:16 [http-nio-8080-exec-10] [] DEBUG o.s.security.web.FilterChainProxy - Securing GET /actuator/prometheus
2026-09-20 02:48:16 [http-nio-8080-exec-10] [] DEBUG o.s.s.w.a.AnonymousAuthenticationFilter - Set SecurityContextHolder to anonymous SecurityContext
2026-09-20 02:48:16 [http-nio-8080-exec-10] [] DEBUG o.s.s.w.a.Http403ForbiddenEntryPoint - Pre-authenticated entry point called. Rejecting access
2026-09-20 02:48:16 [http-nio-8080-exec-10] [] DEBUG o.s.security.web.FilterChainProxy - Securing GET /error
2026-09-20 02:48:16 [http-nio-8080-exec-10] [] DEBUG o.s.s.w.a.AnonymousAuthenticationFilter - Set SecurityContextHolder to anonymous SecurityContext
2026-09-20 02:48:16 [http-nio-8080-exec-10] [] DEBUG o.s.s.w.a.Http403ForbiddenEntryPoint - Pre-authenticated entry point called. Rejecting access
2026-09-20 02:48:21 [http-nio-8080-exec-3] [] DEBUG o.s.security.web.FilterChainProxy - Securing GET /actuator/prometheus
2026-09-20 02:48:21 [http-nio-8080-exec-3] [] DEBUG o.s.s.w.a.AnonymousAuthenticationFilter - Set SecurityContextHolder to anonymous SecurityContext
2026-09-20 02:48:21 [http-nio-8080-exec-3] [] DEBUG o.s.s.w.a.Http403ForbiddenEntryPoint - Pre-authenticated entry point called. Rejecting access
2026-09-20 02:48:21 [http-nio-8080-exec-3] [] DEBUG o.s.security.web.FilterChainProxy - Securing GET /error
2026-09-20 02:48:21 [http-nio-8080-exec-3] [] DEBUG o.s.s.w.a.AnonymousAuthenticationFilter - Set SecurityContextHolder to anonymous SecurityContext
2026-09-20 02:48:21 [http-nio-8080-exec-3] [] DEBUG o.s.s.w.a.Http403ForbiddenEntryPoint - Pre-authenticated entry point called. Rejecting access
2026-09-20 02:48:26 [http-nio-8080-exec-1] [] DEBUG o.s.security.web.FilterChainProxy - Securing GET /actuator/prometheus
2026-09-20 02:48:26 [http-nio-8080-exec-1] [] DEBUG o.s.s.w.a.AnonymousAuthenticationFilter - Set SecurityContextHolder to anonymous SecurityContext
2026-09-20 02:48:26 [http-nio-8080-exec-1] [] DEBUG o.s.s.w.a.Http403ForbiddenEntryPoint - Pre-authenticated entry point called. Rejecting access
2026-09-20 02:48:26 [http-nio-8080-exec-1] [] DEBUG o.s.security.web.FilterChainProxy - Securing GET /error
2026-09-20 02:48:26 [http-nio-8080-exec-1] [] DEBUG o.s.s.w.a.AnonymousAuthenticationFilter - Set SecurityContextHolder to anonymous SecurityContext
2026-09-20 02:48:26 [http-nio-8080-exec-1] [] DEBUG o.s.s.w.a.Http403ForbiddenEntryPoint - Pre-authenticated entry point called. Rejecting access
2026-09-20 02:48:31 [http-nio-8080-exec-6] [] DEBUG o.s.security.web.FilterChainProxy - Securing GET /actuator/prometheus
2026-09-20 02:48:31 [http-nio-8080-exec-6] [] DEBUG o.s.s.w.a.AnonymousAuthenticationFilter - Set SecurityContextHolder to anonymous SecurityContext
2026-09-20 02:48:31 [http-nio-8080-exec-6] [] DEBUG o.s.s.w.a.Http403ForbiddenEntryPoint - Pre-authenticated entry point called. Rejecting access
2026-09-20 02:48:31 [http-nio-8080-exec-6] [] DEBUG o.s.security.web.FilterChainProxy - Securing GET /error
2026-09-20 02:48:31 [http-nio-8080-exec-6] [] DEBUG o.s.s.w.a.AnonymousAuthenticationFilter - Set SecurityContextHolder to anonymous SecurityContext
2026-09-20 02:48:31 [http-nio-8080-exec-6] [] DEBUG o.s.s.w.a.Http403ForbiddenEntryPoint - Pre-authenticated entry point called. Rejecting access
2026-09-20 02:48:36 [http-nio-8080-exec-5] [] DEBUG o.s.security.web.FilterChainProxy - Securing GET /actuator/prometheus
2026-09-20 02:48:36 [http-nio-8080-exec-5] [] DEBUG o.s.s.w.a.AnonymousAuthenticationFilter - Set SecurityContextHolder to anonymous SecurityContext
2026-09-20 02:48:36 [http-nio-8080-exec-5] [] DEBUG o.s.s.w.a.Http403ForbiddenEntryPoint - Pre-authenticated entry point called. Rejecting access
2026-09-20 02:48:36 [http-nio-8080-exec-5] [] DEBUG o.s.security.web.FilterChainProxy - Securing GET /error
2026-09-20 02:48:36 [http-nio-8080-exec-5] [] DEBUG o.s.s.w.a.AnonymousAuthenticationFilter - Set SecurityContextHolder to anonymous SecurityContext
2026-09-20 02:48:36 [http-nio-8080-exec-5] [] DEBUG o.s.s.w.a.Http403ForbiddenEntryPoint - Pre-authenticated entry point called. Rejecting access
2026-09-20 02:48:41 [http-nio-8080-exec-2] [] DEBUG o.s.security.web.FilterChainProxy - Securing GET /actuator/prometheus
2026-09-20 02:48:41 [http-nio-8080-exec-2] [] DEBUG o.s.s.w.a.AnonymousAuthenticationFilter - Set SecurityContextHolder to anonymous SecurityContext
2026-09-20 02:48:41 [http-nio-8080-exec-2] [] DEBUG o.s.s.w.a.Http403ForbiddenEntryPoint - Pre-authenticated entry point called. Rejecting access
2026-09-20 02:48:41 [http-nio-8080-exec-2] [] DEBUG o.s.security.web.FilterChainProxy - Securing GET /error
2026-09-20 02:48:41 [http-nio-8080-exec-2] [] DEBUG o.s.s.w.a.AnonymousAuthenticationFilter - Set SecurityContextHolder to anonymous SecurityContext
2026-09-20 02:48:41 [http-nio-8080-exec-2] [] DEBUG o.s.s.w.a.Http403ForbiddenEntryPoint - Pre-authenticated entry point called. Rejecting access
2026-09-20 02:48:46 [http-nio-8080-exec-4] [] DEBUG o.s.security.web.FilterChainProxy - Securing GET /actuator/prometheus
2026-09-20 02:48:46 [http-nio-8080-exec-4] [] DEBUG o.s.s.w.a.AnonymousAuthenticationFilter - Set SecurityContextHolder to anonymous SecurityContext
2026-09-20 02:48:46 [http-nio-8080-exec-4] [] DEBUG o.s.s.w.a.Http403ForbiddenEntryPoint - Pre-authenticated entry point called. Rejecting access
2026-09-20 02:48:46 [http-nio-8080-exec-4] [] DEBUG o.s.security.web.FilterChainProxy - Securing GET /error
2026-09-20 02:48:46 [http-nio-8080-exec-4] [] DEBUG o.s.s.w.a.AnonymousAuthenticationFilter - Set SecurityContextHolder to anonymous SecurityContext
2026-09-20 02:48:46 [http-nio-8080-exec-4] [] DEBUG o.s.s.w.a.Http403ForbiddenEntryPoint - Pre-authenticated entry point called. Rejecting access
2026-09-20 02:48:51 [http-nio-8080-exec-8] [] DEBUG o.s.security.web.FilterChainProxy - Securing GET /actuator/prometheus
2026-09-20 02:48:51 [http-nio-8080-exec-8] [] DEBUG o.s.s.w.a.AnonymousAuthenticationFilter - Set SecurityContextHolder to anonymous SecurityContext
2026-09-20 02:48:51 [http-nio-8080-exec-8] [] DEBUG o.s.s.w.a.Http403ForbiddenEntryPoint - Pre-authenticated entry point called. Rejecting access
2026-09-20 02:48:51 [http-nio-8080-exec-8] [] DEBUG o.s.security.web.FilterChainProxy - Securing GET /error
2026-09-20 02:48:51 [http-nio-8080-exec-8] [] DEBUG o.s.s.w.a.AnonymousAuthenticationFilter - Set SecurityContextHolder to anonymous SecurityContext
2026-09-20 02:48:51 [http-nio-8080-exec-8] [] DEBUG o.s.s.w.a.Http403ForbiddenEntryPoint - Pre-authenticated entry point called. Rejecting access
2026-09-20 02:48:56 [http-nio-8080-exec-7] [] DEBUG o.s.security.web.FilterChainProxy - Securing GET /actuator/prometheus
2026-09-20 02:48:56 [http-nio-8080-exec-7] [] DEBUG o.s.s.w.a.AnonymousAuthenticationFilter - Set SecurityContextHolder to anonymous SecurityContext
2026-09-20 02:48:56 [http-nio-8080-exec-7] [] DEBUG o.s.s.w.a.Http403ForbiddenEntryPoint - Pre-authenticated entry point called. Rejecting access
2026-09-20 02:48:56 [http-nio-8080-exec-7] [] DEBUG o.s.security.web.FilterChainProxy - Securing GET /error
2026-09-20 02:48:56 [http-nio-8080-exec-7] [] DEBUG o.s.s.w.a.AnonymousAuthenticationFilter - Set SecurityContextHolder to anonymous SecurityContext
2026-09-20 02:48:56 [http-nio-8080-exec-7] [] DEBUG o.s.s.w.a.Http403ForbiddenEntryPoint - Pre-authenticated entry point called. Rejecting access
2026-09-20 02:49:01 [http-nio-8080-exec-9] [] DEBUG o.s.security.web.FilterChainProxy - Securing GET /actuator/prometheus
2026-09-20 02:49:01 [http-nio-8080-exec-9] [] DEBUG o.s.s.w.a.AnonymousAuthenticationFilter - Set SecurityContextHolder to anonymous SecurityContext
2026-09-20 02:49:01 [http-nio-8080-exec-9] [] DEBUG o.s.s.w.a.Http403ForbiddenEntryPoint - Pre-authenticated entry point called. Rejecting access
2026-09-20 02:49:01 [http-nio-8080-exec-9] [] DEBUG o.s.security.web.FilterChainProxy - Securing GET /error
2026-09-20 02:49:01 [http-nio-8080-exec-9] [] DEBUG o.s.s.w.a.AnonymousAuthenticationFilter - Set SecurityContextHolder to anonymous SecurityContext
2026-09-20 02:49:01 [http-nio-8080-exec-9] [] DEBUG o.s.s.w.a.Http403ForbiddenEntryPoint - Pre-authenticated entry point called. Rejecting access
2026-09-20 02:49:06 [http-nio-8080-exec-10] [] DEBUG o.s.security.web.FilterChainProxy - Securing GET /actuator/prometheus
2026-09-20 02:49:06 [http-nio-8080-exec-10] [] DEBUG o.s.s.w.a.AnonymousAuthenticationFilter - Set SecurityContextHolder to anonymous SecurityContext
2026-09-20 02:49:06 [http-nio-8080-exec-10] [] DEBUG o.s.s.w.a.Http403ForbiddenEntryPoint - Pre-authenticated entry point called. Rejecting access
2026-09-20 02:49:06 [http-nio-8080-exec-10] [] DEBUG o.s.security.web.FilterChainProxy - Securing GET /error
2026-09-20 02:49:06 [http-nio-8080-exec-10] [] DEBUG o.s.s.w.a.AnonymousAuthenticationFilter - Set SecurityContextHolder to anonymous SecurityContext
2026-09-20 02:49:06 [http-nio-8080-exec-10] [] DEBUG o.s.s.w.a.Http403ForbiddenEntryPoint - Pre-authenticated entry point called. Rejecting access
2026-09-20 02:49:11 [http-nio-8080-exec-3] [] DEBUG o.s.security.web.FilterChainProxy - Securing GET /actuator/prometheus
2026-09-20 02:49:11 [http-nio-8080-exec-3] [] DEBUG o.s.s.w.a.AnonymousAuthenticationFilter - Set SecurityContextHolder to anonymous SecurityContext
2026-09-20 02:49:11 [http-nio-8080-exec-3] [] DEBUG o.s.s.w.a.Http403ForbiddenEntryPoint - Pre-authenticated entry point called. Rejecting access
2026-09-20 02:49:11 [http-nio-8080-exec-3] [] DEBUG o.s.security.web.FilterChainProxy - Securing GET /error
2026-09-20 02:49:11 [http-nio-8080-exec-3] [] DEBUG o.s.s.w.a.AnonymousAuthenticationFilter - Set SecurityContextHolder to anonymous SecurityContext
2026-09-20 02:49:11 [http-nio-8080-exec-3] [] DEBUG o.s.s.w.a.Http403ForbiddenEntryPoint - Pre-authenticated entry point called. Rejecting access
2026-09-20 02:49:16 [http-nio-8080-exec-1] [] DEBUG o.s.security.web.FilterChainProxy - Securing GET /actuator/prometheus
2026-09-20 02:49:16 [http-nio-8080-exec-1] [] DEBUG o.s.s.w.a.AnonymousAuthenticationFilter - Set SecurityContextHolder to anonymous SecurityContext
2026-09-20 02:49:16 [http-nio-8080-exec-1] [] DEBUG o.s.s.w.a.Http403ForbiddenEntryPoint - Pre-authenticated entry point called. Rejecting access
2026-09-20 02:49:16 [http-nio-8080-exec-1] [] DEBUG o.s.security.web.FilterChainProxy - Securing GET /error
2026-09-20 02:49:16 [http-nio-8080-exec-1] [] DEBUG o.s.s.w.a.AnonymousAuthenticationFilter - Set SecurityContextHolder to anonymous SecurityContext
2026-09-20 02:49:16 [http-nio-8080-exec-1] [] DEBUG o.s.s.w.a.Http403ForbiddenEntryPoint - Pre-authenticated entry point called. Rejecting access
2026-09-20 02:49:21 [http-nio-8080-exec-6] [] DEBUG o.s.security.web.FilterChainProxy - Securing GET /actuator/prometheus
2026-09-20 02:49:21 [http-nio-8080-exec-6] [] DEBUG o.s.s.w.a.AnonymousAuthenticationFilter - Set SecurityContextHolder to anonymous SecurityContext
2026-09-20 02:49:21 [http-nio-8080-exec-6] [] DEBUG o.s.s.w.a.Http403ForbiddenEntryPoint - Pre-authenticated entry point called. Rejecting access
2026-09-20 02:49:21 [http-nio-8080-exec-6] [] DEBUG o.s.security.web.FilterChainProxy - Securing GET /error
2026-09-20 02:49:21 [http-nio-8080-exec-6] [] DEBUG o.s.s.w.a.AnonymousAuthenticationFilter - Set SecurityContextHolder to anonymous SecurityContext
2026-09-20 02:49:21 [http-nio-8080-exec-6] [] DEBUG o.s.s.w.a.Http403ForbiddenEntryPoint - Pre-authenticated entry point called. Rejecting access
2026-09-20 02:49:26 [http-nio-8080-exec-5] [] DEBUG o.s.security.web.FilterChainProxy - Securing GET /actuator/prometheus
2026-09-20 02:49:26 [http-nio-8080-exec-5] [] DEBUG o.s.s.w.a.AnonymousAuthenticationFilter - Set SecurityContextHolder to anonymous SecurityContext
2026-09-20 02:49:26 [http-nio-8080-exec-5] [] DEBUG o.s.s.w.a.Http403ForbiddenEntryPoint - Pre-authenticated entry point called. Rejecting access
2026-09-20 02:49:26 [http-nio-8080-exec-5] [] DEBUG o.s.security.web.FilterChainProxy - Securing GET /error
2026-09-20 02:49:26 [http-nio-8080-exec-5] [] DEBUG o.s.s.w.a.AnonymousAuthenticationFilter - Set SecurityContextHolder to anonymous SecurityContext
2026-09-20 02:49:26 [http-nio-8080-exec-5] [] DEBUG o.s.s.w.a.Http403ForbiddenEntryPoint - Pre-authenticated entry point called. Rejecting access
2026-09-20 02:49:31 [http-nio-8080-exec-2] [] DEBUG o.s.security.web.FilterChainProxy - Securing GET /actuator/prometheus
2026-09-20 02:49:31 [http-nio-8080-exec-2] [] DEBUG o.s.s.w.a.AnonymousAuthenticationFilter - Set SecurityContextHolder to anonymous SecurityContext
2026-09-20 02:49:31 [http-nio-8080-exec-2] [] DEBUG o.s.s.w.a.Http403ForbiddenEntryPoint - Pre-authenticated entry point called. Rejecting access
2026-09-20 02:49:31 [http-nio-8080-exec-2] [] DEBUG o.s.security.web.FilterChainProxy - Securing GET /error
2026-09-20 02:49:31 [http-nio-8080-exec-2] [] DEBUG o.s.s.w.a.AnonymousAuthenticationFilter - Set SecurityContextHolder to anonymous SecurityContext
2026-09-20 02:49:31 [http-nio-8080-exec-2] [] DEBUG o.s.s.w.a.Http403ForbiddenEntryPoint - Pre-authenticated entry point called. Rejecting access
2026-09-20 02:49:36 [http-nio-8080-exec-4] [] DEBUG o.s.security.web.FilterChainProxy - Securing GET /actuator/prometheus
2026-09-20 02:49:36 [http-nio-8080-exec-4] [] DEBUG o.s.s.w.a.AnonymousAuthenticationFilter - Set SecurityContextHolder to anonymous SecurityContext
2026-09-20 02:49:36 [http-nio-8080-exec-4] [] DEBUG o.s.s.w.a.Http403ForbiddenEntryPoint - Pre-authenticated entry point called. Rejecting access
2026-09-20 02:49:36 [http-nio-8080-exec-4] [] DEBUG o.s.security.web.FilterChainProxy - Securing GET /error
2026-09-20 02:49:36 [http-nio-8080-exec-4] [] DEBUG o.s.s.w.a.AnonymousAuthenticationFilter - Set SecurityContextHolder to anonymous SecurityContext
2026-09-20 02:49:36 [http-nio-8080-exec-4] [] DEBUG o.s.s.w.a.Http403ForbiddenEntryPoint - Pre-authenticated entry point called. Rejecting access
2026-09-20 02:49:41 [http-nio-8080-exec-8] [] DEBUG o.s.security.web.FilterChainProxy - Securing GET /actuator/prometheus
2026-09-20 02:49:41 [http-nio-8080-exec-8] [] DEBUG o.s.s.w.a.AnonymousAuthenticationFilter - Set SecurityContextHolder to anonymous SecurityContext
2026-09-20 02:49:41 [http-nio-8080-exec-8] [] DEBUG o.s.s.w.a.Http403ForbiddenEntryPoint - Pre-authenticated entry point called. Rejecting access
2026-09-20 02:49:41 [http-nio-8080-exec-8] [] DEBUG o.s.security.web.FilterChainProxy - Securing GET /error
2026-09-20 02:49:41 [http-nio-8080-exec-8] [] DEBUG o.s.s.w.a.AnonymousAuthenticationFilter - Set SecurityContextHolder to anonymous SecurityContext
2026-09-20 02:49:41 [http-nio-8080-exec-8] [] DEBUG o.s.s.w.a.Http403ForbiddenEntryPoint - Pre-authenticated entry point called. Rejecting access
2026-09-20 02:49:46 [http-nio-8080-exec-7] [] DEBUG o.s.security.web.FilterChainProxy - Securing GET /actuator/prometheus
2026-09-20 02:49:46 [http-nio-8080-exec-7] [] DEBUG o.s.s.w.a.AnonymousAuthenticationFilter - Set SecurityContextHolder to anonymous SecurityContext
2026-09-20 02:49:46 [http-nio-8080-exec-7] [] DEBUG o.s.s.w.a.Http403ForbiddenEntryPoint - Pre-authenticated entry point called. Rejecting access
2026-09-20 02:49:46 [http-nio-8080-exec-7] [] DEBUG o.s.security.web.FilterChainProxy - Securing GET /error
2026-09-20 02:49:46 [http-nio-8080-exec-7] [] DEBUG o.s.s.w.a.AnonymousAuthenticationFilter - Set SecurityContextHolder to anonymous SecurityContext
2026-09-20 02:49:46 [http-nio-8080-exec-7] [] DEBUG o.s.s.w.a.Http403ForbiddenEntryPoint - Pre-authenticated entry point called. Rejecting access
2026-09-20 02:49:51 [http-nio-8080-exec-9] [] DEBUG o.s.security.web.FilterChainProxy - Securing GET /actuator/prometheus
2026-09-20 02:49:51 [http-nio-8080-exec-9] [] DEBUG o.s.s.w.a.AnonymousAuthenticationFilter - Set SecurityContextHolder to anonymous SecurityContext
2026-09-20 02:49:51 [http-nio-8080-exec-9] [] DEBUG o.s.s.w.a.Http403ForbiddenEntryPoint - Pre-authenticated entry point called. Rejecting access
2026-09-20 02:49:51 [http-nio-8080-exec-9] [] DEBUG o.s.security.web.FilterChainProxy - Securing GET /error
2026-09-20 02:49:51 [http-nio-8080-exec-9] [] DEBUG o.s.s.w.a.AnonymousAuthenticationFilter - Set SecurityContextHolder to anonymous SecurityContext
2026-09-20 02:49:51 [http-nio-8080-exec-9] [] DEBUG o.s.s.w.a.Http403ForbiddenEntryPoint - Pre-authenticated entry point called. Rejecting access
2026-09-20 02:49:56 [http-nio-8080-exec-10] [] DEBUG o.s.security.web.FilterChainProxy - Securing GET /actuator/prometheus
2026-09-20 02:49:56 [http-nio-8080-exec-10] [] DEBUG o.s.s.w.a.AnonymousAuthenticationFilter - Set SecurityContextHolder to anonymous SecurityContext
2026-09-20 02:49:56 [http-nio-8080-exec-10] [] DEBUG o.s.s.w.a.Http403ForbiddenEntryPoint - Pre-authenticated entry point called. Rejecting access
2026-09-20 02:49:56 [http-nio-8080-exec-10] [] DEBUG o.s.security.web.FilterChainProxy - Securing GET /error
2026-09-20 02:49:56 [http-nio-8080-exec-10] [] DEBUG o.s.s.w.a.AnonymousAuthenticationFilter - Set SecurityContextHolder to anonymous SecurityContext
2026-09-20 02:49:56 [http-nio-8080-exec-10] [] DEBUG o.s.s.w.a.Http403ForbiddenEntryPoint - Pre-authenticated entry point called. Rejecting access
2026-09-20 02:50:01 [http-nio-8080-exec-3] [] DEBUG o.s.security.web.FilterChainProxy - Securing GET /actuator/prometheus
2026-09-20 02:50:01 [http-nio-8080-exec-3] [] DEBUG o.s.s.w.a.AnonymousAuthenticationFilter - Set SecurityContextHolder to anonymous SecurityContext
2026-09-20 02:50:01 [http-nio-8080-exec-3] [] DEBUG o.s.s.w.a.Http403ForbiddenEntryPoint - Pre-authenticated entry point called. Rejecting access
2026-09-20 02:50:01 [http-nio-8080-exec-3] [] DEBUG o.s.security.web.FilterChainProxy - Securing GET /error
2026-09-20 02:50:01 [http-nio-8080-exec-3] [] DEBUG o.s.s.w.a.AnonymousAuthenticationFilter - Set SecurityContextHolder to anonymous SecurityContext
2026-09-20 02:50:01 [http-nio-8080-exec-3] [] DEBUG o.s.s.w.a.Http403ForbiddenEntryPoint - Pre-authenticated entry point called. Rejecting access
2026-09-20 02:50:06 [http-nio-8080-exec-1] [] DEBUG o.s.security.web.FilterChainProxy - Securing GET /actuator/prometheus
2026-09-20 02:50:06 [http-nio-8080-exec-1] [] DEBUG o.s.s.w.a.AnonymousAuthenticationFilter - Set SecurityContextHolder to anonymous SecurityContext
2026-09-20 02:50:06 [http-nio-8080-exec-1] [] DEBUG o.s.s.w.a.Http403ForbiddenEntryPoint - Pre-authenticated entry point called. Rejecting access
2026-09-20 02:50:06 [http-nio-8080-exec-1] [] DEBUG o.s.security.web.FilterChainProxy - Securing GET /error
2026-09-20 02:50:06 [http-nio-8080-exec-1] [] DEBUG o.s.s.w.a.AnonymousAuthenticationFilter - Set SecurityContextHolder to anonymous SecurityContext
2026-09-20 02:50:06 [http-nio-8080-exec-1] [] DEBUG o.s.s.w.a.Http403ForbiddenEntryPoint - Pre-authenticated entry point called. Rejecting access
2026-09-20 02:50:11 [http-nio-8080-exec-6] [] DEBUG o.s.security.web.FilterChainProxy - Securing GET /actuator/prometheus
2026-09-20 02:50:11 [http-nio-8080-exec-6] [] DEBUG o.s.s.w.a.AnonymousAuthenticationFilter - Set SecurityContextHolder to anonymous SecurityContext
2026-09-20 02:50:11 [http-nio-8080-exec-6] [] DEBUG o.s.s.w.a.Http403ForbiddenEntryPoint - Pre-authenticated entry point called. Rejecting access
2026-09-20 02:50:11 [http-nio-8080-exec-6] [] DEBUG o.s.security.web.FilterChainProxy - Securing GET /error
2026-09-20 02:50:11 [http-nio-8080-exec-6] [] DEBUG o.s.s.w.a.AnonymousAuthenticationFilter - Set SecurityContextHolder to anonymous SecurityContext
2026-09-20 02:50:11 [http-nio-8080-exec-6] [] DEBUG o.s.s.w.a.Http403ForbiddenEntryPoint - Pre-authenticated entry point called. Rejecting access
2026-09-20 02:50:16 [http-nio-8080-exec-5] [] DEBUG o.s.security.web.FilterChainProxy - Securing GET /actuator/prometheus
2026-09-20 02:50:16 [http-nio-8080-exec-5] [] DEBUG o.s.s.w.a.AnonymousAuthenticationFilter - Set SecurityContextHolder to anonymous SecurityContext
2026-09-20 02:50:16 [http-nio-8080-exec-5] [] DEBUG o.s.s.w.a.Http403ForbiddenEntryPoint - Pre-authenticated entry point called. Rejecting access
2026-09-20 02:50:16 [http-nio-8080-exec-5] [] DEBUG o.s.security.web.FilterChainProxy - Securing GET /error
2026-09-20 02:50:16 [http-nio-8080-exec-5] [] DEBUG o.s.s.w.a.AnonymousAuthenticationFilter - Set SecurityContextHolder to anonymous SecurityContext
2026-09-20 02:50:16 [http-nio-8080-exec-5] [] DEBUG o.s.s.w.a.Http403ForbiddenEntryPoint - Pre-authenticated entry point called. Rejecting access
2026-09-20 02:50:21 [http-nio-8080-exec-2] [] DEBUG o.s.security.web.FilterChainProxy - Securing GET /actuator/prometheus
2026-09-20 02:50:21 [http-nio-8080-exec-2] [] DEBUG o.s.s.w.a.AnonymousAuthenticationFilter - Set SecurityContextHolder to anonymous SecurityContext
2026-09-20 02:50:21 [http-nio-8080-exec-2] [] DEBUG o.s.s.w.a.Http403ForbiddenEntryPoint - Pre-authenticated entry point called. Rejecting access
2026-09-20 02:50:21 [http-nio-8080-exec-2] [] DEBUG o.s.security.web.FilterChainProxy - Securing GET /error
2026-09-20 02:50:21 [http-nio-8080-exec-2] [] DEBUG o.s.s.w.a.AnonymousAuthenticationFilter - Set SecurityContextHolder to anonymous SecurityContext
2026-09-20 02:50:21 [http-nio-8080-exec-2] [] DEBUG o.s.s.w.a.Http403ForbiddenEntryPoint - Pre-authenticated entry point called. Rejecting access
2026-09-20 02:50:26 [http-nio-8080-exec-4] [] DEBUG o.s.security.web.FilterChainProxy - Securing GET /actuator/prometheus
2026-09-20 02:50:26 [http-nio-8080-exec-4] [] DEBUG o.s.s.w.a.AnonymousAuthenticationFilter - Set SecurityContextHolder to anonymous SecurityContext
2026-09-20 02:50:26 [http-nio-8080-exec-4] [] DEBUG o.s.s.w.a.Http403ForbiddenEntryPoint - Pre-authenticated entry point called. Rejecting access
2026-09-20 02:50:26 [http-nio-8080-exec-4] [] DEBUG o.s.security.web.FilterChainProxy - Securing GET /error
2026-09-20 02:50:26 [http-nio-8080-exec-4] [] DEBUG o.s.s.w.a.AnonymousAuthenticationFilter - Set SecurityContextHolder to anonymous SecurityContext
2026-09-20 02:50:26 [http-nio-8080-exec-4] [] DEBUG o.s.s.w.a.Http403ForbiddenEntryPoint - Pre-authenticated entry point called. Rejecting access
2026-09-20 02:50:31 [http-nio-8080-exec-8] [] DEBUG o.s.security.web.FilterChainProxy - Securing GET /actuator/prometheus
2026-09-20 02:50:31 [http-nio-8080-exec-8] [] DEBUG o.s.s.w.a.AnonymousAuthenticationFilter - Set SecurityContextHolder to anonymous SecurityContext
2026-09-20 02:50:31 [http-nio-8080-exec-8] [] DEBUG o.s.s.w.a.Http403ForbiddenEntryPoint - Pre-authenticated entry point called. Rejecting access
2026-09-20 02:50:31 [http-nio-8080-exec-8] [] DEBUG o.s.security.web.FilterChainProxy - Securing GET /error
2026-09-20 02:50:31 [http-nio-8080-exec-8] [] DEBUG o.s.s.w.a.AnonymousAuthenticationFilter - Set SecurityContextHolder to anonymous SecurityContext
2026-09-20 02:50:31 [http-nio-8080-exec-8] [] DEBUG o.s.s.w.a.Http403ForbiddenEntryPoint - Pre-authenticated entry point called. Rejecting access
2026-09-20 02:50:36 [http-nio-8080-exec-7] [] DEBUG o.s.security.web.FilterChainProxy - Securing GET /actuator/prometheus
2026-09-20 02:50:36 [http-nio-8080-exec-7] [] DEBUG o.s.s.w.a.AnonymousAuthenticationFilter - Set SecurityContextHolder to anonymous SecurityContext
2026-09-20 02:50:36 [http-nio-8080-exec-7] [] DEBUG o.s.s.w.a.Http403ForbiddenEntryPoint - Pre-authenticated entry point called. Rejecting access
2026-09-20 02:50:36 [http-nio-8080-exec-7] [] DEBUG o.s.security.web.FilterChainProxy - Securing GET /error
2026-09-20 02:50:36 [http-nio-8080-exec-7] [] DEBUG o.s.s.w.a.AnonymousAuthenticationFilter - Set SecurityContextHolder to anonymous SecurityContext
2026-09-20 02:50:36 [http-nio-8080-exec-7] [] DEBUG o.s.s.w.a.Http403ForbiddenEntryPoint - Pre-authenticated entry point called. Rejecting access
2026-09-20 02:50:41 [http-nio-8080-exec-9] [] DEBUG o.s.security.web.FilterChainProxy - Securing GET /actuator/prometheus
2026-09-20 02:50:41 [http-nio-8080-exec-9] [] DEBUG o.s.s.w.a.AnonymousAuthenticationFilter - Set SecurityContextHolder to anonymous SecurityContext
2026-09-20 02:50:41 [http-nio-8080-exec-9] [] DEBUG o.s.s.w.a.Http403ForbiddenEntryPoint - Pre-authenticated entry point called. Rejecting access
2026-09-20 02:50:41 [http-nio-8080-exec-9] [] DEBUG o.s.security.web.FilterChainProxy - Securing GET /error
2026-09-20 02:50:41 [http-nio-8080-exec-9] [] DEBUG o.s.s.w.a.AnonymousAuthenticationFilter - Set SecurityContextHolder to anonymous SecurityContext
2026-09-20 02:50:41 [http-nio-8080-exec-9] [] DEBUG o.s.s.w.a.Http403ForbiddenEntryPoint - Pre-authenticated entry point called. Rejecting access
2026-09-20 02:50:46 [http-nio-8080-exec-10] [] DEBUG o.s.security.web.FilterChainProxy - Securing GET /actuator/prometheus
2026-09-20 02:50:46 [http-nio-8080-exec-10] [] DEBUG o.s.s.w.a.AnonymousAuthenticationFilter - Set SecurityContextHolder to anonymous SecurityContext
2026-09-20 02:50:46 [http-nio-8080-exec-10] [] DEBUG o.s.s.w.a.Http403ForbiddenEntryPoint - Pre-authenticated entry point called. Rejecting access
2026-09-20 02:50:46 [http-nio-8080-exec-10] [] DEBUG o.s.security.web.FilterChainProxy - Securing GET /error
2026-09-20 02:50:46 [http-nio-8080-exec-10] [] DEBUG o.s.s.w.a.AnonymousAuthenticationFilter - Set SecurityContextHolder to anonymous SecurityContext
2026-09-20 02:50:46 [http-nio-8080-exec-10] [] DEBUG o.s.s.w.a.Http403ForbiddenEntryPoint - Pre-authenticated entry point called. Rejecting access
2026-09-20 02:50:51 [http-nio-8080-exec-3] [] DEBUG o.s.security.web.FilterChainProxy - Securing GET /actuator/prometheus
2026-09-20 02:50:51 [http-nio-8080-exec-3] [] DEBUG o.s.s.w.a.AnonymousAuthenticationFilter - Set SecurityContextHolder to anonymous SecurityContext
2026-09-20 02:50:51 [http-nio-8080-exec-3] [] DEBUG o.s.s.w.a.Http403ForbiddenEntryPoint - Pre-authenticated entry point called. Rejecting access
2026-09-20 02:50:51 [http-nio-8080-exec-3] [] DEBUG o.s.security.web.FilterChainProxy - Securing GET /error
2026-09-20 02:50:51 [http-nio-8080-exec-3] [] DEBUG o.s.s.w.a.AnonymousAuthenticationFilter - Set SecurityContextHolder to anonymous SecurityContext
2026-09-20 02:50:51 [http-nio-8080-exec-3] [] DEBUG o.s.s.w.a.Http403ForbiddenEntryPoint - Pre-authenticated entry point called. Rejecting access
2026-09-20 02:50:56 [http-nio-8080-exec-1] [] DEBUG o.s.security.web.FilterChainProxy - Securing GET /actuator/prometheus
2026-09-20 02:50:56 [http-nio-8080-exec-1] [] DEBUG o.s.s.w.a.AnonymousAuthenticationFilter - Set SecurityContextHolder to anonymous SecurityContext
2026-09-20 02:50:56 [http-nio-8080-exec-1] [] DEBUG o.s.s.w.a.Http403ForbiddenEntryPoint - Pre-authenticated entry point called. Rejecting access
2026-09-20 02:50:56 [http-nio-8080-exec-1] [] DEBUG o.s.security.web.FilterChainProxy - Securing GET /error
2026-09-20 02:50:56 [http-nio-8080-exec-1] [] DEBUG o.s.s.w.a.AnonymousAuthenticationFilter - Set SecurityContextHolder to anonymous SecurityContext
2026-09-20 02:50:56 [http-nio-8080-exec-1] [] DEBUG o.s.s.w.a.Http403ForbiddenEntryPoint - Pre-authenticated entry point called. Rejecting access
2026-09-20 02:51:01 [http-nio-8080-exec-6] [] DEBUG o.s.security.web.FilterChainProxy - Securing GET /actuator/prometheus
2026-09-20 02:51:01 [http-nio-8080-exec-6] [] DEBUG o.s.s.w.a.AnonymousAuthenticationFilter - Set SecurityContextHolder to anonymous SecurityContext
2026-09-20 02:51:01 [http-nio-8080-exec-6] [] DEBUG o.s.s.w.a.Http403ForbiddenEntryPoint - Pre-authenticated entry point called. Rejecting access
2026-09-20 02:51:01 [http-nio-8080-exec-6] [] DEBUG o.s.security.web.FilterChainProxy - Securing GET /error
2026-09-20 02:51:01 [http-nio-8080-exec-6] [] DEBUG o.s.s.w.a.AnonymousAuthenticationFilter - Set SecurityContextHolder to anonymous SecurityContext
2026-09-20 02:51:01 [http-nio-8080-exec-6] [] DEBUG o.s.s.w.a.Http403ForbiddenEntryPoint - Pre-authenticated entry point called. Rejecting access
2026-09-20 02:51:06 [http-nio-8080-exec-5] [] DEBUG o.s.security.web.FilterChainProxy - Securing GET /actuator/prometheus
2026-09-20 02:51:06 [http-nio-8080-exec-5] [] DEBUG o.s.s.w.a.AnonymousAuthenticationFilter - Set SecurityContextHolder to anonymous SecurityContext
2026-09-20 02:51:06 [http-nio-8080-exec-5] [] DEBUG o.s.s.w.a.Http403ForbiddenEntryPoint - Pre-authenticated entry point called. Rejecting access
2026-09-20 02:51:06 [http-nio-8080-exec-5] [] DEBUG o.s.security.web.FilterChainProxy - Securing GET /error
2026-09-20 02:51:06 [http-nio-8080-exec-5] [] DEBUG o.s.s.w.a.AnonymousAuthenticationFilter - Set SecurityContextHolder to anonymous SecurityContext
2026-09-20 02:51:06 [http-nio-8080-exec-5] [] DEBUG o.s.s.w.a.Http403ForbiddenEntryPoint - Pre-authenticated entry point called. Rejecting access
2026-09-20 02:51:11 [http-nio-8080-exec-2] [] DEBUG o.s.security.web.FilterChainProxy - Securing GET /actuator/prometheus
2026-09-20 02:51:11 [http-nio-8080-exec-2] [] DEBUG o.s.s.w.a.AnonymousAuthenticationFilter - Set SecurityContextHolder to anonymous SecurityContext
2026-09-20 02:51:11 [http-nio-8080-exec-2] [] DEBUG o.s.s.w.a.Http403ForbiddenEntryPoint - Pre-authenticated entry point called. Rejecting access
2026-09-20 02:51:11 [http-nio-8080-exec-2] [] DEBUG o.s.security.web.FilterChainProxy - Securing GET /error
2026-09-20 02:51:11 [http-nio-8080-exec-2] [] DEBUG o.s.s.w.a.AnonymousAuthenticationFilter - Set SecurityContextHolder to anonymous SecurityContext
2026-09-20 02:51:11 [http-nio-8080-exec-2] [] DEBUG o.s.s.w.a.Http403ForbiddenEntryPoint - Pre-authenticated entry point called. Rejecting access
2026-09-20 02:51:16 [http-nio-8080-exec-4] [] DEBUG o.s.security.web.FilterChainProxy - Securing GET /actuator/prometheus
2026-09-20 02:51:16 [http-nio-8080-exec-4] [] DEBUG o.s.s.w.a.AnonymousAuthenticationFilter - Set SecurityContextHolder to anonymous SecurityContext
2026-09-20 02:51:16 [http-nio-8080-exec-4] [] DEBUG o.s.s.w.a.Http403ForbiddenEntryPoint - Pre-authenticated entry point called. Rejecting access
2026-09-20 02:51:16 [http-nio-8080-exec-4] [] DEBUG o.s.security.web.FilterChainProxy - Securing GET /error
2026-09-20 02:51:16 [http-nio-8080-exec-4] [] DEBUG o.s.s.w.a.AnonymousAuthenticationFilter - Set SecurityContextHolder to anonymous SecurityContext
2026-09-20 02:51:16 [http-nio-8080-exec-4] [] DEBUG o.s.s.w.a.Http403ForbiddenEntryPoint - Pre-authenticated entry point called. Rejecting access
2026-09-20 02:51:21 [http-nio-8080-exec-8] [] DEBUG o.s.security.web.FilterChainProxy - Securing GET /actuator/prometheus
2026-09-20 02:51:21 [http-nio-8080-exec-8] [] DEBUG o.s.s.w.a.AnonymousAuthenticationFilter - Set SecurityContextHolder to anonymous SecurityContext
2026-09-20 02:51:21 [http-nio-8080-exec-8] [] DEBUG o.s.s.w.a.Http403ForbiddenEntryPoint - Pre-authenticated entry point called. Rejecting access
2026-09-20 02:51:21 [http-nio-8080-exec-8] [] DEBUG o.s.security.web.FilterChainProxy - Securing GET /error
2026-09-20 02:51:21 [http-nio-8080-exec-8] [] DEBUG o.s.s.w.a.AnonymousAuthenticationFilter - Set SecurityContextHolder to anonymous SecurityContext
2026-09-20 02:51:21 [http-nio-8080-exec-8] [] DEBUG o.s.s.w.a.Http403ForbiddenEntryPoint - Pre-authenticated entry point called. Rejecting access
2026-09-20 02:51:26 [http-nio-8080-exec-7] [] DEBUG o.s.security.web.FilterChainProxy - Securing GET /actuator/prometheus
2026-09-20 02:51:26 [http-nio-8080-exec-7] [] DEBUG o.s.s.w.a.AnonymousAuthenticationFilter - Set SecurityContextHolder to anonymous SecurityContext
2026-09-20 02:51:26 [http-nio-8080-exec-7] [] DEBUG o.s.s.w.a.Http403ForbiddenEntryPoint - Pre-authenticated entry point called. Rejecting access
2026-09-20 02:51:26 [http-nio-8080-exec-7] [] DEBUG o.s.security.web.FilterChainProxy - Securing GET /error
2026-09-20 02:51:26 [http-nio-8080-exec-7] [] DEBUG o.s.s.w.a.AnonymousAuthenticationFilter - Set SecurityContextHolder to anonymous SecurityContext
2026-09-20 02:51:26 [http-nio-8080-exec-7] [] DEBUG o.s.s.w.a.Http403ForbiddenEntryPoint - Pre-authenticated entry point called. Rejecting access
2026-09-20 02:51:31 [http-nio-8080-exec-9] [] DEBUG o.s.security.web.FilterChainProxy - Securing GET /actuator/prometheus
2026-09-20 02:51:31 [http-nio-8080-exec-9] [] DEBUG o.s.s.w.a.AnonymousAuthenticationFilter - Set SecurityContextHolder to anonymous SecurityContext
2026-09-20 02:51:31 [http-nio-8080-exec-9] [] DEBUG o.s.s.w.a.Http403ForbiddenEntryPoint - Pre-authenticated entry point called. Rejecting access
2026-09-20 02:51:31 [http-nio-8080-exec-9] [] DEBUG o.s.security.web.FilterChainProxy - Securing GET /error
2026-09-20 02:51:31 [http-nio-8080-exec-9] [] DEBUG o.s.s.w.a.AnonymousAuthenticationFilter - Set SecurityContextHolder to anonymous SecurityContext
2026-09-20 02:51:31 [http-nio-8080-exec-9] [] DEBUG o.s.s.w.a.Http403ForbiddenEntryPoint - Pre-authenticated entry point called. Rejecting access
2026-09-20 02:51:36 [http-nio-8080-exec-10] [] DEBUG o.s.security.web.FilterChainProxy - Securing GET /actuator/prometheus
2026-09-20 02:51:36 [http-nio-8080-exec-10] [] DEBUG o.s.s.w.a.AnonymousAuthenticationFilter - Set SecurityContextHolder to anonymous SecurityContext
2026-09-20 02:51:36 [http-nio-8080-exec-10] [] DEBUG o.s.s.w.a.Http403ForbiddenEntryPoint - Pre-authenticated entry point called. Rejecting access
2026-09-20 02:51:36 [http-nio-8080-exec-10] [] DEBUG o.s.security.web.FilterChainProxy - Securing GET /error
2026-09-20 02:51:36 [http-nio-8080-exec-10] [] DEBUG o.s.s.w.a.AnonymousAuthenticationFilter - Set SecurityContextHolder to anonymous SecurityContext
2026-09-20 02:51:36 [http-nio-8080-exec-10] [] DEBUG o.s.s.w.a.Http403ForbiddenEntryPoint - Pre-authenticated entry point called. Rejecting access
2026-09-20 02:51:41 [http-nio-8080-exec-3] [] DEBUG o.s.security.web.FilterChainProxy - Securing GET /actuator/prometheus
2026-09-20 02:51:41 [http-nio-8080-exec-3] [] DEBUG o.s.s.w.a.AnonymousAuthenticationFilter - Set SecurityContextHolder to anonymous SecurityContext
2026-09-20 02:51:41 [http-nio-8080-exec-3] [] DEBUG o.s.s.w.a.Http403ForbiddenEntryPoint - Pre-authenticated entry point called. Rejecting access
2026-09-20 02:51:41 [http-nio-8080-exec-3] [] DEBUG o.s.security.web.FilterChainProxy - Securing GET /error
2026-09-20 02:51:41 [http-nio-8080-exec-3] [] DEBUG o.s.s.w.a.AnonymousAuthenticationFilter - Set SecurityContextHolder to anonymous SecurityContext
2026-09-20 02:51:41 [http-nio-8080-exec-3] [] DEBUG o.s.s.w.a.Http403ForbiddenEntryPoint - Pre-authenticated entry point called. Rejecting access
2026-09-20 02:51:46 [http-nio-8080-exec-1] [] DEBUG o.s.security.web.FilterChainProxy - Securing GET /actuator/prometheus
2026-09-20 02:51:46 [http-nio-8080-exec-1] [] DEBUG o.s.s.w.a.AnonymousAuthenticationFilter - Set SecurityContextHolder to anonymous SecurityContext
2026-09-20 02:51:46 [http-nio-8080-exec-1] [] DEBUG o.s.s.w.a.Http403ForbiddenEntryPoint - Pre-authenticated entry point called. Rejecting access
2026-09-20 02:51:46 [http-nio-8080-exec-1] [] DEBUG o.s.security.web.FilterChainProxy - Securing GET /error
2026-09-20 02:51:46 [http-nio-8080-exec-1] [] DEBUG o.s.s.w.a.AnonymousAuthenticationFilter - Set SecurityContextHolder to anonymous SecurityContext
2026-09-20 02:51:46 [http-nio-8080-exec-1] [] DEBUG o.s.s.w.a.Http403ForbiddenEntryPoint - Pre-authenticated entry point called. Rejecting access
2026-09-20 02:51:51 [http-nio-8080-exec-6] [] DEBUG o.s.security.web.FilterChainProxy - Securing GET /actuator/prometheus
2026-09-20 02:51:51 [http-nio-8080-exec-6] [] DEBUG o.s.s.w.a.AnonymousAuthenticationFilter - Set SecurityContextHolder to anonymous SecurityContext
2026-09-20 02:51:51 [http-nio-8080-exec-6] [] DEBUG o.s.s.w.a.Http403ForbiddenEntryPoint - Pre-authenticated entry point called. Rejecting access
2026-09-20 02:51:51 [http-nio-8080-exec-6] [] DEBUG o.s.security.web.FilterChainProxy - Securing GET /error
2026-09-20 02:51:51 [http-nio-8080-exec-6] [] DEBUG o.s.s.w.a.AnonymousAuthenticationFilter - Set SecurityContextHolder to anonymous SecurityContext
2026-09-20 02:51:51 [http-nio-8080-exec-6] [] DEBUG o.s.s.w.a.Http403ForbiddenEntryPoint - Pre-authenticated entry point called. Rejecting access
2026-09-20 02:51:56 [http-nio-8080-exec-5] [] DEBUG o.s.security.web.FilterChainProxy - Securing GET /actuator/prometheus
2026-09-20 02:51:56 [http-nio-8080-exec-5] [] DEBUG o.s.s.w.a.AnonymousAuthenticationFilter - Set SecurityContextHolder to anonymous SecurityContext
2026-09-20 02:51:56 [http-nio-8080-exec-5] [] DEBUG o.s.s.w.a.Http403ForbiddenEntryPoint - Pre-authenticated entry point called. Rejecting access
2026-09-20 02:51:56 [http-nio-8080-exec-5] [] DEBUG o.s.security.web.FilterChainProxy - Securing GET /error
2026-09-20 02:51:56 [http-nio-8080-exec-5] [] DEBUG o.s.s.w.a.AnonymousAuthenticationFilter - Set SecurityContextHolder to anonymous SecurityContext
2026-09-20 02:51:56 [http-nio-8080-exec-5] [] DEBUG o.s.s.w.a.Http403ForbiddenEntryPoint - Pre-authenticated entry point called. Rejecting access
2026-09-20 02:52:01 [http-nio-8080-exec-2] [] DEBUG o.s.security.web.FilterChainProxy - Securing GET /actuator/prometheus
2026-09-20 02:52:01 [http-nio-8080-exec-2] [] DEBUG o.s.s.w.a.AnonymousAuthenticationFilter - Set SecurityContextHolder to anonymous SecurityContext
2026-09-20 02:52:01 [http-nio-8080-exec-2] [] DEBUG o.s.s.w.a.Http403ForbiddenEntryPoint - Pre-authenticated entry point called. Rejecting access
2026-09-20 02:52:01 [http-nio-8080-exec-2] [] DEBUG o.s.security.web.FilterChainProxy - Securing GET /error
2026-09-20 02:52:01 [http-nio-8080-exec-2] [] DEBUG o.s.s.w.a.AnonymousAuthenticationFilter - Set SecurityContextHolder to anonymous SecurityContext
2026-09-20 02:52:01 [http-nio-8080-exec-2] [] DEBUG o.s.s.w.a.Http403ForbiddenEntryPoint - Pre-authenticated entry point called. Rejecting access
2026-09-20 02:52:06 [http-nio-8080-exec-4] [] DEBUG o.s.security.web.FilterChainProxy - Securing GET /actuator/prometheus
2026-09-20 02:52:06 [http-nio-8080-exec-4] [] DEBUG o.s.s.w.a.AnonymousAuthenticationFilter - Set SecurityContextHolder to anonymous SecurityContext
2026-09-20 02:52:06 [http-nio-8080-exec-4] [] DEBUG o.s.s.w.a.Http403ForbiddenEntryPoint - Pre-authenticated entry point called. Rejecting access
2026-09-20 02:52:06 [http-nio-8080-exec-4] [] DEBUG o.s.security.web.FilterChainProxy - Securing GET /error
2026-09-20 02:52:06 [http-nio-8080-exec-4] [] DEBUG o.s.s.w.a.AnonymousAuthenticationFilter - Set SecurityContextHolder to anonymous SecurityContext
2026-09-20 02:52:06 [http-nio-8080-exec-4] [] DEBUG o.s.s.w.a.Http403ForbiddenEntryPoint - Pre-authenticated entry point called. Rejecting access
2026-09-20 02:52:11 [http-nio-8080-exec-8] [] DEBUG o.s.security.web.FilterChainProxy - Securing GET /actuator/prometheus
2026-09-20 02:52:11 [http-nio-8080-exec-8] [] DEBUG o.s.s.w.a.AnonymousAuthenticationFilter - Set SecurityContextHolder to anonymous SecurityContext
2026-09-20 02:52:11 [http-nio-8080-exec-8] [] DEBUG o.s.s.w.a.Http403ForbiddenEntryPoint - Pre-authenticated entry point called. Rejecting access
2026-09-20 02:52:11 [http-nio-8080-exec-8] [] DEBUG o.s.security.web.FilterChainProxy - Securing GET /error
2026-09-20 02:52:11 [http-nio-8080-exec-8] [] DEBUG o.s.s.w.a.AnonymousAuthenticationFilter - Set SecurityContextHolder to anonymous SecurityContext
2026-09-20 02:52:11 [http-nio-8080-exec-8] [] DEBUG o.s.s.w.a.Http403ForbiddenEntryPoint - Pre-authenticated entry point called. Rejecting access
2026-09-20 02:52:16 [http-nio-8080-exec-7] [] DEBUG o.s.security.web.FilterChainProxy - Securing GET /actuator/prometheus
2026-09-20 02:52:16 [http-nio-8080-exec-7] [] DEBUG o.s.s.w.a.AnonymousAuthenticationFilter - Set SecurityContextHolder to anonymous SecurityContext
2026-09-20 02:52:16 [http-nio-8080-exec-7] [] DEBUG o.s.s.w.a.Http403ForbiddenEntryPoint - Pre-authenticated entry point called. Rejecting access
2026-09-20 02:52:16 [http-nio-8080-exec-7] [] DEBUG o.s.security.web.FilterChainProxy - Securing GET /error
2026-09-20 02:52:16 [http-nio-8080-exec-7] [] DEBUG o.s.s.w.a.AnonymousAuthenticationFilter - Set SecurityContextHolder to anonymous SecurityContext
2026-09-20 02:52:16 [http-nio-8080-exec-7] [] DEBUG o.s.s.w.a.Http403ForbiddenEntryPoint - Pre-authenticated entry point called. Rejecting access
2026-09-20 02:52:21 [http-nio-8080-exec-9] [] DEBUG o.s.security.web.FilterChainProxy - Securing GET /actuator/prometheus
2026-09-20 02:52:21 [http-nio-8080-exec-9] [] DEBUG o.s.s.w.a.AnonymousAuthenticationFilter - Set SecurityContextHolder to anonymous SecurityContext
2026-09-20 02:52:21 [http-nio-8080-exec-9] [] DEBUG o.s.s.w.a.Http403ForbiddenEntryPoint - Pre-authenticated entry point called. Rejecting access
2026-09-20 02:52:21 [http-nio-8080-exec-9] [] DEBUG o.s.security.web.FilterChainProxy - Securing GET /error
2026-09-20 02:52:21 [http-nio-8080-exec-9] [] DEBUG o.s.s.w.a.AnonymousAuthenticationFilter - Set SecurityContextHolder to anonymous SecurityContext
2026-09-20 02:52:21 [http-nio-8080-exec-9] [] DEBUG o.s.s.w.a.Http403ForbiddenEntryPoint - Pre-authenticated entry point called. Rejecting access
2026-09-20 02:52:26 [http-nio-8080-exec-10] [] DEBUG o.s.security.web.FilterChainProxy - Securing GET /actuator/prometheus
2026-09-20 02:52:26 [http-nio-8080-exec-10] [] DEBUG o.s.s.w.a.AnonymousAuthenticationFilter - Set SecurityContextHolder to anonymous SecurityContext
2026-09-20 02:52:26 [http-nio-8080-exec-10] [] DEBUG o.s.s.w.a.Http403ForbiddenEntryPoint - Pre-authenticated entry point called. Rejecting access
2026-09-20 02:52:26 [http-nio-8080-exec-10] [] DEBUG o.s.security.web.FilterChainProxy - Securing GET /error
2026-09-20 02:52:26 [http-nio-8080-exec-10] [] DEBUG o.s.s.w.a.AnonymousAuthenticationFilter - Set SecurityContextHolder to anonymous SecurityContext
2026-09-20 02:52:26 [http-nio-8080-exec-10] [] DEBUG o.s.s.w.a.Http403ForbiddenEntryPoint - Pre-authenticated entry point called. Rejecting access
2026-09-20 02:52:31 [http-nio-8080-exec-3] [] DEBUG o.s.security.web.FilterChainProxy - Securing GET /actuator/prometheus
2026-09-20 02:52:31 [http-nio-8080-exec-3] [] DEBUG o.s.s.w.a.AnonymousAuthenticationFilter - Set SecurityContextHolder to anonymous SecurityContext
2026-09-20 02:52:31 [http-nio-8080-exec-3] [] DEBUG o.s.s.w.a.Http403ForbiddenEntryPoint - Pre-authenticated entry point called. Rejecting access
2026-09-20 02:52:31 [http-nio-8080-exec-3] [] DEBUG o.s.security.web.FilterChainProxy - Securing GET /error
2026-09-20 02:52:31 [http-nio-8080-exec-3] [] DEBUG o.s.s.w.a.AnonymousAuthenticationFilter - Set SecurityContextHolder to anonymous SecurityContext
2026-09-20 02:52:31 [http-nio-8080-exec-3] [] DEBUG o.s.s.w.a.Http403ForbiddenEntryPoint - Pre-authenticated entry point called. Rejecting access
2026-09-20 02:52:36 [http-nio-8080-exec-1] [] DEBUG o.s.security.web.FilterChainProxy - Securing GET /actuator/prometheus
2026-09-20 02:52:36 [http-nio-8080-exec-1] [] DEBUG o.s.s.w.a.AnonymousAuthenticationFilter - Set SecurityContextHolder to anonymous SecurityContext
2026-09-20 02:52:36 [http-nio-8080-exec-1] [] DEBUG o.s.s.w.a.Http403ForbiddenEntryPoint - Pre-authenticated entry point called. Rejecting access
2026-09-20 02:52:36 [http-nio-8080-exec-1] [] DEBUG o.s.security.web.FilterChainProxy - Securing GET /error
2026-09-20 02:52:36 [http-nio-8080-exec-1] [] DEBUG o.s.s.w.a.AnonymousAuthenticationFilter - Set SecurityContextHolder to anonymous SecurityContext
2026-09-20 02:52:36 [http-nio-8080-exec-1] [] DEBUG o.s.s.w.a.Http403ForbiddenEntryPoint - Pre-authenticated entry point called. Rejecting access
2026-09-20 02:52:41 [http-nio-8080-exec-6] [] DEBUG o.s.security.web.FilterChainProxy - Securing GET /actuator/prometheus
2026-09-20 02:52:41 [http-nio-8080-exec-6] [] DEBUG o.s.s.w.a.AnonymousAuthenticationFilter - Set SecurityContextHolder to anonymous SecurityContext
2026-09-20 02:52:41 [http-nio-8080-exec-6] [] DEBUG o.s.s.w.a.Http403ForbiddenEntryPoint - Pre-authenticated entry point called. Rejecting access
2026-09-20 02:52:41 [http-nio-8080-exec-6] [] DEBUG o.s.security.web.FilterChainProxy - Securing GET /error
2026-09-20 02:52:41 [http-nio-8080-exec-6] [] DEBUG o.s.s.w.a.AnonymousAuthenticationFilter - Set SecurityContextHolder to anonymous SecurityContext
2026-09-20 02:52:41 [http-nio-8080-exec-6] [] DEBUG o.s.s.w.a.Http403ForbiddenEntryPoint - Pre-authenticated entry point called. Rejecting access
2026-09-20 02:52:46 [http-nio-8080-exec-5] [] DEBUG o.s.security.web.FilterChainProxy - Securing GET /actuator/prometheus
2026-09-20 02:52:46 [http-nio-8080-exec-5] [] DEBUG o.s.s.w.a.AnonymousAuthenticationFilter - Set SecurityContextHolder to anonymous SecurityContext
2026-09-20 02:52:46 [http-nio-8080-exec-5] [] DEBUG o.s.s.w.a.Http403ForbiddenEntryPoint - Pre-authenticated entry point called. Rejecting access
2026-09-20 02:52:46 [http-nio-8080-exec-5] [] DEBUG o.s.security.web.FilterChainProxy - Securing GET /error
2026-09-20 02:52:46 [http-nio-8080-exec-5] [] DEBUG o.s.s.w.a.AnonymousAuthenticationFilter - Set SecurityContextHolder to anonymous SecurityContext
2026-09-20 02:52:46 [http-nio-8080-exec-5] [] DEBUG o.s.s.w.a.Http403ForbiddenEntryPoint - Pre-authenticated entry point called. Rejecting access
2026-09-20 02:52:51 [http-nio-8080-exec-2] [] DEBUG o.s.security.web.FilterChainProxy - Securing GET /actuator/prometheus
2026-09-20 02:52:51 [http-nio-8080-exec-2] [] DEBUG o.s.s.w.a.AnonymousAuthenticationFilter - Set SecurityContextHolder to anonymous SecurityContext
2026-09-20 02:52:51 [http-nio-8080-exec-2] [] DEBUG o.s.s.w.a.Http403ForbiddenEntryPoint - Pre-authenticated entry point called. Rejecting access
2026-09-20 02:52:51 [http-nio-8080-exec-2] [] DEBUG o.s.security.web.FilterChainProxy - Securing GET /error
2026-09-20 02:52:51 [http-nio-8080-exec-2] [] DEBUG o.s.s.w.a.AnonymousAuthenticationFilter - Set SecurityContextHolder to anonymous SecurityContext
2026-09-20 02:52:51 [http-nio-8080-exec-2] [] DEBUG o.s.s.w.a.Http403ForbiddenEntryPoint - Pre-authenticated entry point called. Rejecting access
2026-09-20 02:52:56 [http-nio-8080-exec-4] [] DEBUG o.s.security.web.FilterChainProxy - Securing GET /actuator/prometheus
2026-09-20 02:52:56 [http-nio-8080-exec-4] [] DEBUG o.s.s.w.a.AnonymousAuthenticationFilter - Set SecurityContextHolder to anonymous SecurityContext
2026-09-20 02:52:56 [http-nio-8080-exec-4] [] DEBUG o.s.s.w.a.Http403ForbiddenEntryPoint - Pre-authenticated entry point called. Rejecting access
2026-09-20 02:52:56 [http-nio-8080-exec-4] [] DEBUG o.s.security.web.FilterChainProxy - Securing GET /error
2026-09-20 02:52:56 [http-nio-8080-exec-4] [] DEBUG o.s.s.w.a.AnonymousAuthenticationFilter - Set SecurityContextHolder to anonymous SecurityContext
2026-09-20 02:52:56 [http-nio-8080-exec-4] [] DEBUG o.s.s.w.a.Http403ForbiddenEntryPoint - Pre-authenticated entry point called. Rejecting access
2026-09-20 02:53:01 [http-nio-8080-exec-8] [] DEBUG o.s.security.web.FilterChainProxy - Securing GET /actuator/prometheus
2026-09-20 02:53:01 [http-nio-8080-exec-8] [] DEBUG o.s.s.w.a.AnonymousAuthenticationFilter - Set SecurityContextHolder to anonymous SecurityContext
2026-09-20 02:53:01 [http-nio-8080-exec-8] [] DEBUG o.s.s.w.a.Http403ForbiddenEntryPoint - Pre-authenticated entry point called. Rejecting access
2026-09-20 02:53:01 [http-nio-8080-exec-8] [] DEBUG o.s.security.web.FilterChainProxy - Securing GET /error
2026-09-20 02:53:01 [http-nio-8080-exec-8] [] DEBUG o.s.s.w.a.AnonymousAuthenticationFilter - Set SecurityContextHolder to anonymous SecurityContext
2026-09-20 02:53:01 [http-nio-8080-exec-8] [] DEBUG o.s.s.w.a.Http403ForbiddenEntryPoint - Pre-authenticated entry point called. Rejecting access
2026-09-20 02:53:06 [http-nio-8080-exec-7] [] DEBUG o.s.security.web.FilterChainProxy - Securing GET /actuator/prometheus
2026-09-20 02:53:06 [http-nio-8080-exec-7] [] DEBUG o.s.s.w.a.AnonymousAuthenticationFilter - Set SecurityContextHolder to anonymous SecurityContext
2026-09-20 02:53:06 [http-nio-8080-exec-7] [] DEBUG o.s.s.w.a.Http403ForbiddenEntryPoint - Pre-authenticated entry point called. Rejecting access
2026-09-20 02:53:06 [http-nio-8080-exec-7] [] DEBUG o.s.security.web.FilterChainProxy - Securing GET /error
2026-09-20 02:53:06 [http-nio-8080-exec-7] [] DEBUG o.s.s.w.a.AnonymousAuthenticationFilter - Set SecurityContextHolder to anonymous SecurityContext
2026-09-20 02:53:06 [http-nio-8080-exec-7] [] DEBUG o.s.s.w.a.Http403ForbiddenEntryPoint - Pre-authenticated entry point called. Rejecting access
2026-09-20 02:53:11 [http-nio-8080-exec-9] [] DEBUG o.s.security.web.FilterChainProxy - Securing GET /actuator/prometheus
2026-09-20 02:53:11 [http-nio-8080-exec-9] [] DEBUG o.s.s.w.a.AnonymousAuthenticationFilter - Set SecurityContextHolder to anonymous SecurityContext
2026-09-20 02:53:11 [http-nio-8080-exec-9] [] DEBUG o.s.s.w.a.Http403ForbiddenEntryPoint - Pre-authenticated entry point called. Rejecting access
2026-09-20 02:53:11 [http-nio-8080-exec-9] [] DEBUG o.s.security.web.FilterChainProxy - Securing GET /error
2026-09-20 02:53:11 [http-nio-8080-exec-9] [] DEBUG o.s.s.w.a.AnonymousAuthenticationFilter - Set SecurityContextHolder to anonymous SecurityContext
2026-09-20 02:53:11 [http-nio-8080-exec-9] [] DEBUG o.s.s.w.a.Http403ForbiddenEntryPoint - Pre-authenticated entry point called. Rejecting access
2026-09-20 02:53:16 [http-nio-8080-exec-10] [] DEBUG o.s.security.web.FilterChainProxy - Securing GET /actuator/prometheus
2026-09-20 02:53:16 [http-nio-8080-exec-10] [] DEBUG o.s.s.w.a.AnonymousAuthenticationFilter - Set SecurityContextHolder to anonymous SecurityContext
2026-09-20 02:53:16 [http-nio-8080-exec-10] [] DEBUG o.s.s.w.a.Http403ForbiddenEntryPoint - Pre-authenticated entry point called. Rejecting access
2026-09-20 02:53:16 [http-nio-8080-exec-10] [] DEBUG o.s.security.web.FilterChainProxy - Securing GET /error
2026-09-20 02:53:16 [http-nio-8080-exec-10] [] DEBUG o.s.s.w.a.AnonymousAuthenticationFilter - Set SecurityContextHolder to anonymous SecurityContext
2026-09-20 02:53:16 [http-nio-8080-exec-10] [] DEBUG o.s.s.w.a.Http403ForbiddenEntryPoint - Pre-authenticated entry point called. Rejecting access
2026-09-20 02:53:21 [http-nio-8080-exec-3] [] DEBUG o.s.security.web.FilterChainProxy - Securing GET /actuator/prometheus
2026-09-20 02:53:21 [http-nio-8080-exec-3] [] DEBUG o.s.s.w.a.AnonymousAuthenticationFilter - Set SecurityContextHolder to anonymous SecurityContext
2026-09-20 02:53:21 [http-nio-8080-exec-3] [] DEBUG o.s.s.w.a.Http403ForbiddenEntryPoint - Pre-authenticated entry point called. Rejecting access
2026-09-20 02:53:21 [http-nio-8080-exec-3] [] DEBUG o.s.security.web.FilterChainProxy - Securing GET /error
2026-09-20 02:53:21 [http-nio-8080-exec-3] [] DEBUG o.s.s.w.a.AnonymousAuthenticationFilter - Set SecurityContextHolder to anonymous SecurityContext
2026-09-20 02:53:21 [http-nio-8080-exec-3] [] DEBUG o.s.s.w.a.Http403ForbiddenEntryPoint - Pre-authenticated entry point called. Rejecting access
2026-09-20 02:53:26 [http-nio-8080-exec-1] [] DEBUG o.s.security.web.FilterChainProxy - Securing GET /actuator/prometheus
2026-09-20 02:53:26 [http-nio-8080-exec-1] [] DEBUG o.s.s.w.a.AnonymousAuthenticationFilter - Set SecurityContextHolder to anonymous SecurityContext
2026-09-20 02:53:26 [http-nio-8080-exec-1] [] DEBUG o.s.s.w.a.Http403ForbiddenEntryPoint - Pre-authenticated entry point called. Rejecting access
2026-09-20 02:53:26 [http-nio-8080-exec-1] [] DEBUG o.s.security.web.FilterChainProxy - Securing GET /error
2026-09-20 02:53:26 [http-nio-8080-exec-1] [] DEBUG o.s.s.w.a.AnonymousAuthenticationFilter - Set SecurityContextHolder to anonymous SecurityContext
2026-09-20 02:53:26 [http-nio-8080-exec-1] [] DEBUG o.s.s.w.a.Http403ForbiddenEntryPoint - Pre-authenticated entry point called. Rejecting access
2026-09-20 02:53:31 [http-nio-8080-exec-6] [] DEBUG o.s.security.web.FilterChainProxy - Securing GET /actuator/prometheus
2026-09-20 02:53:31 [http-nio-8080-exec-6] [] DEBUG o.s.s.w.a.AnonymousAuthenticationFilter - Set SecurityContextHolder to anonymous SecurityContext
2026-09-20 02:53:31 [http-nio-8080-exec-6] [] DEBUG o.s.s.w.a.Http403ForbiddenEntryPoint - Pre-authenticated entry point called. Rejecting access
2026-09-20 02:53:31 [http-nio-8080-exec-6] [] DEBUG o.s.security.web.FilterChainProxy - Securing GET /error
2026-09-20 02:53:31 [http-nio-8080-exec-6] [] DEBUG o.s.s.w.a.AnonymousAuthenticationFilter - Set SecurityContextHolder to anonymous SecurityContext
2026-09-20 02:53:31 [http-nio-8080-exec-6] [] DEBUG o.s.s.w.a.Http403ForbiddenEntryPoint - Pre-authenticated entry point called. Rejecting access
2026-09-20 02:53:36 [http-nio-8080-exec-5] [] DEBUG o.s.security.web.FilterChainProxy - Securing GET /actuator/prometheus
2026-09-20 02:53:36 [http-nio-8080-exec-5] [] DEBUG o.s.s.w.a.AnonymousAuthenticationFilter - Set SecurityContextHolder to anonymous SecurityContext
2026-09-20 02:53:36 [http-nio-8080-exec-5] [] DEBUG o.s.s.w.a.Http403ForbiddenEntryPoint - Pre-authenticated entry point called. Rejecting access
2026-09-20 02:53:36 [http-nio-8080-exec-5] [] DEBUG o.s.security.web.FilterChainProxy - Securing GET /error
2026-09-20 02:53:36 [http-nio-8080-exec-5] [] DEBUG o.s.s.w.a.AnonymousAuthenticationFilter - Set SecurityContextHolder to anonymous SecurityContext
2026-09-20 02:53:36 [http-nio-8080-exec-5] [] DEBUG o.s.s.w.a.Http403ForbiddenEntryPoint - Pre-authenticated entry point called. Rejecting access
2026-09-20 02:53:41 [http-nio-8080-exec-2] [] DEBUG o.s.security.web.FilterChainProxy - Securing GET /actuator/prometheus
2026-09-20 02:53:41 [http-nio-8080-exec-2] [] DEBUG o.s.s.w.a.AnonymousAuthenticationFilter - Set SecurityContextHolder to anonymous SecurityContext
2026-09-20 02:53:41 [http-nio-8080-exec-2] [] DEBUG o.s.s.w.a.Http403ForbiddenEntryPoint - Pre-authenticated entry point called. Rejecting access
2026-09-20 02:53:41 [http-nio-8080-exec-2] [] DEBUG o.s.security.web.FilterChainProxy - Securing GET /error
2026-09-20 02:53:41 [http-nio-8080-exec-2] [] DEBUG o.s.s.w.a.AnonymousAuthenticationFilter - Set SecurityContextHolder to anonymous SecurityContext
2026-09-20 02:53:41 [http-nio-8080-exec-2] [] DEBUG o.s.s.w.a.Http403ForbiddenEntryPoint - Pre-authenticated entry point called. Rejecting access
2026-09-20 02:53:46 [http-nio-8080-exec-4] [] DEBUG o.s.security.web.FilterChainProxy - Securing GET /actuator/prometheus
2026-09-20 02:53:46 [http-nio-8080-exec-4] [] DEBUG o.s.s.w.a.AnonymousAuthenticationFilter - Set SecurityContextHolder to anonymous SecurityContext
2026-09-20 02:53:46 [http-nio-8080-exec-4] [] DEBUG o.s.s.w.a.Http403ForbiddenEntryPoint - Pre-authenticated entry point called. Rejecting access
2026-09-20 02:53:46 [http-nio-8080-exec-4] [] DEBUG o.s.security.web.FilterChainProxy - Securing GET /error
2026-09-20 02:53:46 [http-nio-8080-exec-4] [] DEBUG o.s.s.w.a.AnonymousAuthenticationFilter - Set SecurityContextHolder to anonymous SecurityContext
2026-09-20 02:53:46 [http-nio-8080-exec-4] [] DEBUG o.s.s.w.a.Http403ForbiddenEntryPoint - Pre-authenticated entry point called. Rejecting access
2026-09-20 02:53:51 [http-nio-8080-exec-8] [] DEBUG o.s.security.web.FilterChainProxy - Securing GET /actuator/prometheus
2026-09-20 02:53:51 [http-nio-8080-exec-8] [] DEBUG o.s.s.w.a.AnonymousAuthenticationFilter - Set SecurityContextHolder to anonymous SecurityContext
2026-09-20 02:53:51 [http-nio-8080-exec-8] [] DEBUG o.s.s.w.a.Http403ForbiddenEntryPoint - Pre-authenticated entry point called. Rejecting access
2026-09-20 02:53:51 [http-nio-8080-exec-8] [] DEBUG o.s.security.web.FilterChainProxy - Securing GET /error
2026-09-20 02:53:51 [http-nio-8080-exec-8] [] DEBUG o.s.s.w.a.AnonymousAuthenticationFilter - Set SecurityContextHolder to anonymous SecurityContext
2026-09-20 02:53:51 [http-nio-8080-exec-8] [] DEBUG o.s.s.w.a.Http403ForbiddenEntryPoint - Pre-authenticated entry point called. Rejecting access
2026-09-20 02:53:56 [http-nio-8080-exec-7] [] DEBUG o.s.security.web.FilterChainProxy - Securing GET /actuator/prometheus
2026-09-20 02:53:56 [http-nio-8080-exec-7] [] DEBUG o.s.s.w.a.AnonymousAuthenticationFilter - Set SecurityContextHolder to anonymous SecurityContext
2026-09-20 02:53:56 [http-nio-8080-exec-7] [] DEBUG o.s.s.w.a.Http403ForbiddenEntryPoint - Pre-authenticated entry point called. Rejecting access
2026-09-20 02:53:56 [http-nio-8080-exec-7] [] DEBUG o.s.security.web.FilterChainProxy - Securing GET /error
2026-09-20 02:53:56 [http-nio-8080-exec-7] [] DEBUG o.s.s.w.a.AnonymousAuthenticationFilter - Set SecurityContextHolder to anonymous SecurityContext
2026-09-20 02:53:56 [http-nio-8080-exec-7] [] DEBUG o.s.s.w.a.Http403ForbiddenEntryPoint - Pre-authenticated entry point called. Rejecting access
2026-09-20 02:54:00 [http-nio-8080-exec-9] [] DEBUG o.s.security.web.FilterChainProxy - Securing POST /api/v1/auth/login
2026-09-20 02:54:00 [http-nio-8080-exec-9] [] DEBUG o.s.s.w.a.AnonymousAuthenticationFilter - Set SecurityContextHolder to anonymous SecurityContext
2026-09-20 02:54:00 [http-nio-8080-exec-9] [] DEBUG o.s.security.web.FilterChainProxy - Secured POST /api/v1/auth/login
2026-09-20 02:54:00 [http-nio-8080-exec-9] [] INFO  c.jmp.api.controller.AuthController - Login attempt for user: admin@jmp.local
2026-09-20 02:54:01 [http-nio-8080-exec-9] [] DEBUG o.s.s.a.d.DaoAuthenticationProvider - Authenticated user
2026-09-20 02:54:01 [http-nio-8080-exec-9] [] DEBUG c.jmp.application.service.JwtService - Generating access token for user: cccccccc-cccc-cccc-cccc-ccccccccccc1
2026-09-20 02:54:01 [http-nio-8080-exec-9] [] DEBUG c.jmp.application.service.JwtService - Generating refresh token for user: cccccccc-cccc-cccc-cccc-ccccccccccc1
2026-09-20 02:54:01 [http-nio-8080-exec-9] [] INFO  c.jmp.api.controller.AuthController - User logged in successfully: cccccccc-cccc-cccc-cccc-ccccccccccc1
2026-09-20 02:54:01 [http-nio-8080-exec-10] [] DEBUG o.s.security.web.FilterChainProxy - Securing GET /actuator/prometheus
2026-09-20 02:54:01 [http-nio-8080-exec-10] [] DEBUG o.s.s.w.a.AnonymousAuthenticationFilter - Set SecurityContextHolder to anonymous SecurityContext
2026-09-20 02:54:01 [http-nio-8080-exec-10] [] DEBUG o.s.s.w.a.Http403ForbiddenEntryPoint - Pre-authenticated entry point called. Rejecting access
2026-09-20 02:54:01 [http-nio-8080-exec-10] [] DEBUG o.s.security.web.FilterChainProxy - Securing GET /error
2026-09-20 02:54:01 [http-nio-8080-exec-10] [] DEBUG o.s.s.w.a.AnonymousAuthenticationFilter - Set SecurityContextHolder to anonymous SecurityContext
2026-09-20 02:54:01 [http-nio-8080-exec-10] [] DEBUG o.s.s.w.a.Http403ForbiddenEntryPoint - Pre-authenticated entry point called. Rejecting access
2026-09-20 02:54:01 [http-nio-8080-exec-6] [] DEBUG o.s.security.web.FilterChainProxy - Securing GET /api/v1/analytics/dashboard
2026-09-20 02:54:02 [http-nio-8080-exec-1] [] DEBUG o.s.security.web.FilterChainProxy - Securing GET /api/v1/conferences/upcoming
2026-09-20 02:54:02 [http-nio-8080-exec-3] [] DEBUG o.s.security.web.FilterChainProxy - Securing GET /api/v1/conferences/active
2026-09-20 02:54:02 [http-nio-8080-exec-6] [] DEBUG c.j.i.s.JwtAuthenticationFilter - Authenticated user: cccccccc-cccc-cccc-cccc-ccccccccccc1, URI: /api/v1/analytics/dashboard
2026-09-20 02:54:02 [http-nio-8080-exec-3] [] DEBUG c.j.i.s.JwtAuthenticationFilter - Authenticated user: cccccccc-cccc-cccc-cccc-ccccccccccc1, URI: /api/v1/conferences/active
2026-09-20 02:54:02 [http-nio-8080-exec-3] [] DEBUG o.s.security.web.FilterChainProxy - Secured GET /api/v1/conferences/active
2026-09-20 02:54:02 [http-nio-8080-exec-6] [] DEBUG o.s.security.web.FilterChainProxy - Secured GET /api/v1/analytics/dashboard
2026-09-20 02:54:02 [http-nio-8080-exec-3] [] DEBUG o.s.s.a.m.AuthorizationManagerBeforeMethodInterceptor - Authorizing method invocation ReflectiveMethodInvocation: public org.springframework.http.ResponseEntity com.jmp.api.controller.ConferenceController.getActiveConferences(org.springframework.security.core.Authentication); target is of class [com.jmp.api.controller.ConferenceController]
2026-09-20 02:54:02 [http-nio-8080-exec-1] [] DEBUG c.j.i.s.JwtAuthenticationFilter - Authenticated user: cccccccc-cccc-cccc-cccc-ccccccccccc1, URI: /api/v1/conferences/upcoming
2026-09-20 02:54:02 [http-nio-8080-exec-1] [] DEBUG o.s.security.web.FilterChainProxy - Secured GET /api/v1/conferences/upcoming
2026-09-20 02:54:02 [http-nio-8080-exec-1] [] DEBUG o.s.s.a.m.AuthorizationManagerBeforeMethodInterceptor - Authorizing method invocation ReflectiveMethodInvocation: public org.springframework.http.ResponseEntity com.jmp.api.controller.ConferenceController.getUpcomingConferences(org.springframework.security.core.Authentication); target is of class [com.jmp.api.controller.ConferenceController]
2026-09-20 02:54:02 [http-nio-8080-exec-6] [] DEBUG o.s.s.a.m.AuthorizationManagerBeforeMethodInterceptor - Authorizing method invocation ReflectiveMethodInvocation: public org.springframework.http.ResponseEntity com.jmp.api.controller.AnalyticsController.getDashboardMetrics(org.springframework.security.core.Authentication); target is of class [com.jmp.api.controller.AnalyticsController]
2026-09-20 02:54:02 [http-nio-8080-exec-1] [] DEBUG o.s.s.a.m.AuthorizationManagerBeforeMethodInterceptor - Authorized method invocation ReflectiveMethodInvocation: public org.springframework.http.ResponseEntity com.jmp.api.controller.ConferenceController.getUpcomingConferences(org.springframework.security.core.Authentication); target is of class [com.jmp.api.controller.ConferenceController]
2026-09-20 02:54:02 [http-nio-8080-exec-3] [] DEBUG o.s.s.a.m.AuthorizationManagerBeforeMethodInterceptor - Authorized method invocation ReflectiveMethodInvocation: public org.springframework.http.ResponseEntity com.jmp.api.controller.ConferenceController.getActiveConferences(org.springframework.security.core.Authentication); target is of class [com.jmp.api.controller.ConferenceController]
2026-09-20 02:54:02 [http-nio-8080-exec-6] [] DEBUG o.s.s.a.m.AuthorizationManagerBeforeMethodInterceptor - Authorized method invocation ReflectiveMethodInvocation: public org.springframework.http.ResponseEntity com.jmp.api.controller.AnalyticsController.getDashboardMetrics(org.springframework.security.core.Authentication); target is of class [com.jmp.api.controller.AnalyticsController]
2026-09-20 02:54:02 [http-nio-8080-exec-5] [] DEBUG o.s.security.web.FilterChainProxy - Securing GET /api/v1/conferences/upcoming
2026-09-20 02:54:03 [http-nio-8080-exec-2] [] DEBUG o.s.security.web.FilterChainProxy - Securing GET /api/v1/conferences/active
2026-09-20 02:54:03 [http-nio-8080-exec-5] [] DEBUG c.j.i.s.JwtAuthenticationFilter - Authenticated user: cccccccc-cccc-cccc-cccc-ccccccccccc1, URI: /api/v1/conferences/upcoming
2026-09-20 02:54:03 [http-nio-8080-exec-2] [] DEBUG c.j.i.s.JwtAuthenticationFilter - Authenticated user: cccccccc-cccc-cccc-cccc-ccccccccccc1, URI: /api/v1/conferences/active
2026-09-20 02:54:03 [http-nio-8080-exec-2] [] DEBUG o.s.security.web.FilterChainProxy - Secured GET /api/v1/conferences/active
2026-09-20 02:54:03 [http-nio-8080-exec-2] [] DEBUG o.s.s.a.m.AuthorizationManagerBeforeMethodInterceptor - Authorizing method invocation ReflectiveMethodInvocation: public org.springframework.http.ResponseEntity com.jmp.api.controller.ConferenceController.getActiveConferences(org.springframework.security.core.Authentication); target is of class [com.jmp.api.controller.ConferenceController]
2026-09-20 02:54:03 [http-nio-8080-exec-2] [] DEBUG o.s.s.a.m.AuthorizationManagerBeforeMethodInterceptor - Authorized method invocation ReflectiveMethodInvocation: public org.springframework.http.ResponseEntity com.jmp.api.controller.ConferenceController.getActiveConferences(org.springframework.security.core.Authentication); target is of class [com.jmp.api.controller.ConferenceController]
2026-09-20 02:54:03 [http-nio-8080-exec-5] [] DEBUG o.s.security.web.FilterChainProxy - Secured GET /api/v1/conferences/upcoming
2026-09-20 02:54:03 [http-nio-8080-exec-5] [] DEBUG o.s.s.a.m.AuthorizationManagerBeforeMethodInterceptor - Authorizing method invocation ReflectiveMethodInvocation: public org.springframework.http.ResponseEntity com.jmp.api.controller.ConferenceController.getUpcomingConferences(org.springframework.security.core.Authentication); target is of class [com.jmp.api.controller.ConferenceController]
2026-09-20 02:54:03 [http-nio-8080-exec-5] [] DEBUG o.s.s.a.m.AuthorizationManagerBeforeMethodInterceptor - Authorized method invocation ReflectiveMethodInvocation: public org.springframework.http.ResponseEntity com.jmp.api.controller.ConferenceController.getUpcomingConferences(org.springframework.security.core.Authentication); target is of class [com.jmp.api.controller.ConferenceController]
2026-09-20 02:54:03 [http-nio-8080-exec-4] [] DEBUG o.s.security.web.FilterChainProxy - Securing GET /api/v1/analytics/dashboard
2026-09-20 02:54:03 [http-nio-8080-exec-8] [] DEBUG o.s.security.web.FilterChainProxy - Securing GET /api/v1/analytics/system-health
2026-09-20 02:54:03 [http-nio-8080-exec-4] [] DEBUG c.j.i.s.JwtAuthenticationFilter - Authenticated user: cccccccc-cccc-cccc-cccc-ccccccccccc1, URI: /api/v1/analytics/dashboard
2026-09-20 02:54:03 [http-nio-8080-exec-4] [] DEBUG o.s.security.web.FilterChainProxy - Secured GET /api/v1/analytics/dashboard
2026-09-20 02:54:03 [http-nio-8080-exec-4] [] DEBUG o.s.s.a.m.AuthorizationManagerBeforeMethodInterceptor - Authorizing method invocation ReflectiveMethodInvocation: public org.springframework.http.ResponseEntity com.jmp.api.controller.AnalyticsController.getDashboardMetrics(org.springframework.security.core.Authentication); target is of class [com.jmp.api.controller.AnalyticsController]
2026-09-20 02:54:03 [http-nio-8080-exec-4] [] DEBUG o.s.s.a.m.AuthorizationManagerBeforeMethodInterceptor - Authorized method invocation ReflectiveMethodInvocation: public org.springframework.http.ResponseEntity com.jmp.api.controller.AnalyticsController.getDashboardMetrics(org.springframework.security.core.Authentication); target is of class [com.jmp.api.controller.AnalyticsController]
2026-09-20 02:54:03 [http-nio-8080-exec-8] [] DEBUG c.j.i.s.JwtAuthenticationFilter - Authenticated user: cccccccc-cccc-cccc-cccc-ccccccccccc1, URI: /api/v1/analytics/system-health
2026-09-20 02:54:03 [http-nio-8080-exec-8] [] DEBUG o.s.security.web.FilterChainProxy - Secured GET /api/v1/analytics/system-health
2026-09-20 02:54:03 [http-nio-8080-exec-8] [] DEBUG o.s.s.a.m.AuthorizationManagerBeforeMethodInterceptor - Authorizing method invocation ReflectiveMethodInvocation: public org.springframework.http.ResponseEntity com.jmp.api.controller.AnalyticsController.getSystemHealthMetrics(); target is of class [com.jmp.api.controller.AnalyticsController]
2026-09-20 02:54:03 [http-nio-8080-exec-8] [] DEBUG o.s.s.a.m.AuthorizationManagerBeforeMethodInterceptor - Authorized method invocation ReflectiveMethodInvocation: public org.springframework.http.ResponseEntity com.jmp.api.controller.AnalyticsController.getSystemHealthMetrics(); target is of class [com.jmp.api.controller.AnalyticsController]
2026-09-20 02:54:03 [http-nio-8080-exec-7] [] DEBUG o.s.security.web.FilterChainProxy - Securing GET /api/v1/analytics/system-health
2026-09-20 02:54:03 [http-nio-8080-exec-7] [] DEBUG c.j.i.s.JwtAuthenticationFilter - Authenticated user: cccccccc-cccc-cccc-cccc-ccccccccccc1, URI: /api/v1/analytics/system-health
2026-09-20 02:54:03 [http-nio-8080-exec-7] [] DEBUG o.s.security.web.FilterChainProxy - Secured GET /api/v1/analytics/system-health
2026-09-20 02:54:03 [http-nio-8080-exec-7] [] DEBUG o.s.s.a.m.AuthorizationManagerBeforeMethodInterceptor - Authorizing method invocation ReflectiveMethodInvocation: public org.springframework.http.ResponseEntity com.jmp.api.controller.AnalyticsController.getSystemHealthMetrics(); target is of class [com.jmp.api.controller.AnalyticsController]
2026-09-20 02:54:03 [http-nio-8080-exec-7] [] DEBUG o.s.s.a.m.AuthorizationManagerBeforeMethodInterceptor - Authorized method invocation ReflectiveMethodInvocation: public org.springframework.http.ResponseEntity com.jmp.api.controller.AnalyticsController.getSystemHealthMetrics(); target is of class [com.jmp.api.controller.AnalyticsController]
2026-09-20 02:54:06 [http-nio-8080-exec-9] [] DEBUG o.s.security.web.FilterChainProxy - Securing GET /actuator/prometheus
2026-09-20 02:54:06 [http-nio-8080-exec-9] [] DEBUG o.s.s.w.a.AnonymousAuthenticationFilter - Set SecurityContextHolder to anonymous SecurityContext
2026-09-20 02:54:06 [http-nio-8080-exec-9] [] DEBUG o.s.s.w.a.Http403ForbiddenEntryPoint - Pre-authenticated entry point called. Rejecting access
2026-09-20 02:54:06 [http-nio-8080-exec-9] [] DEBUG o.s.security.web.FilterChainProxy - Securing GET /error
2026-09-20 02:54:06 [http-nio-8080-exec-9] [] DEBUG o.s.s.w.a.AnonymousAuthenticationFilter - Set SecurityContextHolder to anonymous SecurityContext
2026-09-20 02:54:06 [http-nio-8080-exec-9] [] DEBUG o.s.s.w.a.Http403ForbiddenEntryPoint - Pre-authenticated entry point called. Rejecting access
2026-09-20 02:54:08 [http-nio-8080-exec-10] [] DEBUG o.s.security.web.FilterChainProxy - Securing GET /api/v1/conferences?search=
2026-09-20 02:54:08 [http-nio-8080-exec-10] [] DEBUG c.j.i.s.JwtAuthenticationFilter - Authenticated user: cccccccc-cccc-cccc-cccc-ccccccccccc1, URI: /api/v1/conferences
2026-09-20 02:54:08 [http-nio-8080-exec-10] [] DEBUG o.s.security.web.FilterChainProxy - Secured GET /api/v1/conferences?search=
2026-09-20 02:54:08 [http-nio-8080-exec-10] [] DEBUG o.s.s.a.m.AuthorizationManagerBeforeMethodInterceptor - Authorizing method invocation ReflectiveMethodInvocation: public org.springframework.http.ResponseEntity com.jmp.api.controller.ConferenceController.listConferences(org.springframework.data.domain.Pageable,java.lang.String,org.springframework.security.core.Authentication); target is of class [com.jmp.api.controller.ConferenceController]
2026-09-20 02:54:08 [http-nio-8080-exec-10] [] DEBUG o.s.s.a.m.AuthorizationManagerBeforeMethodInterceptor - Authorized method invocation ReflectiveMethodInvocation: public org.springframework.http.ResponseEntity com.jmp.api.controller.ConferenceController.listConferences(org.springframework.data.domain.Pageable,java.lang.String,org.springframework.security.core.Authentication); target is of class [com.jmp.api.controller.ConferenceController]
2026-09-20 02:54:08 [http-nio-8080-exec-1] [] DEBUG o.s.security.web.FilterChainProxy - Securing GET /api/v1/conferences?search=
2026-09-20 02:54:08 [http-nio-8080-exec-1] [] DEBUG c.j.i.s.JwtAuthenticationFilter - Authenticated user: cccccccc-cccc-cccc-cccc-ccccccccccc1, URI: /api/v1/conferences
2026-09-20 02:54:08 [http-nio-8080-exec-1] [] DEBUG o.s.security.web.FilterChainProxy - Secured GET /api/v1/conferences?search=
2026-09-20 02:54:08 [http-nio-8080-exec-1] [] DEBUG o.s.s.a.m.AuthorizationManagerBeforeMethodInterceptor - Authorizing method invocation ReflectiveMethodInvocation: public org.springframework.http.ResponseEntity com.jmp.api.controller.ConferenceController.listConferences(org.springframework.data.domain.Pageable,java.lang.String,org.springframework.security.core.Authentication); target is of class [com.jmp.api.controller.ConferenceController]
2026-09-20 02:54:08 [http-nio-8080-exec-1] [] DEBUG o.s.s.a.m.AuthorizationManagerBeforeMethodInterceptor - Authorized method invocation ReflectiveMethodInvocation: public org.springframework.http.ResponseEntity com.jmp.api.controller.ConferenceController.listConferences(org.springframework.data.domain.Pageable,java.lang.String,org.springframework.security.core.Authentication); target is of class [com.jmp.api.controller.ConferenceController]
2026-09-20 02:54:11 [http-nio-8080-exec-3] [] DEBUG o.s.security.web.FilterChainProxy - Securing GET /actuator/prometheus
2026-09-20 02:54:11 [http-nio-8080-exec-3] [] DEBUG o.s.s.w.a.AnonymousAuthenticationFilter - Set SecurityContextHolder to anonymous SecurityContext
2026-09-20 02:54:11 [http-nio-8080-exec-3] [] DEBUG o.s.s.w.a.Http403ForbiddenEntryPoint - Pre-authenticated entry point called. Rejecting access
2026-09-20 02:54:11 [http-nio-8080-exec-3] [] DEBUG o.s.security.web.FilterChainProxy - Securing GET /error
2026-09-20 02:54:11 [http-nio-8080-exec-3] [] DEBUG o.s.s.w.a.AnonymousAuthenticationFilter - Set SecurityContextHolder to anonymous SecurityContext
2026-09-20 02:54:11 [http-nio-8080-exec-3] [] DEBUG o.s.s.w.a.Http403ForbiddenEntryPoint - Pre-authenticated entry point called. Rejecting access
2026-09-20 02:54:16 [http-nio-8080-exec-2] [] DEBUG o.s.security.web.FilterChainProxy - Securing GET /actuator/prometheus
2026-09-20 02:54:16 [http-nio-8080-exec-2] [] DEBUG o.s.s.w.a.AnonymousAuthenticationFilter - Set SecurityContextHolder to anonymous SecurityContext
2026-09-20 02:54:16 [http-nio-8080-exec-2] [] DEBUG o.s.s.w.a.Http403ForbiddenEntryPoint - Pre-authenticated entry point called. Rejecting access
2026-09-20 02:54:16 [http-nio-8080-exec-2] [] DEBUG o.s.security.web.FilterChainProxy - Securing GET /error
2026-09-20 02:54:16 [http-nio-8080-exec-2] [] DEBUG o.s.s.w.a.AnonymousAuthenticationFilter - Set SecurityContextHolder to anonymous SecurityContext
2026-09-20 02:54:16 [http-nio-8080-exec-2] [] DEBUG o.s.s.w.a.Http403ForbiddenEntryPoint - Pre-authenticated entry point called. Rejecting access
2026-09-20 02:54:21 [http-nio-8080-exec-5] [] DEBUG o.s.security.web.FilterChainProxy - Securing GET /actuator/prometheus
2026-09-20 02:54:21 [http-nio-8080-exec-5] [] DEBUG o.s.s.w.a.AnonymousAuthenticationFilter - Set SecurityContextHolder to anonymous SecurityContext
2026-09-20 02:54:21 [http-nio-8080-exec-5] [] DEBUG o.s.s.w.a.Http403ForbiddenEntryPoint - Pre-authenticated entry point called. Rejecting access
2026-09-20 02:54:21 [http-nio-8080-exec-5] [] DEBUG o.s.security.web.FilterChainProxy - Securing GET /error
2026-09-20 02:54:21 [http-nio-8080-exec-5] [] DEBUG o.s.s.w.a.AnonymousAuthenticationFilter - Set SecurityContextHolder to anonymous SecurityContext
2026-09-20 02:54:21 [http-nio-8080-exec-5] [] DEBUG o.s.s.w.a.Http403ForbiddenEntryPoint - Pre-authenticated entry point called. Rejecting access
2026-09-20 02:54:26 [http-nio-8080-exec-6] [] DEBUG o.s.security.web.FilterChainProxy - Securing GET /actuator/prometheus
2026-09-20 02:54:26 [http-nio-8080-exec-6] [] DEBUG o.s.s.w.a.AnonymousAuthenticationFilter - Set SecurityContextHolder to anonymous SecurityContext
2026-09-20 02:54:26 [http-nio-8080-exec-6] [] DEBUG o.s.s.w.a.Http403ForbiddenEntryPoint - Pre-authenticated entry point called. Rejecting access
2026-09-20 02:54:26 [http-nio-8080-exec-6] [] DEBUG o.s.security.web.FilterChainProxy - Securing GET /error
2026-09-20 02:54:26 [http-nio-8080-exec-6] [] DEBUG o.s.s.w.a.AnonymousAuthenticationFilter - Set SecurityContextHolder to anonymous SecurityContext
2026-09-20 02:54:26 [http-nio-8080-exec-6] [] DEBUG o.s.s.w.a.Http403ForbiddenEntryPoint - Pre-authenticated entry point called. Rejecting access
2026-09-20 02:54:31 [http-nio-8080-exec-8] [] DEBUG o.s.security.web.FilterChainProxy - Securing GET /actuator/prometheus
2026-09-20 02:54:31 [http-nio-8080-exec-8] [] DEBUG o.s.s.w.a.AnonymousAuthenticationFilter - Set SecurityContextHolder to anonymous SecurityContext
2026-09-20 02:54:31 [http-nio-8080-exec-8] [] DEBUG o.s.s.w.a.Http403ForbiddenEntryPoint - Pre-authenticated entry point called. Rejecting access
2026-09-20 02:54:31 [http-nio-8080-exec-8] [] DEBUG o.s.security.web.FilterChainProxy - Securing GET /error
2026-09-20 02:54:31 [http-nio-8080-exec-8] [] DEBUG o.s.s.w.a.AnonymousAuthenticationFilter - Set SecurityContextHolder to anonymous SecurityContext
2026-09-20 02:54:31 [http-nio-8080-exec-8] [] DEBUG o.s.s.w.a.Http403ForbiddenEntryPoint - Pre-authenticated entry point called. Rejecting access
2026-09-20 02:54:36 [http-nio-8080-exec-4] [] DEBUG o.s.security.web.FilterChainProxy - Securing GET /actuator/prometheus
2026-09-20 02:54:36 [http-nio-8080-exec-4] [] DEBUG o.s.s.w.a.AnonymousAuthenticationFilter - Set SecurityContextHolder to anonymous SecurityContext
2026-09-20 02:54:36 [http-nio-8080-exec-4] [] DEBUG o.s.s.w.a.Http403ForbiddenEntryPoint - Pre-authenticated entry point called. Rejecting access
2026-09-20 02:54:36 [http-nio-8080-exec-4] [] DEBUG o.s.security.web.FilterChainProxy - Securing GET /error
2026-09-20 02:54:36 [http-nio-8080-exec-4] [] DEBUG o.s.s.w.a.AnonymousAuthenticationFilter - Set SecurityContextHolder to anonymous SecurityContext
2026-09-20 02:54:36 [http-nio-8080-exec-4] [] DEBUG o.s.s.w.a.Http403ForbiddenEntryPoint - Pre-authenticated entry point called. Rejecting access
2026-09-20 02:54:41 [http-nio-8080-exec-7] [] DEBUG o.s.security.web.FilterChainProxy - Securing GET /actuator/prometheus
2026-09-20 02:54:41 [http-nio-8080-exec-7] [] DEBUG o.s.s.w.a.AnonymousAuthenticationFilter - Set SecurityContextHolder to anonymous SecurityContext
2026-09-20 02:54:41 [http-nio-8080-exec-7] [] DEBUG o.s.s.w.a.Http403ForbiddenEntryPoint - Pre-authenticated entry point called. Rejecting access
2026-09-20 02:54:41 [http-nio-8080-exec-7] [] DEBUG o.s.security.web.FilterChainProxy - Securing GET /error
2026-09-20 02:54:41 [http-nio-8080-exec-7] [] DEBUG o.s.s.w.a.AnonymousAuthenticationFilter - Set SecurityContextHolder to anonymous SecurityContext
2026-09-20 02:54:41 [http-nio-8080-exec-7] [] DEBUG o.s.s.w.a.Http403ForbiddenEntryPoint - Pre-authenticated entry point called. Rejecting access
2026-09-20 02:54:46 [http-nio-8080-exec-9] [] DEBUG o.s.security.web.FilterChainProxy - Securing GET /actuator/prometheus
2026-09-20 02:54:46 [http-nio-8080-exec-9] [] DEBUG o.s.s.w.a.AnonymousAuthenticationFilter - Set SecurityContextHolder to anonymous SecurityContext
2026-09-20 02:54:46 [http-nio-8080-exec-9] [] DEBUG o.s.s.w.a.Http403ForbiddenEntryPoint - Pre-authenticated entry point called. Rejecting access
2026-09-20 02:54:46 [http-nio-8080-exec-9] [] DEBUG o.s.security.web.FilterChainProxy - Securing GET /error
2026-09-20 02:54:46 [http-nio-8080-exec-9] [] DEBUG o.s.s.w.a.AnonymousAuthenticationFilter - Set SecurityContextHolder to anonymous SecurityContext
2026-09-20 02:54:46 [http-nio-8080-exec-9] [] DEBUG o.s.s.w.a.Http403ForbiddenEntryPoint - Pre-authenticated entry point called. Rejecting access
2026-09-20 02:54:51 [http-nio-8080-exec-10] [] DEBUG o.s.security.web.FilterChainProxy - Securing GET /actuator/prometheus
2026-09-20 02:54:51 [http-nio-8080-exec-10] [] DEBUG o.s.s.w.a.AnonymousAuthenticationFilter - Set SecurityContextHolder to anonymous SecurityContext
2026-09-20 02:54:51 [http-nio-8080-exec-10] [] DEBUG o.s.s.w.a.Http403ForbiddenEntryPoint - Pre-authenticated entry point called. Rejecting access
2026-09-20 02:54:51 [http-nio-8080-exec-10] [] DEBUG o.s.security.web.FilterChainProxy - Securing GET /error
2026-09-20 02:54:51 [http-nio-8080-exec-10] [] DEBUG o.s.s.w.a.AnonymousAuthenticationFilter - Set SecurityContextHolder to anonymous SecurityContext
2026-09-20 02:54:51 [http-nio-8080-exec-10] [] DEBUG o.s.s.w.a.Http403ForbiddenEntryPoint - Pre-authenticated entry point called. Rejecting access
2026-09-20 02:54:56 [http-nio-8080-exec-1] [] DEBUG o.s.security.web.FilterChainProxy - Securing GET /actuator/prometheus
2026-09-20 02:54:56 [http-nio-8080-exec-1] [] DEBUG o.s.s.w.a.AnonymousAuthenticationFilter - Set SecurityContextHolder to anonymous SecurityContext
2026-09-20 02:54:56 [http-nio-8080-exec-1] [] DEBUG o.s.s.w.a.Http403ForbiddenEntryPoint - Pre-authenticated entry point called. Rejecting access
2026-09-20 02:54:56 [http-nio-8080-exec-1] [] DEBUG o.s.security.web.FilterChainProxy - Securing GET /error
2026-09-20 02:54:56 [http-nio-8080-exec-1] [] DEBUG o.s.s.w.a.AnonymousAuthenticationFilter - Set SecurityContextHolder to anonymous SecurityContext
2026-09-20 02:54:56 [http-nio-8080-exec-1] [] DEBUG o.s.s.w.a.Http403ForbiddenEntryPoint - Pre-authenticated entry point called. Rejecting access
2026-09-20 02:55:01 [http-nio-8080-exec-3] [] DEBUG o.s.security.web.FilterChainProxy - Securing GET /actuator/prometheus
2026-09-20 02:55:01 [http-nio-8080-exec-3] [] DEBUG o.s.s.w.a.AnonymousAuthenticationFilter - Set SecurityContextHolder to anonymous SecurityContext
2026-09-20 02:55:01 [http-nio-8080-exec-3] [] DEBUG o.s.s.w.a.Http403ForbiddenEntryPoint - Pre-authenticated entry point called. Rejecting access
2026-09-20 02:55:01 [http-nio-8080-exec-3] [] DEBUG o.s.security.web.FilterChainProxy - Securing GET /error
2026-09-20 02:55:01 [http-nio-8080-exec-3] [] DEBUG o.s.s.w.a.AnonymousAuthenticationFilter - Set SecurityContextHolder to anonymous SecurityContext
2026-09-20 02:55:01 [http-nio-8080-exec-3] [] DEBUG o.s.s.w.a.Http403ForbiddenEntryPoint - Pre-authenticated entry point called. Rejecting access
2026-09-20 02:55:06 [http-nio-8080-exec-2] [] DEBUG o.s.security.web.FilterChainProxy - Securing GET /actuator/prometheus
2026-09-20 02:55:06 [http-nio-8080-exec-2] [] DEBUG o.s.s.w.a.AnonymousAuthenticationFilter - Set SecurityContextHolder to anonymous SecurityContext
2026-09-20 02:55:06 [http-nio-8080-exec-2] [] DEBUG o.s.s.w.a.Http403ForbiddenEntryPoint - Pre-authenticated entry point called. Rejecting access
2026-09-20 02:55:06 [http-nio-8080-exec-2] [] DEBUG o.s.security.web.FilterChainProxy - Securing GET /error
2026-09-20 02:55:06 [http-nio-8080-exec-2] [] DEBUG o.s.s.w.a.AnonymousAuthenticationFilter - Set SecurityContextHolder to anonymous SecurityContext
2026-09-20 02:55:06 [http-nio-8080-exec-2] [] DEBUG o.s.s.w.a.Http403ForbiddenEntryPoint - Pre-authenticated entry point called. Rejecting access
2026-09-20 02:55:11 [http-nio-8080-exec-5] [] DEBUG o.s.security.web.FilterChainProxy - Securing GET /actuator/prometheus
2026-09-20 02:55:11 [http-nio-8080-exec-5] [] DEBUG o.s.s.w.a.AnonymousAuthenticationFilter - Set SecurityContextHolder to anonymous SecurityContext
2026-09-20 02:55:11 [http-nio-8080-exec-5] [] DEBUG o.s.s.w.a.Http403ForbiddenEntryPoint - Pre-authenticated entry point called. Rejecting access
2026-09-20 02:55:11 [http-nio-8080-exec-5] [] DEBUG o.s.security.web.FilterChainProxy - Securing GET /error
2026-09-20 02:55:11 [http-nio-8080-exec-5] [] DEBUG o.s.s.w.a.AnonymousAuthenticationFilter - Set SecurityContextHolder to anonymous SecurityContext
2026-09-20 02:55:11 [http-nio-8080-exec-5] [] DEBUG o.s.s.w.a.Http403ForbiddenEntryPoint - Pre-authenticated entry point called. Rejecting access
2026-09-20 02:55:16 [http-nio-8080-exec-6] [] DEBUG o.s.security.web.FilterChainProxy - Securing GET /actuator/prometheus
2026-09-20 02:55:16 [http-nio-8080-exec-6] [] DEBUG o.s.s.w.a.AnonymousAuthenticationFilter - Set SecurityContextHolder to anonymous SecurityContext
2026-09-20 02:55:16 [http-nio-8080-exec-6] [] DEBUG o.s.s.w.a.Http403ForbiddenEntryPoint - Pre-authenticated entry point called. Rejecting access
2026-09-20 02:55:16 [http-nio-8080-exec-6] [] DEBUG o.s.security.web.FilterChainProxy - Securing GET /error
2026-09-20 02:55:16 [http-nio-8080-exec-6] [] DEBUG o.s.s.w.a.AnonymousAuthenticationFilter - Set SecurityContextHolder to anonymous SecurityContext
2026-09-20 02:55:16 [http-nio-8080-exec-6] [] DEBUG o.s.s.w.a.Http403ForbiddenEntryPoint - Pre-authenticated entry point called. Rejecting access
2026-09-20 02:55:21 [http-nio-8080-exec-8] [] DEBUG o.s.security.web.FilterChainProxy - Securing GET /api/v1/conferences?search=
2026-09-20 02:55:21 [http-nio-8080-exec-8] [] DEBUG c.j.i.s.JwtAuthenticationFilter - Authenticated user: cccccccc-cccc-cccc-cccc-ccccccccccc1, URI: /api/v1/conferences
2026-09-20 02:55:21 [http-nio-8080-exec-8] [] DEBUG o.s.security.web.FilterChainProxy - Secured GET /api/v1/conferences?search=
2026-09-20 02:55:21 [http-nio-8080-exec-8] [] DEBUG o.s.s.a.m.AuthorizationManagerBeforeMethodInterceptor - Authorizing method invocation ReflectiveMethodInvocation: public org.springframework.http.ResponseEntity com.jmp.api.controller.ConferenceController.listConferences(org.springframework.data.domain.Pageable,java.lang.String,org.springframework.security.core.Authentication); target is of class [com.jmp.api.controller.ConferenceController]
2026-09-20 02:55:21 [http-nio-8080-exec-8] [] DEBUG o.s.s.a.m.AuthorizationManagerBeforeMethodInterceptor - Authorized method invocation ReflectiveMethodInvocation: public org.springframework.http.ResponseEntity com.jmp.api.controller.ConferenceController.listConferences(org.springframework.data.domain.Pageable,java.lang.String,org.springframework.security.core.Authentication); target is of class [com.jmp.api.controller.ConferenceController]
2026-09-20 02:55:21 [http-nio-8080-exec-4] [] DEBUG o.s.security.web.FilterChainProxy - Securing POST /api/v1/conferences/127b2f36-30e5-452b-9763-e1f30c355160/token
2026-09-20 02:55:21 [http-nio-8080-exec-4] [] DEBUG c.j.i.s.JwtAuthenticationFilter - Authenticated user: cccccccc-cccc-cccc-cccc-ccccccccccc1, URI: /api/v1/conferences/127b2f36-30e5-452b-9763-e1f30c355160/token
2026-09-20 02:55:21 [http-nio-8080-exec-4] [] DEBUG o.s.security.web.FilterChainProxy - Secured POST /api/v1/conferences/127b2f36-30e5-452b-9763-e1f30c355160/token
2026-09-20 02:55:21 [http-nio-8080-exec-4] [] DEBUG o.s.s.a.m.AuthorizationManagerBeforeMethodInterceptor - Authorizing method invocation ReflectiveMethodInvocation: public org.springframework.http.ResponseEntity com.jmp.api.controller.ConferenceController.generateToken(java.util.UUID,org.springframework.security.core.Authentication); target is of class [com.jmp.api.controller.ConferenceController]
2026-09-20 02:55:21 [http-nio-8080-exec-4] [] DEBUG o.s.s.a.m.AuthorizationManagerBeforeMethodInterceptor - Authorized method invocation ReflectiveMethodInvocation: public org.springframework.http.ResponseEntity com.jmp.api.controller.ConferenceController.generateToken(java.util.UUID,org.springframework.security.core.Authentication); target is of class [com.jmp.api.controller.ConferenceController]
2026-09-20 02:55:21 [http-nio-8080-exec-4] [] DEBUG c.jmp.application.service.JwtService - Generating Jitsi token for conference: 127b2f36-30e5-452b-9763-e1f30c355160, user: cccccccc-cccc-cccc-cccc-ccccccccccc1
2026-09-20 02:55:21 [http-nio-8080-exec-4] [] INFO  c.j.a.service.ConferenceLinkService - Issued a personal Jitsi token for user: cccccccc-cccc-cccc-cccc-ccccccccccc1 in conference: 127b2f36-30e5-452b-9763-e1f30c355160 (moderator)
2026-09-20 02:55:21 [http-nio-8080-exec-7] [] DEBUG o.s.security.web.FilterChainProxy - Securing GET /actuator/prometheus
2026-09-20 02:55:21 [http-nio-8080-exec-7] [] DEBUG o.s.s.w.a.AnonymousAuthenticationFilter - Set SecurityContextHolder to anonymous SecurityContext
2026-09-20 02:55:21 [http-nio-8080-exec-7] [] DEBUG o.s.s.w.a.Http403ForbiddenEntryPoint - Pre-authenticated entry point called. Rejecting access
2026-09-20 02:55:21 [http-nio-8080-exec-7] [] DEBUG o.s.security.web.FilterChainProxy - Securing GET /error
2026-09-20 02:55:21 [http-nio-8080-exec-7] [] DEBUG o.s.s.w.a.AnonymousAuthenticationFilter - Set SecurityContextHolder to anonymous SecurityContext
2026-09-20 02:55:21 [http-nio-8080-exec-7] [] DEBUG o.s.s.w.a.Http403ForbiddenEntryPoint - Pre-authenticated entry point called. Rejecting access
2026-09-20 02:55:26 [http-nio-8080-exec-9] [] DEBUG o.s.security.web.FilterChainProxy - Securing GET /actuator/prometheus
2026-09-20 02:55:26 [http-nio-8080-exec-9] [] DEBUG o.s.s.w.a.AnonymousAuthenticationFilter - Set SecurityContextHolder to anonymous SecurityContext
2026-09-20 02:55:26 [http-nio-8080-exec-9] [] DEBUG o.s.s.w.a.Http403ForbiddenEntryPoint - Pre-authenticated entry point called. Rejecting access
2026-09-20 02:55:26 [http-nio-8080-exec-9] [] DEBUG o.s.security.web.FilterChainProxy - Securing GET /error
2026-09-20 02:55:26 [http-nio-8080-exec-9] [] DEBUG o.s.s.w.a.AnonymousAuthenticationFilter - Set SecurityContextHolder to anonymous SecurityContext
2026-09-20 02:55:26 [http-nio-8080-exec-9] [] DEBUG o.s.s.w.a.Http403ForbiddenEntryPoint - Pre-authenticated entry point called. Rejecting access
2026-09-20 02:55:31 [http-nio-8080-exec-10] [] DEBUG o.s.security.web.FilterChainProxy - Securing GET /actuator/prometheus
2026-09-20 02:55:31 [http-nio-8080-exec-10] [] DEBUG o.s.s.w.a.AnonymousAuthenticationFilter - Set SecurityContextHolder to anonymous SecurityContext
2026-09-20 02:55:31 [http-nio-8080-exec-10] [] DEBUG o.s.s.w.a.Http403ForbiddenEntryPoint - Pre-authenticated entry point called. Rejecting access
2026-09-20 02:55:31 [http-nio-8080-exec-10] [] DEBUG o.s.security.web.FilterChainProxy - Securing GET /error
2026-09-20 02:55:31 [http-nio-8080-exec-10] [] DEBUG o.s.s.w.a.AnonymousAuthenticationFilter - Set SecurityContextHolder to anonymous SecurityContext
2026-09-20 02:55:31 [http-nio-8080-exec-10] [] DEBUG o.s.s.w.a.Http403ForbiddenEntryPoint - Pre-authenticated entry point called. Rejecting access
2026-09-20 02:55:36 [http-nio-8080-exec-1] [] DEBUG o.s.security.web.FilterChainProxy - Securing GET /actuator/prometheus
2026-09-20 02:55:36 [http-nio-8080-exec-1] [] DEBUG o.s.s.w.a.AnonymousAuthenticationFilter - Set SecurityContextHolder to anonymous SecurityContext
2026-09-20 02:55:36 [http-nio-8080-exec-1] [] DEBUG o.s.s.w.a.Http403ForbiddenEntryPoint - Pre-authenticated entry point called. Rejecting access
2026-09-20 02:55:36 [http-nio-8080-exec-1] [] DEBUG o.s.security.web.FilterChainProxy - Securing GET /error
2026-09-20 02:55:36 [http-nio-8080-exec-1] [] DEBUG o.s.s.w.a.AnonymousAuthenticationFilter - Set SecurityContextHolder to anonymous SecurityContext
2026-09-20 02:55:36 [http-nio-8080-exec-1] [] DEBUG o.s.s.w.a.Http403ForbiddenEntryPoint - Pre-authenticated entry point called. Rejecting access
2026-09-20 02:55:41 [http-nio-8080-exec-3] [] DEBUG o.s.security.web.FilterChainProxy - Securing GET /actuator/prometheus
2026-09-20 02:55:41 [http-nio-8080-exec-3] [] DEBUG o.s.s.w.a.AnonymousAuthenticationFilter - Set SecurityContextHolder to anonymous SecurityContext
2026-09-20 02:55:41 [http-nio-8080-exec-3] [] DEBUG o.s.s.w.a.Http403ForbiddenEntryPoint - Pre-authenticated entry point called. Rejecting access
2026-09-20 02:55:41 [http-nio-8080-exec-3] [] DEBUG o.s.security.web.FilterChainProxy - Securing GET /error
2026-09-20 02:55:41 [http-nio-8080-exec-3] [] DEBUG o.s.s.w.a.AnonymousAuthenticationFilter - Set SecurityContextHolder to anonymous SecurityContext
2026-09-20 02:55:41 [http-nio-8080-exec-3] [] DEBUG o.s.s.w.a.Http403ForbiddenEntryPoint - Pre-authenticated entry point called. Rejecting access
2026-09-20 02:55:46 [http-nio-8080-exec-2] [] DEBUG o.s.security.web.FilterChainProxy - Securing GET /actuator/prometheus
2026-09-20 02:55:46 [http-nio-8080-exec-2] [] DEBUG o.s.s.w.a.AnonymousAuthenticationFilter - Set SecurityContextHolder to anonymous SecurityContext
2026-09-20 02:55:46 [http-nio-8080-exec-2] [] DEBUG o.s.s.w.a.Http403ForbiddenEntryPoint - Pre-authenticated entry point called. Rejecting access
2026-09-20 02:55:46 [http-nio-8080-exec-2] [] DEBUG o.s.security.web.FilterChainProxy - Securing GET /error
2026-09-20 02:55:46 [http-nio-8080-exec-2] [] DEBUG o.s.s.w.a.AnonymousAuthenticationFilter - Set SecurityContextHolder to anonymous SecurityContext
2026-09-20 02:55:46 [http-nio-8080-exec-2] [] DEBUG o.s.s.w.a.Http403ForbiddenEntryPoint - Pre-authenticated entry point called. Rejecting access
2026-09-20 02:55:51 [http-nio-8080-exec-5] [] DEBUG o.s.security.web.FilterChainProxy - Securing GET /actuator/prometheus
2026-09-20 02:55:51 [http-nio-8080-exec-5] [] DEBUG o.s.s.w.a.AnonymousAuthenticationFilter - Set SecurityContextHolder to anonymous SecurityContext
2026-09-20 02:55:51 [http-nio-8080-exec-5] [] DEBUG o.s.s.w.a.Http403ForbiddenEntryPoint - Pre-authenticated entry point called. Rejecting access
2026-09-20 02:55:51 [http-nio-8080-exec-5] [] DEBUG o.s.security.web.FilterChainProxy - Securing GET /error
2026-09-20 02:55:51 [http-nio-8080-exec-5] [] DEBUG o.s.s.w.a.AnonymousAuthenticationFilter - Set SecurityContextHolder to anonymous SecurityContext
2026-09-20 02:55:51 [http-nio-8080-exec-5] [] DEBUG o.s.s.w.a.Http403ForbiddenEntryPoint - Pre-authenticated entry point called. Rejecting access
2026-09-20 02:55:56 [http-nio-8080-exec-6] [] DEBUG o.s.security.web.FilterChainProxy - Securing GET /actuator/prometheus
2026-09-20 02:55:56 [http-nio-8080-exec-6] [] DEBUG o.s.s.w.a.AnonymousAuthenticationFilter - Set SecurityContextHolder to anonymous SecurityContext
2026-09-20 02:55:56 [http-nio-8080-exec-6] [] DEBUG o.s.s.w.a.Http403ForbiddenEntryPoint - Pre-authenticated entry point called. Rejecting access
2026-09-20 02:55:56 [http-nio-8080-exec-6] [] DEBUG o.s.security.web.FilterChainProxy - Securing GET /error
2026-09-20 02:55:56 [http-nio-8080-exec-6] [] DEBUG o.s.s.w.a.AnonymousAuthenticationFilter - Set SecurityContextHolder to anonymous SecurityContext
2026-09-20 02:55:56 [http-nio-8080-exec-6] [] DEBUG o.s.s.w.a.Http403ForbiddenEntryPoint - Pre-authenticated entry point called. Rejecting access
2026-09-20 02:56:00 [http-nio-8080-exec-8] [] DEBUG o.s.security.web.FilterChainProxy - Securing GET /api/v1/conferences/127b2f36-30e5-452b-9763-e1f30c355160/links
2026-09-20 02:56:00 [http-nio-8080-exec-8] [] DEBUG c.j.i.s.JwtAuthenticationFilter - Authenticated user: cccccccc-cccc-cccc-cccc-ccccccccccc1, URI: /api/v1/conferences/127b2f36-30e5-452b-9763-e1f30c355160/links
2026-09-20 02:56:00 [http-nio-8080-exec-8] [] DEBUG o.s.security.web.FilterChainProxy - Secured GET /api/v1/conferences/127b2f36-30e5-452b-9763-e1f30c355160/links
2026-09-20 02:56:00 [http-nio-8080-exec-8] [] DEBUG o.s.s.a.m.AuthorizationManagerBeforeMethodInterceptor - Authorizing method invocation ReflectiveMethodInvocation: public org.springframework.http.ResponseEntity com.jmp.api.controller.ConferenceLinkController.listLinks(java.util.UUID,org.springframework.security.core.Authentication); target is of class [com.jmp.api.controller.ConferenceLinkController]
2026-09-20 02:56:00 [http-nio-8080-exec-8] [] DEBUG o.s.s.a.m.AuthorizationManagerBeforeMethodInterceptor - Authorized method invocation ReflectiveMethodInvocation: public org.springframework.http.ResponseEntity com.jmp.api.controller.ConferenceLinkController.listLinks(java.util.UUID,org.springframework.security.core.Authentication); target is of class [com.jmp.api.controller.ConferenceLinkController]
2026-09-20 02:56:01 [http-nio-8080-exec-4] [] DEBUG o.s.security.web.FilterChainProxy - Securing GET /actuator/prometheus
2026-09-20 02:56:01 [http-nio-8080-exec-4] [] DEBUG o.s.s.w.a.AnonymousAuthenticationFilter - Set SecurityContextHolder to anonymous SecurityContext
2026-09-20 02:56:01 [http-nio-8080-exec-4] [] DEBUG o.s.s.w.a.Http403ForbiddenEntryPoint - Pre-authenticated entry point called. Rejecting access
2026-09-20 02:56:01 [http-nio-8080-exec-4] [] DEBUG o.s.security.web.FilterChainProxy - Securing GET /error
2026-09-20 02:56:01 [http-nio-8080-exec-4] [] DEBUG o.s.s.w.a.AnonymousAuthenticationFilter - Set SecurityContextHolder to anonymous SecurityContext
2026-09-20 02:56:01 [http-nio-8080-exec-4] [] DEBUG o.s.s.w.a.Http403ForbiddenEntryPoint - Pre-authenticated entry point called. Rejecting access
2026-09-20 02:56:06 [http-nio-8080-exec-7] [] DEBUG o.s.security.web.FilterChainProxy - Securing GET /actuator/prometheus
2026-09-20 02:56:06 [http-nio-8080-exec-7] [] DEBUG o.s.s.w.a.AnonymousAuthenticationFilter - Set SecurityContextHolder to anonymous SecurityContext
2026-09-20 02:56:06 [http-nio-8080-exec-7] [] DEBUG o.s.s.w.a.Http403ForbiddenEntryPoint - Pre-authenticated entry point called. Rejecting access
2026-09-20 02:56:06 [http-nio-8080-exec-7] [] DEBUG o.s.security.web.FilterChainProxy - Securing GET /error
2026-09-20 02:56:06 [http-nio-8080-exec-7] [] DEBUG o.s.s.w.a.AnonymousAuthenticationFilter - Set SecurityContextHolder to anonymous SecurityContext
2026-09-20 02:56:06 [http-nio-8080-exec-7] [] DEBUG o.s.s.w.a.Http403ForbiddenEntryPoint - Pre-authenticated entry point called. Rejecting access
2026-09-20 02:56:11 [http-nio-8080-exec-9] [] DEBUG o.s.security.web.FilterChainProxy - Securing GET /actuator/prometheus
2026-09-20 02:56:11 [http-nio-8080-exec-9] [] DEBUG o.s.s.w.a.AnonymousAuthenticationFilter - Set SecurityContextHolder to anonymous SecurityContext
2026-09-20 02:56:11 [http-nio-8080-exec-9] [] DEBUG o.s.s.w.a.Http403ForbiddenEntryPoint - Pre-authenticated entry point called. Rejecting access
2026-09-20 02:56:11 [http-nio-8080-exec-9] [] DEBUG o.s.security.web.FilterChainProxy - Securing GET /error
2026-09-20 02:56:11 [http-nio-8080-exec-9] [] DEBUG o.s.s.w.a.AnonymousAuthenticationFilter - Set SecurityContextHolder to anonymous SecurityContext
2026-09-20 02:56:11 [http-nio-8080-exec-9] [] DEBUG o.s.s.w.a.Http403ForbiddenEntryPoint - Pre-authenticated entry point called. Rejecting access
2026-09-20 02:56:16 [http-nio-8080-exec-10] [] DEBUG o.s.security.web.FilterChainProxy - Securing GET /actuator/prometheus
2026-09-20 02:56:16 [http-nio-8080-exec-10] [] DEBUG o.s.s.w.a.AnonymousAuthenticationFilter - Set SecurityContextHolder to anonymous SecurityContext
2026-09-20 02:56:16 [http-nio-8080-exec-10] [] DEBUG o.s.s.w.a.Http403ForbiddenEntryPoint - Pre-authenticated entry point called. Rejecting access
2026-09-20 02:56:16 [http-nio-8080-exec-10] [] DEBUG o.s.security.web.FilterChainProxy - Securing GET /error
2026-09-20 02:56:17 [http-nio-8080-exec-10] [] DEBUG o.s.s.w.a.AnonymousAuthenticationFilter - Set SecurityContextHolder to anonymous SecurityContext
2026-09-20 02:56:17 [http-nio-8080-exec-10] [] DEBUG o.s.s.w.a.Http403ForbiddenEntryPoint - Pre-authenticated entry point called. Rejecting access
2026-09-20 02:56:21 [http-nio-8080-exec-1] [] DEBUG o.s.security.web.FilterChainProxy - Securing GET /actuator/prometheus
2026-09-20 02:56:21 [http-nio-8080-exec-1] [] DEBUG o.s.s.w.a.AnonymousAuthenticationFilter - Set SecurityContextHolder to anonymous SecurityContext
2026-09-20 02:56:21 [http-nio-8080-exec-1] [] DEBUG o.s.s.w.a.Http403ForbiddenEntryPoint - Pre-authenticated entry point called. Rejecting access
2026-09-20 02:56:21 [http-nio-8080-exec-1] [] DEBUG o.s.security.web.FilterChainProxy - Securing GET /error
2026-09-20 02:56:21 [http-nio-8080-exec-1] [] DEBUG o.s.s.w.a.AnonymousAuthenticationFilter - Set SecurityContextHolder to anonymous SecurityContext
2026-09-20 02:56:21 [http-nio-8080-exec-1] [] DEBUG o.s.s.w.a.Http403ForbiddenEntryPoint - Pre-authenticated entry point called. Rejecting access
2026-09-20 02:56:26 [http-nio-8080-exec-3] [] DEBUG o.s.security.web.FilterChainProxy - Securing GET /actuator/prometheus
2026-09-20 02:56:26 [http-nio-8080-exec-3] [] DEBUG o.s.s.w.a.AnonymousAuthenticationFilter - Set SecurityContextHolder to anonymous SecurityContext
2026-09-20 02:56:26 [http-nio-8080-exec-3] [] DEBUG o.s.s.w.a.Http403ForbiddenEntryPoint - Pre-authenticated entry point called. Rejecting access
2026-09-20 02:56:26 [http-nio-8080-exec-3] [] DEBUG o.s.security.web.FilterChainProxy - Securing GET /error
2026-09-20 02:56:26 [http-nio-8080-exec-3] [] DEBUG o.s.s.w.a.AnonymousAuthenticationFilter - Set SecurityContextHolder to anonymous SecurityContext
2026-09-20 02:56:26 [http-nio-8080-exec-3] [] DEBUG o.s.s.w.a.Http403ForbiddenEntryPoint - Pre-authenticated entry point called. Rejecting access
2026-09-20 02:56:31 [http-nio-8080-exec-2] [] DEBUG o.s.security.web.FilterChainProxy - Securing GET /actuator/prometheus
2026-09-20 02:56:31 [http-nio-8080-exec-2] [] DEBUG o.s.s.w.a.AnonymousAuthenticationFilter - Set SecurityContextHolder to anonymous SecurityContext
2026-09-20 02:56:31 [http-nio-8080-exec-2] [] DEBUG o.s.s.w.a.Http403ForbiddenEntryPoint - Pre-authenticated entry point called. Rejecting access
2026-09-20 02:56:31 [http-nio-8080-exec-2] [] DEBUG o.s.security.web.FilterChainProxy - Securing GET /error
2026-09-20 02:56:31 [http-nio-8080-exec-2] [] DEBUG o.s.s.w.a.AnonymousAuthenticationFilter - Set SecurityContextHolder to anonymous SecurityContext
2026-09-20 02:56:31 [http-nio-8080-exec-2] [] DEBUG o.s.s.w.a.Http403ForbiddenEntryPoint - Pre-authenticated entry point called. Rejecting access
2026-09-20 02:56:33 [http-nio-8080-exec-5] [] DEBUG o.s.security.web.FilterChainProxy - Securing GET /api/v1/join/VkcYJXW2zz65ipguIGLl4g
2026-09-20 02:56:35 [http-nio-8080-exec-5] [] ERROR c.j.i.s.JwtAuthenticationFilter - Cannot set user authentication: JWT expired 11887203316 milliseconds ago at 2026-05-05T09:56:30.000Z. Current time: 2026-09-19T23:56:33.316Z. Allowed clock skew: 0 milliseconds.
2026-09-20 02:56:35 [http-nio-8080-exec-5] [] DEBUG o.s.s.w.a.AnonymousAuthenticationFilter - Set SecurityContextHolder to anonymous SecurityContext
2026-09-20 02:56:35 [http-nio-8080-exec-5] [] DEBUG o.s.security.web.FilterChainProxy - Secured GET /api/v1/join/VkcYJXW2zz65ipguIGLl4g
2026-09-20 02:56:36 [http-nio-8080-exec-6] [] DEBUG o.s.security.web.FilterChainProxy - Securing GET /actuator/prometheus
2026-09-20 02:56:36 [http-nio-8080-exec-6] [] DEBUG o.s.s.w.a.AnonymousAuthenticationFilter - Set SecurityContextHolder to anonymous SecurityContext
2026-09-20 02:56:36 [http-nio-8080-exec-6] [] DEBUG o.s.s.w.a.Http403ForbiddenEntryPoint - Pre-authenticated entry point called. Rejecting access
2026-09-20 02:56:36 [http-nio-8080-exec-6] [] DEBUG o.s.security.web.FilterChainProxy - Securing GET /error
2026-09-20 02:56:37 [http-nio-8080-exec-6] [] DEBUG o.s.s.w.a.AnonymousAuthenticationFilter - Set SecurityContextHolder to anonymous SecurityContext
2026-09-20 02:56:37 [http-nio-8080-exec-6] [] DEBUG o.s.s.w.a.Http403ForbiddenEntryPoint - Pre-authenticated entry point called. Rejecting access
2026-09-20 02:56:37 [http-nio-8080-exec-5] [] DEBUG c.jmp.application.service.JwtService - Generating guest token for conference: 127b2f36-30e5-452b-9763-e1f30c355160
2026-09-20 02:56:37 [http-nio-8080-exec-5] [] INFO  c.j.a.service.ConferenceLinkService - Granted access via join link VkcYJXW2zz65ipguIGLl4g to conference 127b2f36-30e5-452b-9763-e1f30c355160 (participant)
2026-09-20 02:56:41 [http-nio-8080-exec-8] [] DEBUG o.s.security.web.FilterChainProxy - Securing GET /actuator/prometheus
2026-09-20 02:56:41 [http-nio-8080-exec-8] [] DEBUG o.s.s.w.a.AnonymousAuthenticationFilter - Set SecurityContextHolder to anonymous SecurityContext
2026-09-20 02:56:41 [http-nio-8080-exec-8] [] DEBUG o.s.s.w.a.Http403ForbiddenEntryPoint - Pre-authenticated entry point called. Rejecting access
2026-09-20 02:56:41 [http-nio-8080-exec-8] [] DEBUG o.s.security.web.FilterChainProxy - Securing GET /error
2026-09-20 02:56:41 [http-nio-8080-exec-8] [] DEBUG o.s.s.w.a.AnonymousAuthenticationFilter - Set SecurityContextHolder to anonymous SecurityContext
2026-09-20 02:56:41 [http-nio-8080-exec-8] [] DEBUG o.s.s.w.a.Http403ForbiddenEntryPoint - Pre-authenticated entry point called. Rejecting access
2026-09-20 02:56:46 [http-nio-8080-exec-4] [] DEBUG o.s.security.web.FilterChainProxy - Securing GET /actuator/prometheus
2026-09-20 02:56:46 [http-nio-8080-exec-4] [] DEBUG o.s.s.w.a.AnonymousAuthenticationFilter - Set SecurityContextHolder to anonymous SecurityContext
2026-09-20 02:56:46 [http-nio-8080-exec-4] [] DEBUG o.s.s.w.a.Http403ForbiddenEntryPoint - Pre-authenticated entry point called. Rejecting access
2026-09-20 02:56:46 [http-nio-8080-exec-4] [] DEBUG o.s.security.web.FilterChainProxy - Securing GET /error
2026-09-20 02:56:46 [http-nio-8080-exec-4] [] DEBUG o.s.s.w.a.AnonymousAuthenticationFilter - Set SecurityContextHolder to anonymous SecurityContext
2026-09-20 02:56:46 [http-nio-8080-exec-4] [] DEBUG o.s.s.w.a.Http403ForbiddenEntryPoint - Pre-authenticated entry point called. Rejecting access
2026-09-20 02:56:51 [http-nio-8080-exec-7] [] DEBUG o.s.security.web.FilterChainProxy - Securing GET /actuator/prometheus
2026-09-20 02:56:51 [http-nio-8080-exec-7] [] DEBUG o.s.s.w.a.AnonymousAuthenticationFilter - Set SecurityContextHolder to anonymous SecurityContext
2026-09-20 02:56:51 [http-nio-8080-exec-7] [] DEBUG o.s.s.w.a.Http403ForbiddenEntryPoint - Pre-authenticated entry point called. Rejecting access
2026-09-20 02:56:51 [http-nio-8080-exec-7] [] DEBUG o.s.security.web.FilterChainProxy - Securing GET /error
2026-09-20 02:56:51 [http-nio-8080-exec-7] [] DEBUG o.s.s.w.a.AnonymousAuthenticationFilter - Set SecurityContextHolder to anonymous SecurityContext
2026-09-20 02:56:51 [http-nio-8080-exec-7] [] DEBUG o.s.s.w.a.Http403ForbiddenEntryPoint - Pre-authenticated entry point called. Rejecting access
2026-09-20 02:56:56 [http-nio-8080-exec-9] [] DEBUG o.s.security.web.FilterChainProxy - Securing GET /actuator/prometheus
2026-09-20 02:56:56 [http-nio-8080-exec-9] [] DEBUG o.s.s.w.a.AnonymousAuthenticationFilter - Set SecurityContextHolder to anonymous SecurityContext
2026-09-20 02:56:56 [http-nio-8080-exec-9] [] DEBUG o.s.s.w.a.Http403ForbiddenEntryPoint - Pre-authenticated entry point called. Rejecting access
2026-09-20 02:56:56 [http-nio-8080-exec-9] [] DEBUG o.s.security.web.FilterChainProxy - Securing GET /error
2026-09-20 02:56:56 [http-nio-8080-exec-9] [] DEBUG o.s.s.w.a.AnonymousAuthenticationFilter - Set SecurityContextHolder to anonymous SecurityContext
2026-09-20 02:56:56 [http-nio-8080-exec-9] [] DEBUG o.s.s.w.a.Http403ForbiddenEntryPoint - Pre-authenticated entry point called. Rejecting access
2026-09-20 02:57:01 [http-nio-8080-exec-10] [] DEBUG o.s.security.web.FilterChainProxy - Securing GET /actuator/prometheus
2026-09-20 02:57:01 [http-nio-8080-exec-10] [] DEBUG o.s.s.w.a.AnonymousAuthenticationFilter - Set SecurityContextHolder to anonymous SecurityContext
2026-09-20 02:57:01 [http-nio-8080-exec-10] [] DEBUG o.s.s.w.a.Http403ForbiddenEntryPoint - Pre-authenticated entry point called. Rejecting access
2026-09-20 02:57:01 [http-nio-8080-exec-10] [] DEBUG o.s.security.web.FilterChainProxy - Securing GET /error
2026-09-20 02:57:01 [http-nio-8080-exec-10] [] DEBUG o.s.s.w.a.AnonymousAuthenticationFilter - Set SecurityContextHolder to anonymous SecurityContext
2026-09-20 02:57:01 [http-nio-8080-exec-10] [] DEBUG o.s.s.w.a.Http403ForbiddenEntryPoint - Pre-authenticated entry point called. Rejecting access
2026-09-20 02:57:06 [http-nio-8080-exec-1] [] DEBUG o.s.security.web.FilterChainProxy - Securing GET /actuator/prometheus
2026-09-20 02:57:06 [http-nio-8080-exec-1] [] DEBUG o.s.s.w.a.AnonymousAuthenticationFilter - Set SecurityContextHolder to anonymous SecurityContext
2026-09-20 02:57:06 [http-nio-8080-exec-1] [] DEBUG o.s.s.w.a.Http403ForbiddenEntryPoint - Pre-authenticated entry point called. Rejecting access
2026-09-20 02:57:06 [http-nio-8080-exec-1] [] DEBUG o.s.security.web.FilterChainProxy - Securing GET /error
2026-09-20 02:57:06 [http-nio-8080-exec-1] [] DEBUG o.s.s.w.a.AnonymousAuthenticationFilter - Set SecurityContextHolder to anonymous SecurityContext
2026-09-20 02:57:06 [http-nio-8080-exec-1] [] DEBUG o.s.s.w.a.Http403ForbiddenEntryPoint - Pre-authenticated entry point called. Rejecting access
2026-09-20 02:57:11 [http-nio-8080-exec-3] [] DEBUG o.s.security.web.FilterChainProxy - Securing GET /actuator/prometheus
2026-09-20 02:57:11 [http-nio-8080-exec-3] [] DEBUG o.s.s.w.a.AnonymousAuthenticationFilter - Set SecurityContextHolder to anonymous SecurityContext
2026-09-20 02:57:11 [http-nio-8080-exec-3] [] DEBUG o.s.s.w.a.Http403ForbiddenEntryPoint - Pre-authenticated entry point called. Rejecting access
2026-09-20 02:57:11 [http-nio-8080-exec-3] [] DEBUG o.s.security.web.FilterChainProxy - Securing GET /error
2026-09-20 02:57:11 [http-nio-8080-exec-3] [] DEBUG o.s.s.w.a.AnonymousAuthenticationFilter - Set SecurityContextHolder to anonymous SecurityContext
2026-09-20 02:57:11 [http-nio-8080-exec-3] [] DEBUG o.s.s.w.a.Http403ForbiddenEntryPoint - Pre-authenticated entry point called. Rejecting access
2026-09-20 02:57:16 [http-nio-8080-exec-2] [] DEBUG o.s.security.web.FilterChainProxy - Securing GET /actuator/prometheus
2026-09-20 02:57:16 [http-nio-8080-exec-2] [] DEBUG o.s.s.w.a.AnonymousAuthenticationFilter - Set SecurityContextHolder to anonymous SecurityContext
2026-09-20 02:57:16 [http-nio-8080-exec-2] [] DEBUG o.s.s.w.a.Http403ForbiddenEntryPoint - Pre-authenticated entry point called. Rejecting access
2026-09-20 02:57:16 [http-nio-8080-exec-2] [] DEBUG o.s.security.web.FilterChainProxy - Securing GET /error
2026-09-20 02:57:16 [http-nio-8080-exec-2] [] DEBUG o.s.s.w.a.AnonymousAuthenticationFilter - Set SecurityContextHolder to anonymous SecurityContext
2026-09-20 02:57:16 [http-nio-8080-exec-2] [] DEBUG o.s.s.w.a.Http403ForbiddenEntryPoint - Pre-authenticated entry point called. Rejecting access
2026-09-20 02:57:21 [http-nio-8080-exec-6] [] DEBUG o.s.security.web.FilterChainProxy - Securing GET /actuator/prometheus
2026-09-20 02:57:21 [http-nio-8080-exec-6] [] DEBUG o.s.s.w.a.AnonymousAuthenticationFilter - Set SecurityContextHolder to anonymous SecurityContext
2026-09-20 02:57:21 [http-nio-8080-exec-6] [] DEBUG o.s.s.w.a.Http403ForbiddenEntryPoint - Pre-authenticated entry point called. Rejecting access
2026-09-20 02:57:21 [http-nio-8080-exec-6] [] DEBUG o.s.security.web.FilterChainProxy - Securing GET /error
2026-09-20 02:57:21 [http-nio-8080-exec-6] [] DEBUG o.s.s.w.a.AnonymousAuthenticationFilter - Set SecurityContextHolder to anonymous SecurityContext
2026-09-20 02:57:21 [http-nio-8080-exec-6] [] DEBUG o.s.s.w.a.Http403ForbiddenEntryPoint - Pre-authenticated entry point called. Rejecting access
2026-09-20 02:57:26 [http-nio-8080-exec-5] [] DEBUG o.s.security.web.FilterChainProxy - Securing GET /actuator/prometheus
2026-09-20 02:57:26 [http-nio-8080-exec-5] [] DEBUG o.s.s.w.a.AnonymousAuthenticationFilter - Set SecurityContextHolder to anonymous SecurityContext
2026-09-20 02:57:26 [http-nio-8080-exec-5] [] DEBUG o.s.s.w.a.Http403ForbiddenEntryPoint - Pre-authenticated entry point called. Rejecting access
2026-09-20 02:57:26 [http-nio-8080-exec-5] [] DEBUG o.s.security.web.FilterChainProxy - Securing GET /error
2026-09-20 02:57:26 [http-nio-8080-exec-5] [] DEBUG o.s.s.w.a.AnonymousAuthenticationFilter - Set SecurityContextHolder to anonymous SecurityContext
2026-09-20 02:57:26 [http-nio-8080-exec-5] [] DEBUG o.s.s.w.a.Http403ForbiddenEntryPoint - Pre-authenticated entry point called. Rejecting access
2026-09-20 02:57:31 [http-nio-8080-exec-8] [] DEBUG o.s.security.web.FilterChainProxy - Securing GET /actuator/prometheus
2026-09-20 02:57:31 [http-nio-8080-exec-8] [] DEBUG o.s.s.w.a.AnonymousAuthenticationFilter - Set SecurityContextHolder to anonymous SecurityContext
2026-09-20 02:57:31 [http-nio-8080-exec-8] [] DEBUG o.s.s.w.a.Http403ForbiddenEntryPoint - Pre-authenticated entry point called. Rejecting access
2026-09-20 02:57:31 [http-nio-8080-exec-8] [] DEBUG o.s.security.web.FilterChainProxy - Securing GET /error
2026-09-20 02:57:31 [http-nio-8080-exec-8] [] DEBUG o.s.s.w.a.AnonymousAuthenticationFilter - Set SecurityContextHolder to anonymous SecurityContext
2026-09-20 02:57:31 [http-nio-8080-exec-8] [] DEBUG o.s.s.w.a.Http403ForbiddenEntryPoint - Pre-authenticated entry point called. Rejecting access
2026-09-20 02:57:36 [http-nio-8080-exec-4] [] DEBUG o.s.security.web.FilterChainProxy - Securing GET /actuator/prometheus
2026-09-20 02:57:36 [http-nio-8080-exec-4] [] DEBUG o.s.s.w.a.AnonymousAuthenticationFilter - Set SecurityContextHolder to anonymous SecurityContext
2026-09-20 02:57:36 [http-nio-8080-exec-4] [] DEBUG o.s.s.w.a.Http403ForbiddenEntryPoint - Pre-authenticated entry point called. Rejecting access
2026-09-20 02:57:36 [http-nio-8080-exec-4] [] DEBUG o.s.security.web.FilterChainProxy - Securing GET /error
2026-09-20 02:57:36 [http-nio-8080-exec-4] [] DEBUG o.s.s.w.a.AnonymousAuthenticationFilter - Set SecurityContextHolder to anonymous SecurityContext
2026-09-20 02:57:36 [http-nio-8080-exec-4] [] DEBUG o.s.s.w.a.Http403ForbiddenEntryPoint - Pre-authenticated entry point called. Rejecting access
2026-09-20 02:57:41 [http-nio-8080-exec-7] [] DEBUG o.s.security.web.FilterChainProxy - Securing GET /actuator/prometheus
2026-09-20 02:57:41 [http-nio-8080-exec-7] [] DEBUG o.s.s.w.a.AnonymousAuthenticationFilter - Set SecurityContextHolder to anonymous SecurityContext
2026-09-20 02:57:41 [http-nio-8080-exec-7] [] DEBUG o.s.s.w.a.Http403ForbiddenEntryPoint - Pre-authenticated entry point called. Rejecting access
2026-09-20 02:57:41 [http-nio-8080-exec-7] [] DEBUG o.s.security.web.FilterChainProxy - Securing GET /error
2026-09-20 02:57:41 [http-nio-8080-exec-7] [] DEBUG o.s.s.w.a.AnonymousAuthenticationFilter - Set SecurityContextHolder to anonymous SecurityContext
2026-09-20 02:57:41 [http-nio-8080-exec-7] [] DEBUG o.s.s.w.a.Http403ForbiddenEntryPoint - Pre-authenticated entry point called. Rejecting access
2026-09-20 02:57:46 [http-nio-8080-exec-9] [] DEBUG o.s.security.web.FilterChainProxy - Securing GET /actuator/prometheus
2026-09-20 02:57:46 [http-nio-8080-exec-9] [] DEBUG o.s.s.w.a.AnonymousAuthenticationFilter - Set SecurityContextHolder to anonymous SecurityContext
2026-09-20 02:57:46 [http-nio-8080-exec-9] [] DEBUG o.s.s.w.a.Http403ForbiddenEntryPoint - Pre-authenticated entry point called. Rejecting access
2026-09-20 02:57:46 [http-nio-8080-exec-9] [] DEBUG o.s.security.web.FilterChainProxy - Securing GET /error
2026-09-20 02:57:46 [http-nio-8080-exec-9] [] DEBUG o.s.s.w.a.AnonymousAuthenticationFilter - Set SecurityContextHolder to anonymous SecurityContext
2026-09-20 02:57:46 [http-nio-8080-exec-9] [] DEBUG o.s.s.w.a.Http403ForbiddenEntryPoint - Pre-authenticated entry point called. Rejecting access
2026-09-20 02:57:51 [http-nio-8080-exec-10] [] DEBUG o.s.security.web.FilterChainProxy - Securing GET /actuator/prometheus
2026-09-20 02:57:51 [http-nio-8080-exec-10] [] DEBUG o.s.s.w.a.AnonymousAuthenticationFilter - Set SecurityContextHolder to anonymous SecurityContext
2026-09-20 02:57:51 [http-nio-8080-exec-10] [] DEBUG o.s.s.w.a.Http403ForbiddenEntryPoint - Pre-authenticated entry point called. Rejecting access
2026-09-20 02:57:51 [http-nio-8080-exec-10] [] DEBUG o.s.security.web.FilterChainProxy - Securing GET /error
2026-09-20 02:57:51 [http-nio-8080-exec-10] [] DEBUG o.s.s.w.a.AnonymousAuthenticationFilter - Set SecurityContextHolder to anonymous SecurityContext
2026-09-20 02:57:51 [http-nio-8080-exec-10] [] DEBUG o.s.s.w.a.Http403ForbiddenEntryPoint - Pre-authenticated entry point called. Rejecting access
2026-09-20 02:57:56 [http-nio-8080-exec-1] [] DEBUG o.s.security.web.FilterChainProxy - Securing GET /actuator/prometheus
2026-09-20 02:57:56 [http-nio-8080-exec-1] [] DEBUG o.s.s.w.a.AnonymousAuthenticationFilter - Set SecurityContextHolder to anonymous SecurityContext
2026-09-20 02:57:56 [http-nio-8080-exec-1] [] DEBUG o.s.s.w.a.Http403ForbiddenEntryPoint - Pre-authenticated entry point called. Rejecting access
2026-09-20 02:57:56 [http-nio-8080-exec-1] [] DEBUG o.s.security.web.FilterChainProxy - Securing GET /error
2026-09-20 02:57:56 [http-nio-8080-exec-1] [] DEBUG o.s.s.w.a.AnonymousAuthenticationFilter - Set SecurityContextHolder to anonymous SecurityContext
2026-09-20 02:57:56 [http-nio-8080-exec-1] [] DEBUG o.s.s.w.a.Http403ForbiddenEntryPoint - Pre-authenticated entry point called. Rejecting access
2026-09-20 02:58:01 [http-nio-8080-exec-3] [] DEBUG o.s.security.web.FilterChainProxy - Securing GET /actuator/prometheus
2026-09-20 02:58:01 [http-nio-8080-exec-3] [] DEBUG o.s.s.w.a.AnonymousAuthenticationFilter - Set SecurityContextHolder to anonymous SecurityContext
2026-09-20 02:58:01 [http-nio-8080-exec-3] [] DEBUG o.s.s.w.a.Http403ForbiddenEntryPoint - Pre-authenticated entry point called. Rejecting access
2026-09-20 02:58:01 [http-nio-8080-exec-3] [] DEBUG o.s.security.web.FilterChainProxy - Securing GET /error
2026-09-20 02:58:01 [http-nio-8080-exec-3] [] DEBUG o.s.s.w.a.AnonymousAuthenticationFilter - Set SecurityContextHolder to anonymous SecurityContext
2026-09-20 02:58:01 [http-nio-8080-exec-3] [] DEBUG o.s.s.w.a.Http403ForbiddenEntryPoint - Pre-authenticated entry point called. Rejecting access
2026-09-20 02:58:06 [http-nio-8080-exec-2] [] DEBUG o.s.security.web.FilterChainProxy - Securing GET /actuator/prometheus
2026-09-20 02:58:06 [http-nio-8080-exec-2] [] DEBUG o.s.s.w.a.AnonymousAuthenticationFilter - Set SecurityContextHolder to anonymous SecurityContext
2026-09-20 02:58:06 [http-nio-8080-exec-2] [] DEBUG o.s.s.w.a.Http403ForbiddenEntryPoint - Pre-authenticated entry point called. Rejecting access
2026-09-20 02:58:06 [http-nio-8080-exec-2] [] DEBUG o.s.security.web.FilterChainProxy - Securing GET /error
2026-09-20 02:58:06 [http-nio-8080-exec-2] [] DEBUG o.s.s.w.a.AnonymousAuthenticationFilter - Set SecurityContextHolder to anonymous SecurityContext
2026-09-20 02:58:06 [http-nio-8080-exec-2] [] DEBUG o.s.s.w.a.Http403ForbiddenEntryPoint - Pre-authenticated entry point called. Rejecting access
2026-09-20 02:58:11 [http-nio-8080-exec-6] [] DEBUG o.s.security.web.FilterChainProxy - Securing GET /actuator/prometheus
2026-09-20 02:58:11 [http-nio-8080-exec-6] [] DEBUG o.s.s.w.a.AnonymousAuthenticationFilter - Set SecurityContextHolder to anonymous SecurityContext
2026-09-20 02:58:11 [http-nio-8080-exec-6] [] DEBUG o.s.s.w.a.Http403ForbiddenEntryPoint - Pre-authenticated entry point called. Rejecting access
2026-09-20 02:58:12 [http-nio-8080-exec-6] [] DEBUG o.s.security.web.FilterChainProxy - Securing GET /error
2026-09-20 02:58:12 [http-nio-8080-exec-6] [] DEBUG o.s.s.w.a.AnonymousAuthenticationFilter - Set SecurityContextHolder to anonymous SecurityContext
2026-09-20 02:58:12 [http-nio-8080-exec-6] [] DEBUG o.s.s.w.a.Http403ForbiddenEntryPoint - Pre-authenticated entry point called. Rejecting access
2026-09-20 02:58:13 [http-nio-8080-exec-5] [] DEBUG o.s.security.web.FilterChainProxy - Securing GET /api/v1/join/VkcYJXW2zz65ipguIGLl4g?displayName=%D1%80%D1%80%D1%80%D1%80
2026-09-20 02:58:13 [http-nio-8080-exec-5] [] DEBUG o.s.s.w.a.AnonymousAuthenticationFilter - Set SecurityContextHolder to anonymous SecurityContext
2026-09-20 02:58:13 [http-nio-8080-exec-5] [] DEBUG o.s.security.web.FilterChainProxy - Secured GET /api/v1/join/VkcYJXW2zz65ipguIGLl4g?displayName=%D1%80%D1%80%D1%80%D1%80
2026-09-20 02:58:13 [http-nio-8080-exec-5] [] DEBUG c.jmp.application.service.JwtService - Generating guest token for conference: 127b2f36-30e5-452b-9763-e1f30c355160
2026-09-20 02:58:13 [http-nio-8080-exec-5] [] INFO  c.j.a.service.ConferenceLinkService - Granted access via join link VkcYJXW2zz65ipguIGLl4g to conference 127b2f36-30e5-452b-9763-e1f30c355160 (participant)
2026-09-20 02:58:17 [http-nio-8080-exec-8] [] DEBUG o.s.security.web.FilterChainProxy - Securing GET /actuator/prometheus
2026-09-20 02:58:17 [http-nio-8080-exec-8] [] DEBUG o.s.s.w.a.AnonymousAuthenticationFilter - Set SecurityContextHolder to anonymous SecurityContext
2026-09-20 02:58:17 [http-nio-8080-exec-8] [] DEBUG o.s.s.w.a.Http403ForbiddenEntryPoint - Pre-authenticated entry point called. Rejecting access
2026-09-20 02:58:17 [http-nio-8080-exec-8] [] DEBUG o.s.security.web.FilterChainProxy - Securing GET /error
2026-09-20 02:58:18 [http-nio-8080-exec-8] [] DEBUG o.s.s.w.a.AnonymousAuthenticationFilter - Set SecurityContextHolder to anonymous SecurityContext
2026-09-20 02:58:18 [http-nio-8080-exec-8] [] DEBUG o.s.s.w.a.Http403ForbiddenEntryPoint - Pre-authenticated entry point called. Rejecting access
2026-09-20 02:58:21 [http-nio-8080-exec-4] [] DEBUG o.s.security.web.FilterChainProxy - Securing GET /actuator/prometheus
2026-09-20 02:58:21 [http-nio-8080-exec-4] [] DEBUG o.s.s.w.a.AnonymousAuthenticationFilter - Set SecurityContextHolder to anonymous SecurityContext
2026-09-20 02:58:21 [http-nio-8080-exec-4] [] DEBUG o.s.s.w.a.Http403ForbiddenEntryPoint - Pre-authenticated entry point called. Rejecting access
2026-09-20 02:58:21 [http-nio-8080-exec-4] [] DEBUG o.s.security.web.FilterChainProxy - Securing GET /error
2026-09-20 02:58:21 [http-nio-8080-exec-4] [] DEBUG o.s.s.w.a.AnonymousAuthenticationFilter - Set SecurityContextHolder to anonymous SecurityContext
2026-09-20 02:58:21 [http-nio-8080-exec-4] [] DEBUG o.s.s.w.a.Http403ForbiddenEntryPoint - Pre-authenticated entry point called. Rejecting access
2026-09-20 02:58:26 [http-nio-8080-exec-7] [] DEBUG o.s.security.web.FilterChainProxy - Securing GET /actuator/prometheus
2026-09-20 02:58:26 [http-nio-8080-exec-7] [] DEBUG o.s.s.w.a.AnonymousAuthenticationFilter - Set SecurityContextHolder to anonymous SecurityContext
2026-09-20 02:58:26 [http-nio-8080-exec-7] [] DEBUG o.s.s.w.a.Http403ForbiddenEntryPoint - Pre-authenticated entry point called. Rejecting access
2026-09-20 02:58:26 [http-nio-8080-exec-7] [] DEBUG o.s.security.web.FilterChainProxy - Securing GET /error
2026-09-20 02:58:26 [http-nio-8080-exec-7] [] DEBUG o.s.s.w.a.AnonymousAuthenticationFilter - Set SecurityContextHolder to anonymous SecurityContext
2026-09-20 02:58:26 [http-nio-8080-exec-7] [] DEBUG o.s.s.w.a.Http403ForbiddenEntryPoint - Pre-authenticated entry point called. Rejecting access
2026-09-20 02:58:31 [http-nio-8080-exec-9] [] DEBUG o.s.security.web.FilterChainProxy - Securing GET /actuator/prometheus
2026-09-20 02:58:31 [http-nio-8080-exec-9] [] DEBUG o.s.s.w.a.AnonymousAuthenticationFilter - Set SecurityContextHolder to anonymous SecurityContext
2026-09-20 02:58:31 [http-nio-8080-exec-9] [] DEBUG o.s.s.w.a.Http403ForbiddenEntryPoint - Pre-authenticated entry point called. Rejecting access
2026-09-20 02:58:31 [http-nio-8080-exec-9] [] DEBUG o.s.security.web.FilterChainProxy - Securing GET /error
2026-09-20 02:58:31 [http-nio-8080-exec-9] [] DEBUG o.s.s.w.a.AnonymousAuthenticationFilter - Set SecurityContextHolder to anonymous SecurityContext
2026-09-20 02:58:31 [http-nio-8080-exec-9] [] DEBUG o.s.s.w.a.Http403ForbiddenEntryPoint - Pre-authenticated entry point called. Rejecting access
2026-09-20 02:58:36 [http-nio-8080-exec-10] [] DEBUG o.s.security.web.FilterChainProxy - Securing GET /actuator/prometheus
2026-09-20 02:58:36 [http-nio-8080-exec-10] [] DEBUG o.s.s.w.a.AnonymousAuthenticationFilter - Set SecurityContextHolder to anonymous SecurityContext
2026-09-20 02:58:36 [http-nio-8080-exec-10] [] DEBUG o.s.s.w.a.Http403ForbiddenEntryPoint - Pre-authenticated entry point called. Rejecting access
2026-09-20 02:58:37 [http-nio-8080-exec-10] [] DEBUG o.s.security.web.FilterChainProxy - Securing GET /error
2026-09-20 02:58:37 [http-nio-8080-exec-10] [] DEBUG o.s.s.w.a.AnonymousAuthenticationFilter - Set SecurityContextHolder to anonymous SecurityContext
2026-09-20 02:58:37 [http-nio-8080-exec-10] [] DEBUG o.s.s.w.a.Http403ForbiddenEntryPoint - Pre-authenticated entry point called. Rejecting access
2026-09-20 02:58:41 [http-nio-8080-exec-1] [] DEBUG o.s.security.web.FilterChainProxy - Securing GET /actuator/prometheus
2026-09-20 02:58:41 [http-nio-8080-exec-1] [] DEBUG o.s.s.w.a.AnonymousAuthenticationFilter - Set SecurityContextHolder to anonymous SecurityContext
2026-09-20 02:58:41 [http-nio-8080-exec-1] [] DEBUG o.s.s.w.a.Http403ForbiddenEntryPoint - Pre-authenticated entry point called. Rejecting access
2026-09-20 02:58:41 [http-nio-8080-exec-1] [] DEBUG o.s.security.web.FilterChainProxy - Securing GET /error
2026-09-20 02:58:41 [http-nio-8080-exec-1] [] DEBUG o.s.s.w.a.AnonymousAuthenticationFilter - Set SecurityContextHolder to anonymous SecurityContext
2026-09-20 02:58:41 [http-nio-8080-exec-1] [] DEBUG o.s.s.w.a.Http403ForbiddenEntryPoint - Pre-authenticated entry point called. Rejecting access
2026-09-20 02:58:46 [http-nio-8080-exec-3] [] DEBUG o.s.security.web.FilterChainProxy - Securing GET /actuator/prometheus
2026-09-20 02:58:46 [http-nio-8080-exec-3] [] DEBUG o.s.s.w.a.AnonymousAuthenticationFilter - Set SecurityContextHolder to anonymous SecurityContext
2026-09-20 02:58:46 [http-nio-8080-exec-3] [] DEBUG o.s.s.w.a.Http403ForbiddenEntryPoint - Pre-authenticated entry point called. Rejecting access
2026-09-20 02:58:46 [http-nio-8080-exec-3] [] DEBUG o.s.security.web.FilterChainProxy - Securing GET /error
2026-09-20 02:58:46 [http-nio-8080-exec-3] [] DEBUG o.s.s.w.a.AnonymousAuthenticationFilter - Set SecurityContextHolder to anonymous SecurityContext
2026-09-20 02:58:46 [http-nio-8080-exec-3] [] DEBUG o.s.s.w.a.Http403ForbiddenEntryPoint - Pre-authenticated entry point called. Rejecting access
2026-09-20 02:58:51 [http-nio-8080-exec-2] [] DEBUG o.s.security.web.FilterChainProxy - Securing GET /actuator/prometheus
2026-09-20 02:58:51 [http-nio-8080-exec-2] [] DEBUG o.s.s.w.a.AnonymousAuthenticationFilter - Set SecurityContextHolder to anonymous SecurityContext
2026-09-20 02:58:51 [http-nio-8080-exec-2] [] DEBUG o.s.s.w.a.Http403ForbiddenEntryPoint - Pre-authenticated entry point called. Rejecting access
2026-09-20 02:58:51 [http-nio-8080-exec-2] [] DEBUG o.s.security.web.FilterChainProxy - Securing GET /error
2026-09-20 02:58:51 [http-nio-8080-exec-2] [] DEBUG o.s.s.w.a.AnonymousAuthenticationFilter - Set SecurityContextHolder to anonymous SecurityContext
2026-09-20 02:58:51 [http-nio-8080-exec-2] [] DEBUG o.s.s.w.a.Http403ForbiddenEntryPoint - Pre-authenticated entry point called. Rejecting access
2026-09-20 02:58:53 [http-nio-8080-exec-6] [] DEBUG o.s.security.web.FilterChainProxy - Securing GET /api/v1/conferences/active
2026-09-20 02:58:53 [http-nio-8080-exec-8] [] DEBUG o.s.security.web.FilterChainProxy - Securing GET /api/v1/analytics/dashboard
2026-09-20 02:58:53 [http-nio-8080-exec-5] [] DEBUG o.s.security.web.FilterChainProxy - Securing GET /api/v1/conferences/upcoming
2026-09-20 02:58:53 [http-nio-8080-exec-5] [] DEBUG c.j.i.s.JwtAuthenticationFilter - Authenticated user: cccccccc-cccc-cccc-cccc-ccccccccccc1, URI: /api/v1/conferences/upcoming
2026-09-20 02:58:53 [http-nio-8080-exec-6] [] DEBUG c.j.i.s.JwtAuthenticationFilter - Authenticated user: cccccccc-cccc-cccc-cccc-ccccccccccc1, URI: /api/v1/conferences/active
2026-09-20 02:58:53 [http-nio-8080-exec-5] [] DEBUG o.s.security.web.FilterChainProxy - Secured GET /api/v1/conferences/upcoming
2026-09-20 02:58:53 [http-nio-8080-exec-8] [] DEBUG c.j.i.s.JwtAuthenticationFilter - Authenticated user: cccccccc-cccc-cccc-cccc-ccccccccccc1, URI: /api/v1/analytics/dashboard
2026-09-20 02:58:53 [http-nio-8080-exec-6] [] DEBUG o.s.security.web.FilterChainProxy - Secured GET /api/v1/conferences/active
2026-09-20 02:58:53 [http-nio-8080-exec-5] [] DEBUG o.s.s.a.m.AuthorizationManagerBeforeMethodInterceptor - Authorizing method invocation ReflectiveMethodInvocation: public org.springframework.http.ResponseEntity com.jmp.api.controller.ConferenceController.getUpcomingConferences(org.springframework.security.core.Authentication); target is of class [com.jmp.api.controller.ConferenceController]
2026-09-20 02:58:53 [http-nio-8080-exec-8] [] DEBUG o.s.security.web.FilterChainProxy - Secured GET /api/v1/analytics/dashboard
2026-09-20 02:58:53 [http-nio-8080-exec-6] [] DEBUG o.s.s.a.m.AuthorizationManagerBeforeMethodInterceptor - Authorizing method invocation ReflectiveMethodInvocation: public org.springframework.http.ResponseEntity com.jmp.api.controller.ConferenceController.getActiveConferences(org.springframework.security.core.Authentication); target is of class [com.jmp.api.controller.ConferenceController]
2026-09-20 02:58:53 [http-nio-8080-exec-5] [] DEBUG o.s.s.a.m.AuthorizationManagerBeforeMethodInterceptor - Authorized method invocation ReflectiveMethodInvocation: public org.springframework.http.ResponseEntity com.jmp.api.controller.ConferenceController.getUpcomingConferences(org.springframework.security.core.Authentication); target is of class [com.jmp.api.controller.ConferenceController]
2026-09-20 02:58:53 [http-nio-8080-exec-8] [] DEBUG o.s.s.a.m.AuthorizationManagerBeforeMethodInterceptor - Authorizing method invocation ReflectiveMethodInvocation: public org.springframework.http.ResponseEntity com.jmp.api.controller.AnalyticsController.getDashboardMetrics(org.springframework.security.core.Authentication); target is of class [com.jmp.api.controller.AnalyticsController]
2026-09-20 02:58:53 [http-nio-8080-exec-8] [] DEBUG o.s.s.a.m.AuthorizationManagerBeforeMethodInterceptor - Authorized method invocation ReflectiveMethodInvocation: public org.springframework.http.ResponseEntity com.jmp.api.controller.AnalyticsController.getDashboardMetrics(org.springframework.security.core.Authentication); target is of class [com.jmp.api.controller.AnalyticsController]
2026-09-20 02:58:53 [http-nio-8080-exec-6] [] DEBUG o.s.s.a.m.AuthorizationManagerBeforeMethodInterceptor - Authorized method invocation ReflectiveMethodInvocation: public org.springframework.http.ResponseEntity com.jmp.api.controller.ConferenceController.getActiveConferences(org.springframework.security.core.Authentication); target is of class [com.jmp.api.controller.ConferenceController]
2026-09-20 02:58:53 [http-nio-8080-exec-4] [] DEBUG o.s.security.web.FilterChainProxy - Securing GET /api/v1/conferences/upcoming
2026-09-20 02:58:53 [http-nio-8080-exec-7] [] DEBUG o.s.security.web.FilterChainProxy - Securing GET /api/v1/conferences/active
2026-09-20 02:58:53 [http-nio-8080-exec-7] [] DEBUG c.j.i.s.JwtAuthenticationFilter - Authenticated user: cccccccc-cccc-cccc-cccc-ccccccccccc1, URI: /api/v1/conferences/active
2026-09-20 02:58:53 [http-nio-8080-exec-4] [] DEBUG c.j.i.s.JwtAuthenticationFilter - Authenticated user: cccccccc-cccc-cccc-cccc-ccccccccccc1, URI: /api/v1/conferences/upcoming
2026-09-20 02:58:53 [http-nio-8080-exec-7] [] DEBUG o.s.security.web.FilterChainProxy - Secured GET /api/v1/conferences/active
2026-09-20 02:58:53 [http-nio-8080-exec-4] [] DEBUG o.s.security.web.FilterChainProxy - Secured GET /api/v1/conferences/upcoming
2026-09-20 02:58:53 [http-nio-8080-exec-4] [] DEBUG o.s.s.a.m.AuthorizationManagerBeforeMethodInterceptor - Authorizing method invocation ReflectiveMethodInvocation: public org.springframework.http.ResponseEntity com.jmp.api.controller.ConferenceController.getUpcomingConferences(org.springframework.security.core.Authentication); target is of class [com.jmp.api.controller.ConferenceController]
2026-09-20 02:58:53 [http-nio-8080-exec-4] [] DEBUG o.s.s.a.m.AuthorizationManagerBeforeMethodInterceptor - Authorized method invocation ReflectiveMethodInvocation: public org.springframework.http.ResponseEntity com.jmp.api.controller.ConferenceController.getUpcomingConferences(org.springframework.security.core.Authentication); target is of class [com.jmp.api.controller.ConferenceController]
2026-09-20 02:58:53 [http-nio-8080-exec-7] [] DEBUG o.s.s.a.m.AuthorizationManagerBeforeMethodInterceptor - Authorizing method invocation ReflectiveMethodInvocation: public org.springframework.http.ResponseEntity com.jmp.api.controller.ConferenceController.getActiveConferences(org.springframework.security.core.Authentication); target is of class [com.jmp.api.controller.ConferenceController]
2026-09-20 02:58:53 [http-nio-8080-exec-7] [] DEBUG o.s.s.a.m.AuthorizationManagerBeforeMethodInterceptor - Authorized method invocation ReflectiveMethodInvocation: public org.springframework.http.ResponseEntity com.jmp.api.controller.ConferenceController.getActiveConferences(org.springframework.security.core.Authentication); target is of class [com.jmp.api.controller.ConferenceController]
2026-09-20 02:58:53 [http-nio-8080-exec-9] [] DEBUG o.s.security.web.FilterChainProxy - Securing GET /api/v1/analytics/dashboard
2026-09-20 02:58:53 [http-nio-8080-exec-10] [] DEBUG o.s.security.web.FilterChainProxy - Securing GET /api/v1/analytics/system-health
2026-09-20 02:58:53 [http-nio-8080-exec-9] [] DEBUG c.j.i.s.JwtAuthenticationFilter - Authenticated user: cccccccc-cccc-cccc-cccc-ccccccccccc1, URI: /api/v1/analytics/dashboard
2026-09-20 02:58:53 [http-nio-8080-exec-9] [] DEBUG o.s.security.web.FilterChainProxy - Secured GET /api/v1/analytics/dashboard
2026-09-20 02:58:53 [http-nio-8080-exec-9] [] DEBUG o.s.s.a.m.AuthorizationManagerBeforeMethodInterceptor - Authorizing method invocation ReflectiveMethodInvocation: public org.springframework.http.ResponseEntity com.jmp.api.controller.AnalyticsController.getDashboardMetrics(org.springframework.security.core.Authentication); target is of class [com.jmp.api.controller.AnalyticsController]
2026-09-20 02:58:53 [http-nio-8080-exec-9] [] DEBUG o.s.s.a.m.AuthorizationManagerBeforeMethodInterceptor - Authorized method invocation ReflectiveMethodInvocation: public org.springframework.http.ResponseEntity com.jmp.api.controller.AnalyticsController.getDashboardMetrics(org.springframework.security.core.Authentication); target is of class [com.jmp.api.controller.AnalyticsController]
2026-09-20 02:58:53 [http-nio-8080-exec-10] [] DEBUG c.j.i.s.JwtAuthenticationFilter - Authenticated user: cccccccc-cccc-cccc-cccc-ccccccccccc1, URI: /api/v1/analytics/system-health
2026-09-20 02:58:53 [http-nio-8080-exec-10] [] DEBUG o.s.security.web.FilterChainProxy - Secured GET /api/v1/analytics/system-health
2026-09-20 02:58:53 [http-nio-8080-exec-10] [] DEBUG o.s.s.a.m.AuthorizationManagerBeforeMethodInterceptor - Authorizing method invocation ReflectiveMethodInvocation: public org.springframework.http.ResponseEntity com.jmp.api.controller.AnalyticsController.getSystemHealthMetrics(); target is of class [com.jmp.api.controller.AnalyticsController]
2026-09-20 02:58:53 [http-nio-8080-exec-10] [] DEBUG o.s.s.a.m.AuthorizationManagerBeforeMethodInterceptor - Authorized method invocation ReflectiveMethodInvocation: public org.springframework.http.ResponseEntity com.jmp.api.controller.AnalyticsController.getSystemHealthMetrics(); target is of class [com.jmp.api.controller.AnalyticsController]
2026-09-20 02:58:53 [http-nio-8080-exec-1] [] DEBUG o.s.security.web.FilterChainProxy - Securing GET /api/v1/analytics/system-health
2026-09-20 02:58:53 [http-nio-8080-exec-1] [] DEBUG c.j.i.s.JwtAuthenticationFilter - Authenticated user: cccccccc-cccc-cccc-cccc-ccccccccccc1, URI: /api/v1/analytics/system-health
2026-09-20 02:58:53 [http-nio-8080-exec-1] [] DEBUG o.s.security.web.FilterChainProxy - Secured GET /api/v1/analytics/system-health
2026-09-20 02:58:53 [http-nio-8080-exec-1] [] DEBUG o.s.s.a.m.AuthorizationManagerBeforeMethodInterceptor - Authorizing method invocation ReflectiveMethodInvocation: public org.springframework.http.ResponseEntity com.jmp.api.controller.AnalyticsController.getSystemHealthMetrics(); target is of class [com.jmp.api.controller.AnalyticsController]
2026-09-20 02:58:53 [http-nio-8080-exec-1] [] DEBUG o.s.s.a.m.AuthorizationManagerBeforeMethodInterceptor - Authorized method invocation ReflectiveMethodInvocation: public org.springframework.http.ResponseEntity com.jmp.api.controller.AnalyticsController.getSystemHealthMetrics(); target is of class [com.jmp.api.controller.AnalyticsController]
2026-09-20 02:58:56 [http-nio-8080-exec-3] [] DEBUG o.s.security.web.FilterChainProxy - Securing GET /actuator/prometheus
2026-09-20 02:58:56 [http-nio-8080-exec-3] [] DEBUG o.s.s.w.a.AnonymousAuthenticationFilter - Set SecurityContextHolder to anonymous SecurityContext
2026-09-20 02:58:56 [http-nio-8080-exec-3] [] DEBUG o.s.s.w.a.Http403ForbiddenEntryPoint - Pre-authenticated entry point called. Rejecting access
2026-09-20 02:58:56 [http-nio-8080-exec-3] [] DEBUG o.s.security.web.FilterChainProxy - Securing GET /error
2026-09-20 02:58:56 [http-nio-8080-exec-3] [] DEBUG o.s.s.w.a.AnonymousAuthenticationFilter - Set SecurityContextHolder to anonymous SecurityContext
2026-09-20 02:58:56 [http-nio-8080-exec-3] [] DEBUG o.s.s.w.a.Http403ForbiddenEntryPoint - Pre-authenticated entry point called. Rejecting access
2026-09-20 02:59:01 [http-nio-8080-exec-2] [] DEBUG o.s.security.web.FilterChainProxy - Securing GET /actuator/prometheus
2026-09-20 02:59:01 [http-nio-8080-exec-2] [] DEBUG o.s.s.w.a.AnonymousAuthenticationFilter - Set SecurityContextHolder to anonymous SecurityContext
2026-09-20 02:59:01 [http-nio-8080-exec-2] [] DEBUG o.s.s.w.a.Http403ForbiddenEntryPoint - Pre-authenticated entry point called. Rejecting access
2026-09-20 02:59:01 [http-nio-8080-exec-2] [] DEBUG o.s.security.web.FilterChainProxy - Securing GET /error
2026-09-20 02:59:01 [http-nio-8080-exec-2] [] DEBUG o.s.s.w.a.AnonymousAuthenticationFilter - Set SecurityContextHolder to anonymous SecurityContext
2026-09-20 02:59:01 [http-nio-8080-exec-2] [] DEBUG o.s.s.w.a.Http403ForbiddenEntryPoint - Pre-authenticated entry point called. Rejecting access
2026-09-20 02:59:04 [http-nio-8080-exec-5] [] DEBUG o.s.security.web.FilterChainProxy - Securing GET /api/v1/analytics/dashboard
2026-09-20 02:59:04 [http-nio-8080-exec-4] [] DEBUG o.s.security.web.FilterChainProxy - Securing GET /api/v1/analytics/participants?startDate=2026-08-20T23:59&endDate=2026-09-19T23:59
2026-09-20 02:59:04 [http-nio-8080-exec-6] [] DEBUG o.s.security.web.FilterChainProxy - Securing GET /api/v1/analytics/usage-report?startDate=2026-08-20T23:59&endDate=2026-09-19T23:59
2026-09-20 02:59:04 [http-nio-8080-exec-5] [] DEBUG c.j.i.s.JwtAuthenticationFilter - Authenticated user: cccccccc-cccc-cccc-cccc-ccccccccccc1, URI: /api/v1/analytics/dashboard
2026-09-20 02:59:04 [http-nio-8080-exec-5] [] DEBUG o.s.security.web.FilterChainProxy - Secured GET /api/v1/analytics/dashboard
2026-09-20 02:59:04 [http-nio-8080-exec-4] [] DEBUG c.j.i.s.JwtAuthenticationFilter - Authenticated user: cccccccc-cccc-cccc-cccc-ccccccccccc1, URI: /api/v1/analytics/participants
2026-09-20 02:59:04 [http-nio-8080-exec-7] [] DEBUG o.s.security.web.FilterChainProxy - Securing GET /api/v1/analytics/recordings?startDate=2026-08-20T23:59&endDate=2026-09-19T23:59
2026-09-20 02:59:04 [http-nio-8080-exec-5] [] DEBUG o.s.s.a.m.AuthorizationManagerBeforeMethodInterceptor - Authorizing method invocation ReflectiveMethodInvocation: public org.springframework.http.ResponseEntity com.jmp.api.controller.AnalyticsController.getDashboardMetrics(org.springframework.security.core.Authentication); target is of class [com.jmp.api.controller.AnalyticsController]
2026-09-20 02:59:04 [http-nio-8080-exec-4] [] DEBUG o.s.security.web.FilterChainProxy - Secured GET /api/v1/analytics/participants?startDate=2026-08-20T23:59&endDate=2026-09-19T23:59
2026-09-20 02:59:04 [http-nio-8080-exec-5] [] DEBUG o.s.s.a.m.AuthorizationManagerBeforeMethodInterceptor - Authorized method invocation ReflectiveMethodInvocation: public org.springframework.http.ResponseEntity com.jmp.api.controller.AnalyticsController.getDashboardMetrics(org.springframework.security.core.Authentication); target is of class [com.jmp.api.controller.AnalyticsController]
2026-09-20 02:59:04 [http-nio-8080-exec-6] [] DEBUG c.j.i.s.JwtAuthenticationFilter - Authenticated user: cccccccc-cccc-cccc-cccc-ccccccccccc1, URI: /api/v1/analytics/usage-report
2026-09-20 02:59:04 [http-nio-8080-exec-6] [] DEBUG o.s.security.web.FilterChainProxy - Secured GET /api/v1/analytics/usage-report?startDate=2026-08-20T23:59&endDate=2026-09-19T23:59
2026-09-20 02:59:04 [http-nio-8080-exec-7] [] DEBUG c.j.i.s.JwtAuthenticationFilter - Authenticated user: cccccccc-cccc-cccc-cccc-ccccccccccc1, URI: /api/v1/analytics/recordings
2026-09-20 02:59:04 [http-nio-8080-exec-7] [] DEBUG o.s.security.web.FilterChainProxy - Secured GET /api/v1/analytics/recordings?startDate=2026-08-20T23:59&endDate=2026-09-19T23:59
2026-09-20 02:59:04 [http-nio-8080-exec-8] [] DEBUG o.s.security.web.FilterChainProxy - Securing GET /api/v1/analytics/dashboard
2026-09-20 02:59:04 [http-nio-8080-exec-8] [] DEBUG c.j.i.s.JwtAuthenticationFilter - Authenticated user: cccccccc-cccc-cccc-cccc-ccccccccccc1, URI: /api/v1/analytics/dashboard
2026-09-20 02:59:04 [http-nio-8080-exec-8] [] DEBUG o.s.security.web.FilterChainProxy - Secured GET /api/v1/analytics/dashboard
2026-09-20 02:59:04 [http-nio-8080-exec-8] [] DEBUG o.s.s.a.m.AuthorizationManagerBeforeMethodInterceptor - Authorizing method invocation ReflectiveMethodInvocation: public org.springframework.http.ResponseEntity com.jmp.api.controller.AnalyticsController.getDashboardMetrics(org.springframework.security.core.Authentication); target is of class [com.jmp.api.controller.AnalyticsController]
2026-09-20 02:59:04 [http-nio-8080-exec-8] [] DEBUG o.s.s.a.m.AuthorizationManagerBeforeMethodInterceptor - Authorized method invocation ReflectiveMethodInvocation: public org.springframework.http.ResponseEntity com.jmp.api.controller.AnalyticsController.getDashboardMetrics(org.springframework.security.core.Authentication); target is of class [com.jmp.api.controller.AnalyticsController]
2026-09-20 02:59:05 [http-nio-8080-exec-7] [] ERROR c.j.a.advice.GlobalExceptionHandler - Unexpected error: Method parameter 'startDate': Failed to convert value of type 'java.lang.String' to required type 'java.time.Instant'; Failed to convert from type [java.lang.String] to type [@org.springframework.web.bind.annotation.RequestParam @org.springframework.format.annotation.DateTimeFormat java.time.Instant] for value [2026-08-20T23:59]
org.springframework.web.method.annotation.MethodArgumentTypeMismatchException: Method parameter 'startDate': Failed to convert value of type 'java.lang.String' to required type 'java.time.Instant'; Failed to convert from type [java.lang.String] to type [@org.springframework.web.bind.annotation.RequestParam @org.springframework.format.annotation.DateTimeFormat java.time.Instant] for value [2026-08-20T23:59]
	at org.springframework.web.method.annotation.AbstractNamedValueMethodArgumentResolver.convertIfNecessary(AbstractNamedValueMethodArgumentResolver.java:301)
	at org.springframework.web.method.annotation.AbstractNamedValueMethodArgumentResolver.resolveArgument(AbstractNamedValueMethodArgumentResolver.java:136)
	at org.springframework.web.method.support.HandlerMethodArgumentResolverComposite.resolveArgument(HandlerMethodArgumentResolverComposite.java:122)
	at org.springframework.web.method.support.InvocableHandlerMethod.getMethodArgumentValues(InvocableHandlerMethod.java:227)
	at org.springframework.web.method.support.InvocableHandlerMethod.invokeForRequest(InvocableHandlerMethod.java:181)
	at org.springframework.web.servlet.mvc.method.annotation.ServletInvocableHandlerMethod.invokeAndHandle(ServletInvocableHandlerMethod.java:118)
	at org.springframework.web.servlet.mvc.method.annotation.RequestMappingHandlerAdapter.invokeHandlerMethod(RequestMappingHandlerAdapter.java:991)
	at org.springframework.web.servlet.mvc.method.annotation.RequestMappingHandlerAdapter.handleInternal(RequestMappingHandlerAdapter.java:896)
	at org.springframework.web.servlet.mvc.method.AbstractHandlerMethodAdapter.handle(AbstractHandlerMethodAdapter.java:87)
	at org.springframework.web.servlet.DispatcherServlet.doDispatch(DispatcherServlet.java:1089)
	at org.springframework.web.servlet.DispatcherServlet.doService(DispatcherServlet.java:979)
	at org.springframework.web.servlet.FrameworkServlet.processRequest(FrameworkServlet.java:1014)
	at org.springframework.web.servlet.FrameworkServlet.doGet(FrameworkServlet.java:903)
	at jakarta.servlet.http.HttpServlet.service(HttpServlet.java:564)
	at org.springframework.web.servlet.FrameworkServlet.service(FrameworkServlet.java:885)
	at jakarta.servlet.http.HttpServlet.service(HttpServlet.java:658)
	at org.apache.catalina.core.ApplicationFilterChain.internalDoFilter(ApplicationFilterChain.java:193)
	at org.apache.catalina.core.ApplicationFilterChain.doFilter(ApplicationFilterChain.java:138)
	at org.apache.tomcat.websocket.server.WsFilter.doFilter(WsFilter.java:51)
	at org.apache.catalina.core.ApplicationFilterChain.internalDoFilter(ApplicationFilterChain.java:162)
	at org.apache.catalina.core.ApplicationFilterChain.doFilter(ApplicationFilterChain.java:138)
	at org.springframework.web.filter.OncePerRequestFilter.doFilter(OncePerRequestFilter.java:110)
	at org.apache.catalina.core.ApplicationFilterChain.internalDoFilter(ApplicationFilterChain.java:162)
	at org.apache.catalina.core.ApplicationFilterChain.doFilter(ApplicationFilterChain.java:138)
	at org.springframework.web.filter.CompositeFilter$VirtualFilterChain.doFilter(CompositeFilter.java:108)
	at org.springframework.web.filter.CompositeFilter$VirtualFilterChain.doFilter(CompositeFilter.java:108)
	at org.springframework.security.web.FilterChainProxy.lambda$doFilterInternal$3(FilterChainProxy.java:231)
	at org.springframework.security.web.ObservationFilterChainDecorator$FilterObservation$SimpleFilterObservation.lambda$wrap$1(ObservationFilterChainDecorator.java:490)
	at org.springframework.security.web.ObservationFilterChainDecorator$AroundFilterObservation$SimpleAroundFilterObservation.lambda$wrap$1(ObservationFilterChainDecorator.java:351)
	at org.springframework.security.web.ObservationFilterChainDecorator.lambda$wrapSecured$0(ObservationFilterChainDecorator.java:83)
	at org.springframework.security.web.ObservationFilterChainDecorator$VirtualFilterChain.doFilter(ObservationFilterChainDecorator.java:129)
	at org.springframework.security.web.access.intercept.AuthorizationFilter.doFilter(AuthorizationFilter.java:101)
	at org.springframework.security.web.ObservationFilterChainDecorator$ObservationFilter.wrapFilter(ObservationFilterChainDecorator.java:241)
	at org.springframework.security.web.ObservationFilterChainDecorator$ObservationFilter.doFilter(ObservationFilterChainDecorator.java:228)
	at org.springframework.security.web.ObservationFilterChainDecorator$VirtualFilterChain.doFilter(ObservationFilterChainDecorator.java:138)
	at org.springframework.security.web.access.ExceptionTranslationFilter.doFilter(ExceptionTranslationFilter.java:125)
	at org.springframework.security.web.access.ExceptionTranslationFilter.doFilter(ExceptionTranslationFilter.java:119)
	at org.springframework.security.web.ObservationFilterChainDecorator$ObservationFilter.wrapFilter(ObservationFilterChainDecorator.java:241)
	at org.springframework.security.web.ObservationFilterChainDecorator$ObservationFilter.doFilter(ObservationFilterChainDecorator.java:228)
	at org.springframework.security.web.ObservationFilterChainDecorator$VirtualFilterChain.doFilter(ObservationFilterChainDecorator.java:138)
	at org.springframework.security.web.session.SessionManagementFilter.doFilter(SessionManagementFilter.java:131)
	at org.springframework.security.web.session.SessionManagementFilter.doFilter(SessionManagementFilter.java:85)
	at org.springframework.security.web.ObservationFilterChainDecorator$ObservationFilter.wrapFilter(ObservationFilterChainDecorator.java:241)
	at org.springframework.security.web.ObservationFilterChainDecorator$ObservationFilter.doFilter(ObservationFilterChainDecorator.java:228)
	at org.springframework.security.web.ObservationFilterChainDecorator$VirtualFilterChain.doFilter(ObservationFilterChainDecorator.java:138)
	at org.springframework.security.web.authentication.AnonymousAuthenticationFilter.doFilter(AnonymousAuthenticationFilter.java:100)
	at org.springframework.security.web.ObservationFilterChainDecorator$ObservationFilter.wrapFilter(ObservationFilterChainDecorator.java:241)
	at org.springframework.security.web.ObservationFilterChainDecorator$ObservationFilter.doFilter(ObservationFilterChainDecorator.java:228)
	at org.springframework.security.web.ObservationFilterChainDecorator$VirtualFilterChain.doFilter(ObservationFilterChainDecorator.java:138)
	at org.springframework.security.web.servletapi.SecurityContextHolderAwareRequestFilter.doFilter(SecurityContextHolderAwareRequestFilter.java:179)
	at org.springframework.security.web.ObservationFilterChainDecorator$ObservationFilter.wrapFilter(ObservationFilterChainDecorator.java:241)
	at org.springframework.security.web.ObservationFilterChainDecorator$ObservationFilter.doFilter(ObservationFilterChainDecorator.java:228)
	at org.springframework.security.web.ObservationFilterChainDecorator$VirtualFilterChain.doFilter(ObservationFilterChainDecorator.java:138)
	at org.springframework.security.web.savedrequest.RequestCacheAwareFilter.doFilter(RequestCacheAwareFilter.java:63)
	at org.springframework.security.web.ObservationFilterChainDecorator$ObservationFilter.wrapFilter(ObservationFilterChainDecorator.java:241)
	at org.springframework.security.web.ObservationFilterChainDecorator$ObservationFilter.doFilter(ObservationFilterChainDecorator.java:228)
	at org.springframework.security.web.ObservationFilterChainDecorator$VirtualFilterChain.doFilter(ObservationFilterChainDecorator.java:138)
	at com.jmp.infrastructure.security.JwtAuthenticationFilter.doFilterInternal(JwtAuthenticationFilter.java:75)
	at org.springframework.web.filter.OncePerRequestFilter.doFilter(OncePerRequestFilter.java:116)
	at org.springframework.security.web.ObservationFilterChainDecorator$ObservationFilter.wrapFilter(ObservationFilterChainDecorator.java:241)
	at org.springframework.security.web.ObservationFilterChainDecorator$ObservationFilter.doFilter(ObservationFilterChainDecorator.java:228)
	at org.springframework.security.web.ObservationFilterChainDecorator$VirtualFilterChain.doFilter(ObservationFilterChainDecorator.java:138)
	at org.springframework.security.web.authentication.logout.LogoutFilter.doFilter(LogoutFilter.java:107)
	at org.springframework.security.web.authentication.logout.LogoutFilter.doFilter(LogoutFilter.java:93)
	at org.springframework.security.web.ObservationFilterChainDecorator$ObservationFilter.wrapFilter(ObservationFilterChainDecorator.java:241)
	at org.springframework.security.web.ObservationFilterChainDecorator$ObservationFilter.doFilter(ObservationFilterChainDecorator.java:228)
	at org.springframework.security.web.ObservationFilterChainDecorator$VirtualFilterChain.doFilter(ObservationFilterChainDecorator.java:138)
	at org.springframework.web.filter.CorsFilter.doFilterInternal(CorsFilter.java:91)
	at org.springframework.web.filter.OncePerRequestFilter.doFilter(OncePerRequestFilter.java:116)
	at org.springframework.security.web.ObservationFilterChainDecorator$ObservationFilter.wrapFilter(ObservationFilterChainDecorator.java:241)
	at org.springframework.security.web.ObservationFilterChainDecorator$ObservationFilter.doFilter(ObservationFilterChainDecorator.java:228)
	at org.springframework.security.web.ObservationFilterChainDecorator$VirtualFilterChain.doFilter(ObservationFilterChainDecorator.java:138)
	at org.springframework.security.web.header.HeaderWriterFilter.doHeadersAfter(HeaderWriterFilter.java:90)
	at org.springframework.security.web.header.HeaderWriterFilter.doFilterInternal(HeaderWriterFilter.java:75)
	at org.springframework.web.filter.OncePerRequestFilter.doFilter(OncePerRequestFilter.java:116)
	at org.springframework.security.web.ObservationFilterChainDecorator$ObservationFilter.wrapFilter(ObservationFilterChainDecorator.java:241)
	at org.springframework.security.web.ObservationFilterChainDecorator$ObservationFilter.doFilter(ObservationFilterChainDecorator.java:228)
	at org.springframework.security.web.ObservationFilterChainDecorator$VirtualFilterChain.doFilter(ObservationFilterChainDecorator.java:138)
	at org.springframework.security.web.context.SecurityContextHolderFilter.doFilter(SecurityContextHolderFilter.java:82)
	at org.springframework.security.web.context.SecurityContextHolderFilter.doFilter(SecurityContextHolderFilter.java:69)
	at org.springframework.security.web.ObservationFilterChainDecorator$ObservationFilter.wrapFilter(ObservationFilterChainDecorator.java:241)
	at org.springframework.security.web.ObservationFilterChainDecorator$ObservationFilter.doFilter(ObservationFilterChainDecorator.java:228)
	at org.springframework.security.web.ObservationFilterChainDecorator$VirtualFilterChain.doFilter(ObservationFilterChainDecorator.java:138)
	at org.springframework.security.web.context.request.async.WebAsyncManagerIntegrationFilter.doFilterInternal(WebAsyncManagerIntegrationFilter.java:62)
	at org.springframework.web.filter.OncePerRequestFilter.doFilter(OncePerRequestFilter.java:116)
	at org.springframework.security.web.ObservationFilterChainDecorator$ObservationFilter.wrapFilter(ObservationFilterChainDecorator.java:241)
	at org.springframework.security.web.ObservationFilterChainDecorator$ObservationFilter.doFilter(ObservationFilterChainDecorator.java:228)
	at org.springframework.security.web.ObservationFilterChainDecorator$VirtualFilterChain.doFilter(ObservationFilterChainDecorator.java:138)
	at org.springframework.security.web.session.DisableEncodeUrlFilter.doFilterInternal(DisableEncodeUrlFilter.java:42)
	at org.springframework.web.filter.OncePerRequestFilter.doFilter(OncePerRequestFilter.java:116)
	at org.springframework.security.web.ObservationFilterChainDecorator$ObservationFilter.wrapFilter(ObservationFilterChainDecorator.java:241)
	at org.springframework.security.web.ObservationFilterChainDecorator$AroundFilterObservation$SimpleAroundFilterObservation.lambda$wrap$0(ObservationFilterChainDecorator.java:334)
	at org.springframework.security.web.ObservationFilterChainDecorator$ObservationFilter.doFilter(ObservationFilterChainDecorator.java:225)
	at org.springframework.security.web.ObservationFilterChainDecorator$VirtualFilterChain.doFilter(ObservationFilterChainDecorator.java:138)
	at org.springframework.security.web.FilterChainProxy.doFilterInternal(FilterChainProxy.java:233)
	at org.springframework.security.web.FilterChainProxy.doFilter(FilterChainProxy.java:191)
	at org.springframework.web.filter.CompositeFilter$VirtualFilterChain.doFilter(CompositeFilter.java:113)
	at org.springframework.web.filter.ServletRequestPathFilter.doFilter(ServletRequestPathFilter.java:52)
	at org.springframework.web.filter.CompositeFilter$VirtualFilterChain.doFilter(CompositeFilter.java:113)
	at org.springframework.web.filter.CompositeFilter.doFilter(CompositeFilter.java:74)
	at org.springframework.security.config.annotation.web.configuration.WebSecurityConfiguration$CompositeFilterChainProxy.doFilter(WebSecurityConfiguration.java:319)
	at org.springframework.web.filter.CompositeFilter$VirtualFilterChain.doFilter(CompositeFilter.java:113)
	at org.springframework.web.servlet.handler.HandlerMappingIntrospector.lambda$createCacheFilter$4(HandlerMappingIntrospector.java:267)
	at org.springframework.web.filter.CompositeFilter$VirtualFilterChain.doFilter(CompositeFilter.java:113)
	at org.springframework.web.filter.CompositeFilter.doFilter(CompositeFilter.java:74)
	at org.springframework.security.config.annotation.web.configuration.WebMvcSecurityConfiguration$CompositeFilterChainProxy.doFilter(WebMvcSecurityConfiguration.java:240)
	at org.springframework.web.filter.DelegatingFilterProxy.invokeDelegate(DelegatingFilterProxy.java:362)
	at org.springframework.web.filter.DelegatingFilterProxy.doFilter(DelegatingFilterProxy.java:278)
	at org.apache.catalina.core.ApplicationFilterChain.internalDoFilter(ApplicationFilterChain.java:162)
	at org.apache.catalina.core.ApplicationFilterChain.doFilter(ApplicationFilterChain.java:138)
	at org.springframework.web.filter.RequestContextFilter.doFilterInternal(RequestContextFilter.java:100)
	at org.springframework.web.filter.OncePerRequestFilter.doFilter(OncePerRequestFilter.java:116)
	at org.apache.catalina.core.ApplicationFilterChain.internalDoFilter(ApplicationFilterChain.java:162)
	at org.apache.catalina.core.ApplicationFilterChain.doFilter(ApplicationFilterChain.java:138)
	at org.springframework.web.filter.FormContentFilter.doFilterInternal(FormContentFilter.java:93)
	at org.springframework.web.filter.OncePerRequestFilter.doFilter(OncePerRequestFilter.java:116)
	at org.apache.catalina.core.ApplicationFilterChain.internalDoFilter(ApplicationFilterChain.java:162)
	at org.apache.catalina.core.ApplicationFilterChain.doFilter(ApplicationFilterChain.java:138)
	at org.springframework.web.filter.ServerHttpObservationFilter.doFilterInternal(ServerHttpObservationFilter.java:110)
	at org.springframework.web.filter.OncePerRequestFilter.doFilter(OncePerRequestFilter.java:116)
	at org.apache.catalina.core.ApplicationFilterChain.internalDoFilter(ApplicationFilterChain.java:162)
	at org.apache.catalina.core.ApplicationFilterChain.doFilter(ApplicationFilterChain.java:138)
	at org.springframework.web.filter.CharacterEncodingFilter.doFilterInternal(CharacterEncodingFilter.java:201)
	at org.springframework.web.filter.OncePerRequestFilter.doFilter(OncePerRequestFilter.java:116)
	at org.apache.catalina.core.ApplicationFilterChain.internalDoFilter(ApplicationFilterChain.java:162)
	at org.apache.catalina.core.ApplicationFilterChain.doFilter(ApplicationFilterChain.java:138)
	at org.apache.catalina.core.StandardWrapperValve.invoke(StandardWrapperValve.java:165)
	at org.apache.catalina.core.StandardContextValve.invoke(StandardContextValve.java:88)
	at org.apache.catalina.authenticator.AuthenticatorBase.invoke(AuthenticatorBase.java:492)
	at org.apache.catalina.core.StandardHostValve.invoke(StandardHostValve.java:113)
	at org.apache.catalina.valves.ErrorReportValve.invoke(ErrorReportValve.java:83)
	at org.apache.catalina.core.StandardEngineValve.invoke(StandardEngineValve.java:72)
	at org.apache.catalina.connector.CoyoteAdapter.service(CoyoteAdapter.java:342)
	at org.apache.coyote.http11.Http11Processor.service(Http11Processor.java:399)
	at org.apache.coyote.AbstractProcessorLight.process(AbstractProcessorLight.java:63)
	at org.apache.coyote.AbstractProtocol$ConnectionHandler.process(AbstractProtocol.java:903)
	at org.apache.tomcat.util.net.NioEndpoint$SocketProcessor.doRun(NioEndpoint.java:1775)
	at org.apache.tomcat.util.net.SocketProcessorBase.run(SocketProcessorBase.java:52)
	at org.apache.tomcat.util.threads.ThreadPoolExecutor.runWorker(ThreadPoolExecutor.java:973)
	at org.apache.tomcat.util.threads.ThreadPoolExecutor$Worker.run(ThreadPoolExecutor.java:491)
	at org.apache.tomcat.util.threads.TaskThread$WrappingRunnable.run(TaskThread.java:63)
	at java.base/java.lang.Thread.run(Thread.java:1474)
Caused by: org.springframework.core.convert.ConversionFailedException: Failed to convert from type [java.lang.String] to type [@org.springframework.web.bind.annotation.RequestParam @org.springframework.format.annotation.DateTimeFormat java.time.Instant] for value [2026-08-20T23:59]
	at org.springframework.core.convert.support.ConversionUtils.invokeConverter(ConversionUtils.java:47)
	at org.springframework.core.convert.support.GenericConversionService.convert(GenericConversionService.java:182)
	at org.springframework.beans.TypeConverterDelegate.convertIfNecessary(TypeConverterDelegate.java:131)
	at org.springframework.beans.TypeConverterSupport.convertIfNecessary(TypeConverterSupport.java:80)
	at org.springframework.beans.TypeConverterSupport.convertIfNecessary(TypeConverterSupport.java:53)
	at org.springframework.validation.DataBinder.convertIfNecessary(DataBinder.java:867)
	at org.springframework.web.method.annotation.AbstractNamedValueMethodArgumentResolver.convertIfNecessary(AbstractNamedValueMethodArgumentResolver.java:293)
	... 141 common frames omitted
Caused by: java.lang.IllegalArgumentException: Parse attempt failed for value [2026-08-20T23:59]
	at org.springframework.format.support.FormattingConversionService$ParserConverter.convert(FormattingConversionService.java:223)
	at org.springframework.format.support.FormattingConversionService$AnnotationParserConverter.convert(FormattingConversionService.java:338)
	at org.springframework.core.convert.support.ConversionUtils.invokeConverter(ConversionUtils.java:41)
	... 147 common frames omitted
Caused by: java.time.format.DateTimeParseException: Unable to parse date time value "2026-08-20T23:59" using configuration from @org.springframework.format.annotation.DateTimeFormat(pattern="", style="SS", iso=DATE_TIME, fallbackPatterns={})
	at org.springframework.format.datetime.standard.TemporalAccessorParser.parse(TemporalAccessorParser.java:120)
	at org.springframework.format.datetime.standard.TemporalAccessorParser.parse(TemporalAccessorParser.java:56)
	at org.springframework.format.support.FormattingConversionService$ParserConverter.convert(FormattingConversionService.java:217)
	... 149 common frames omitted
Caused by: java.time.format.DateTimeParseException: Text '2026-08-20T23:59' could not be parsed: Unable to obtain Instant from TemporalAccessor: {},ISO resolved to 2026-08-20T23:59 of type java.time.format.Parsed
	at java.base/java.time.format.DateTimeFormatter.createError(DateTimeFormatter.java:2079)
	at java.base/java.time.format.DateTimeFormatter.parse(DateTimeFormatter.java:2014)
	at org.springframework.format.datetime.standard.TemporalAccessorParser.doParse(TemporalAccessorParser.java:130)
	at org.springframework.format.datetime.standard.TemporalAccessorParser.parse(TemporalAccessorParser.java:92)
	... 151 common frames omitted
Caused by: java.time.DateTimeException: Unable to obtain Instant from TemporalAccessor: {},ISO resolved to 2026-08-20T23:59 of type java.time.format.Parsed
	at java.base/java.time.Instant.from(Instant.java:381)
	at java.base/java.time.format.Parsed.query(Parsed.java:247)
	at java.base/java.time.format.DateTimeFormatter.parse(DateTimeFormatter.java:2010)
	... 153 common frames omitted
Caused by: java.time.temporal.UnsupportedTemporalTypeException: Unsupported field: InstantSeconds
	at java.base/java.time.format.Parsed.getLong(Parsed.java:215)
	at java.base/java.time.Instant.from(Instant.java:376)
	... 155 common frames omitted
2026-09-20 02:59:05 [http-nio-8080-exec-4] [] ERROR c.j.a.advice.GlobalExceptionHandler - Unexpected error: Method parameter 'startDate': Failed to convert value of type 'java.lang.String' to required type 'java.time.Instant'; Failed to convert from type [java.lang.String] to type [@org.springframework.web.bind.annotation.RequestParam @org.springframework.format.annotation.DateTimeFormat java.time.Instant] for value [2026-08-20T23:59]
org.springframework.web.method.annotation.MethodArgumentTypeMismatchException: Method parameter 'startDate': Failed to convert value of type 'java.lang.String' to required type 'java.time.Instant'; Failed to convert from type [java.lang.String] to type [@org.springframework.web.bind.annotation.RequestParam @org.springframework.format.annotation.DateTimeFormat java.time.Instant] for value [2026-08-20T23:59]
	at org.springframework.web.method.annotation.AbstractNamedValueMethodArgumentResolver.convertIfNecessary(AbstractNamedValueMethodArgumentResolver.java:301)
	at org.springframework.web.method.annotation.AbstractNamedValueMethodArgumentResolver.resolveArgument(AbstractNamedValueMethodArgumentResolver.java:136)
	at org.springframework.web.method.support.HandlerMethodArgumentResolverComposite.resolveArgument(HandlerMethodArgumentResolverComposite.java:122)
	at org.springframework.web.method.support.InvocableHandlerMethod.getMethodArgumentValues(InvocableHandlerMethod.java:227)
	at org.springframework.web.method.support.InvocableHandlerMethod.invokeForRequest(InvocableHandlerMethod.java:181)
	at org.springframework.web.servlet.mvc.method.annotation.ServletInvocableHandlerMethod.invokeAndHandle(ServletInvocableHandlerMethod.java:118)
	at org.springframework.web.servlet.mvc.method.annotation.RequestMappingHandlerAdapter.invokeHandlerMethod(RequestMappingHandlerAdapter.java:991)
	at org.springframework.web.servlet.mvc.method.annotation.RequestMappingHandlerAdapter.handleInternal(RequestMappingHandlerAdapter.java:896)
	at org.springframework.web.servlet.mvc.method.AbstractHandlerMethodAdapter.handle(AbstractHandlerMethodAdapter.java:87)
	at org.springframework.web.servlet.DispatcherServlet.doDispatch(DispatcherServlet.java:1089)
	at org.springframework.web.servlet.DispatcherServlet.doService(DispatcherServlet.java:979)
	at org.springframework.web.servlet.FrameworkServlet.processRequest(FrameworkServlet.java:1014)
	at org.springframework.web.servlet.FrameworkServlet.doGet(FrameworkServlet.java:903)
	at jakarta.servlet.http.HttpServlet.service(HttpServlet.java:564)
	at org.springframework.web.servlet.FrameworkServlet.service(FrameworkServlet.java:885)
	at jakarta.servlet.http.HttpServlet.service(HttpServlet.java:658)
	at org.apache.catalina.core.ApplicationFilterChain.internalDoFilter(ApplicationFilterChain.java:193)
	at org.apache.catalina.core.ApplicationFilterChain.doFilter(ApplicationFilterChain.java:138)
	at org.apache.tomcat.websocket.server.WsFilter.doFilter(WsFilter.java:51)
	at org.apache.catalina.core.ApplicationFilterChain.internalDoFilter(ApplicationFilterChain.java:162)
	at org.apache.catalina.core.ApplicationFilterChain.doFilter(ApplicationFilterChain.java:138)
	at org.springframework.web.filter.OncePerRequestFilter.doFilter(OncePerRequestFilter.java:110)
	at org.apache.catalina.core.ApplicationFilterChain.internalDoFilter(ApplicationFilterChain.java:162)
	at org.apache.catalina.core.ApplicationFilterChain.doFilter(ApplicationFilterChain.java:138)
	at org.springframework.web.filter.CompositeFilter$VirtualFilterChain.doFilter(CompositeFilter.java:108)
	at org.springframework.web.filter.CompositeFilter$VirtualFilterChain.doFilter(CompositeFilter.java:108)
	at org.springframework.security.web.FilterChainProxy.lambda$doFilterInternal$3(FilterChainProxy.java:231)
	at org.springframework.security.web.ObservationFilterChainDecorator$FilterObservation$SimpleFilterObservation.lambda$wrap$1(ObservationFilterChainDecorator.java:490)
	at org.springframework.security.web.ObservationFilterChainDecorator$AroundFilterObservation$SimpleAroundFilterObservation.lambda$wrap$1(ObservationFilterChainDecorator.java:351)
	at org.springframework.security.web.ObservationFilterChainDecorator.lambda$wrapSecured$0(ObservationFilterChainDecorator.java:83)
	at org.springframework.security.web.ObservationFilterChainDecorator$VirtualFilterChain.doFilter(ObservationFilterChainDecorator.java:129)
	at org.springframework.security.web.access.intercept.AuthorizationFilter.doFilter(AuthorizationFilter.java:101)
	at org.springframework.security.web.ObservationFilterChainDecorator$ObservationFilter.wrapFilter(ObservationFilterChainDecorator.java:241)
	at org.springframework.security.web.ObservationFilterChainDecorator$ObservationFilter.doFilter(ObservationFilterChainDecorator.java:228)
	at org.springframework.security.web.ObservationFilterChainDecorator$VirtualFilterChain.doFilter(ObservationFilterChainDecorator.java:138)
	at org.springframework.security.web.access.ExceptionTranslationFilter.doFilter(ExceptionTranslationFilter.java:125)
	at org.springframework.security.web.access.ExceptionTranslationFilter.doFilter(ExceptionTranslationFilter.java:119)
	at org.springframework.security.web.ObservationFilterChainDecorator$ObservationFilter.wrapFilter(ObservationFilterChainDecorator.java:241)
	at org.springframework.security.web.ObservationFilterChainDecorator$ObservationFilter.doFilter(ObservationFilterChainDecorator.java:228)
	at org.springframework.security.web.ObservationFilterChainDecorator$VirtualFilterChain.doFilter(ObservationFilterChainDecorator.java:138)
	at org.springframework.security.web.session.SessionManagementFilter.doFilter(SessionManagementFilter.java:131)
	at org.springframework.security.web.session.SessionManagementFilter.doFilter(SessionManagementFilter.java:85)
	at org.springframework.security.web.ObservationFilterChainDecorator$ObservationFilter.wrapFilter(ObservationFilterChainDecorator.java:241)
	at org.springframework.security.web.ObservationFilterChainDecorator$ObservationFilter.doFilter(ObservationFilterChainDecorator.java:228)
	at org.springframework.security.web.ObservationFilterChainDecorator$VirtualFilterChain.doFilter(ObservationFilterChainDecorator.java:138)
	at org.springframework.security.web.authentication.AnonymousAuthenticationFilter.doFilter(AnonymousAuthenticationFilter.java:100)
	at org.springframework.security.web.ObservationFilterChainDecorator$ObservationFilter.wrapFilter(ObservationFilterChainDecorator.java:241)
	at org.springframework.security.web.ObservationFilterChainDecorator$ObservationFilter.doFilter(ObservationFilterChainDecorator.java:228)
	at org.springframework.security.web.ObservationFilterChainDecorator$VirtualFilterChain.doFilter(ObservationFilterChainDecorator.java:138)
	at org.springframework.security.web.servletapi.SecurityContextHolderAwareRequestFilter.doFilter(SecurityContextHolderAwareRequestFilter.java:179)
	at org.springframework.security.web.ObservationFilterChainDecorator$ObservationFilter.wrapFilter(ObservationFilterChainDecorator.java:241)
	at org.springframework.security.web.ObservationFilterChainDecorator$ObservationFilter.doFilter(ObservationFilterChainDecorator.java:228)
	at org.springframework.security.web.ObservationFilterChainDecorator$VirtualFilterChain.doFilter(ObservationFilterChainDecorator.java:138)
	at org.springframework.security.web.savedrequest.RequestCacheAwareFilter.doFilter(RequestCacheAwareFilter.java:63)
	at org.springframework.security.web.ObservationFilterChainDecorator$ObservationFilter.wrapFilter(ObservationFilterChainDecorator.java:241)
	at org.springframework.security.web.ObservationFilterChainDecorator$ObservationFilter.doFilter(ObservationFilterChainDecorator.java:228)
	at org.springframework.security.web.ObservationFilterChainDecorator$VirtualFilterChain.doFilter(ObservationFilterChainDecorator.java:138)
	at com.jmp.infrastructure.security.JwtAuthenticationFilter.doFilterInternal(JwtAuthenticationFilter.java:75)
	at org.springframework.web.filter.OncePerRequestFilter.doFilter(OncePerRequestFilter.java:116)
	at org.springframework.security.web.ObservationFilterChainDecorator$ObservationFilter.wrapFilter(ObservationFilterChainDecorator.java:241)
	at org.springframework.security.web.ObservationFilterChainDecorator$ObservationFilter.doFilter(ObservationFilterChainDecorator.java:228)
	at org.springframework.security.web.ObservationFilterChainDecorator$VirtualFilterChain.doFilter(ObservationFilterChainDecorator.java:138)
	at org.springframework.security.web.authentication.logout.LogoutFilter.doFilter(LogoutFilter.java:107)
	at org.springframework.security.web.authentication.logout.LogoutFilter.doFilter(LogoutFilter.java:93)
	at org.springframework.security.web.ObservationFilterChainDecorator$ObservationFilter.wrapFilter(ObservationFilterChainDecorator.java:241)
	at org.springframework.security.web.ObservationFilterChainDecorator$ObservationFilter.doFilter(ObservationFilterChainDecorator.java:228)
	at org.springframework.security.web.ObservationFilterChainDecorator$VirtualFilterChain.doFilter(ObservationFilterChainDecorator.java:138)
	at org.springframework.web.filter.CorsFilter.doFilterInternal(CorsFilter.java:91)
	at org.springframework.web.filter.OncePerRequestFilter.doFilter(OncePerRequestFilter.java:116)
	at org.springframework.security.web.ObservationFilterChainDecorator$ObservationFilter.wrapFilter(ObservationFilterChainDecorator.java:241)
	at org.springframework.security.web.ObservationFilterChainDecorator$ObservationFilter.doFilter(ObservationFilterChainDecorator.java:228)
	at org.springframework.security.web.ObservationFilterChainDecorator$VirtualFilterChain.doFilter(ObservationFilterChainDecorator.java:138)
	at org.springframework.security.web.header.HeaderWriterFilter.doHeadersAfter(HeaderWriterFilter.java:90)
	at org.springframework.security.web.header.HeaderWriterFilter.doFilterInternal(HeaderWriterFilter.java:75)
	at org.springframework.web.filter.OncePerRequestFilter.doFilter(OncePerRequestFilter.java:116)
	at org.springframework.security.web.ObservationFilterChainDecorator$ObservationFilter.wrapFilter(ObservationFilterChainDecorator.java:241)
	at org.springframework.security.web.ObservationFilterChainDecorator$ObservationFilter.doFilter(ObservationFilterChainDecorator.java:228)
	at org.springframework.security.web.ObservationFilterChainDecorator$VirtualFilterChain.doFilter(ObservationFilterChainDecorator.java:138)
	at org.springframework.security.web.context.SecurityContextHolderFilter.doFilter(SecurityContextHolderFilter.java:82)
	at org.springframework.security.web.context.SecurityContextHolderFilter.doFilter(SecurityContextHolderFilter.java:69)
	at org.springframework.security.web.ObservationFilterChainDecorator$ObservationFilter.wrapFilter(ObservationFilterChainDecorator.java:241)
	at org.springframework.security.web.ObservationFilterChainDecorator$ObservationFilter.doFilter(ObservationFilterChainDecorator.java:228)
	at org.springframework.security.web.ObservationFilterChainDecorator$VirtualFilterChain.doFilter(ObservationFilterChainDecorator.java:138)
	at org.springframework.security.web.context.request.async.WebAsyncManagerIntegrationFilter.doFilterInternal(WebAsyncManagerIntegrationFilter.java:62)
	at org.springframework.web.filter.OncePerRequestFilter.doFilter(OncePerRequestFilter.java:116)
	at org.springframework.security.web.ObservationFilterChainDecorator$ObservationFilter.wrapFilter(ObservationFilterChainDecorator.java:241)
	at org.springframework.security.web.ObservationFilterChainDecorator$ObservationFilter.doFilter(ObservationFilterChainDecorator.java:228)
	at org.springframework.security.web.ObservationFilterChainDecorator$VirtualFilterChain.doFilter(ObservationFilterChainDecorator.java:138)
	at org.springframework.security.web.session.DisableEncodeUrlFilter.doFilterInternal(DisableEncodeUrlFilter.java:42)
	at org.springframework.web.filter.OncePerRequestFilter.doFilter(OncePerRequestFilter.java:116)
	at org.springframework.security.web.ObservationFilterChainDecorator$ObservationFilter.wrapFilter(ObservationFilterChainDecorator.java:241)
	at org.springframework.security.web.ObservationFilterChainDecorator$AroundFilterObservation$SimpleAroundFilterObservation.lambda$wrap$0(ObservationFilterChainDecorator.java:334)
	at org.springframework.security.web.ObservationFilterChainDecorator$ObservationFilter.doFilter(ObservationFilterChainDecorator.java:225)
	at org.springframework.security.web.ObservationFilterChainDecorator$VirtualFilterChain.doFilter(ObservationFilterChainDecorator.java:138)
	at org.springframework.security.web.FilterChainProxy.doFilterInternal(FilterChainProxy.java:233)
	at org.springframework.security.web.FilterChainProxy.doFilter(FilterChainProxy.java:191)
	at org.springframework.web.filter.CompositeFilter$VirtualFilterChain.doFilter(CompositeFilter.java:113)
	at org.springframework.web.filter.ServletRequestPathFilter.doFilter(ServletRequestPathFilter.java:52)
	at org.springframework.web.filter.CompositeFilter$VirtualFilterChain.doFilter(CompositeFilter.java:113)
	at org.springframework.web.filter.CompositeFilter.doFilter(CompositeFilter.java:74)
	at org.springframework.security.config.annotation.web.configuration.WebSecurityConfiguration$CompositeFilterChainProxy.doFilter(WebSecurityConfiguration.java:319)
	at org.springframework.web.filter.CompositeFilter$VirtualFilterChain.doFilter(CompositeFilter.java:113)
	at org.springframework.web.servlet.handler.HandlerMappingIntrospector.lambda$createCacheFilter$4(HandlerMappingIntrospector.java:267)
	at org.springframework.web.filter.CompositeFilter$VirtualFilterChain.doFilter(CompositeFilter.java:113)
	at org.springframework.web.filter.CompositeFilter.doFilter(CompositeFilter.java:74)
	at org.springframework.security.config.annotation.web.configuration.WebMvcSecurityConfiguration$CompositeFilterChainProxy.doFilter(WebMvcSecurityConfiguration.java:240)
	at org.springframework.web.filter.DelegatingFilterProxy.invokeDelegate(DelegatingFilterProxy.java:362)
	at org.springframework.web.filter.DelegatingFilterProxy.doFilter(DelegatingFilterProxy.java:278)
	at org.apache.catalina.core.ApplicationFilterChain.internalDoFilter(ApplicationFilterChain.java:162)
	at org.apache.catalina.core.ApplicationFilterChain.doFilter(ApplicationFilterChain.java:138)
	at org.springframework.web.filter.RequestContextFilter.doFilterInternal(RequestContextFilter.java:100)
	at org.springframework.web.filter.OncePerRequestFilter.doFilter(OncePerRequestFilter.java:116)
	at org.apache.catalina.core.ApplicationFilterChain.internalDoFilter(ApplicationFilterChain.java:162)
	at org.apache.catalina.core.ApplicationFilterChain.doFilter(ApplicationFilterChain.java:138)
	at org.springframework.web.filter.FormContentFilter.doFilterInternal(FormContentFilter.java:93)
	at org.springframework.web.filter.OncePerRequestFilter.doFilter(OncePerRequestFilter.java:116)
	at org.apache.catalina.core.ApplicationFilterChain.internalDoFilter(ApplicationFilterChain.java:162)
	at org.apache.catalina.core.ApplicationFilterChain.doFilter(ApplicationFilterChain.java:138)
	at org.springframework.web.filter.ServerHttpObservationFilter.doFilterInternal(ServerHttpObservationFilter.java:110)
	at org.springframework.web.filter.OncePerRequestFilter.doFilter(OncePerRequestFilter.java:116)
	at org.apache.catalina.core.ApplicationFilterChain.internalDoFilter(ApplicationFilterChain.java:162)
	at org.apache.catalina.core.ApplicationFilterChain.doFilter(ApplicationFilterChain.java:138)
	at org.springframework.web.filter.CharacterEncodingFilter.doFilterInternal(CharacterEncodingFilter.java:201)
	at org.springframework.web.filter.OncePerRequestFilter.doFilter(OncePerRequestFilter.java:116)
	at org.apache.catalina.core.ApplicationFilterChain.internalDoFilter(ApplicationFilterChain.java:162)
	at org.apache.catalina.core.ApplicationFilterChain.doFilter(ApplicationFilterChain.java:138)
	at org.apache.catalina.core.StandardWrapperValve.invoke(StandardWrapperValve.java:165)
	at org.apache.catalina.core.StandardContextValve.invoke(StandardContextValve.java:88)
	at org.apache.catalina.authenticator.AuthenticatorBase.invoke(AuthenticatorBase.java:492)
	at org.apache.catalina.core.StandardHostValve.invoke(StandardHostValve.java:113)
	at org.apache.catalina.valves.ErrorReportValve.invoke(ErrorReportValve.java:83)
	at org.apache.catalina.core.StandardEngineValve.invoke(StandardEngineValve.java:72)
	at org.apache.catalina.connector.CoyoteAdapter.service(CoyoteAdapter.java:342)
	at org.apache.coyote.http11.Http11Processor.service(Http11Processor.java:399)
	at org.apache.coyote.AbstractProcessorLight.process(AbstractProcessorLight.java:63)
	at org.apache.coyote.AbstractProtocol$ConnectionHandler.process(AbstractProtocol.java:903)
	at org.apache.tomcat.util.net.NioEndpoint$SocketProcessor.doRun(NioEndpoint.java:1775)
	at org.apache.tomcat.util.net.SocketProcessorBase.run(SocketProcessorBase.java:52)
	at org.apache.tomcat.util.threads.ThreadPoolExecutor.runWorker(ThreadPoolExecutor.java:973)
	at org.apache.tomcat.util.threads.ThreadPoolExecutor$Worker.run(ThreadPoolExecutor.java:491)
	at org.apache.tomcat.util.threads.TaskThread$WrappingRunnable.run(TaskThread.java:63)
	at java.base/java.lang.Thread.run(Thread.java:1474)
Caused by: org.springframework.core.convert.ConversionFailedException: Failed to convert from type [java.lang.String] to type [@org.springframework.web.bind.annotation.RequestParam @org.springframework.format.annotation.DateTimeFormat java.time.Instant] for value [2026-08-20T23:59]
	at org.springframework.core.convert.support.ConversionUtils.invokeConverter(ConversionUtils.java:47)
	at org.springframework.core.convert.support.GenericConversionService.convert(GenericConversionService.java:182)
	at org.springframework.beans.TypeConverterDelegate.convertIfNecessary(TypeConverterDelegate.java:131)
	at org.springframework.beans.TypeConverterSupport.convertIfNecessary(TypeConverterSupport.java:80)
	at org.springframework.beans.TypeConverterSupport.convertIfNecessary(TypeConverterSupport.java:53)
	at org.springframework.validation.DataBinder.convertIfNecessary(DataBinder.java:867)
	at org.springframework.web.method.annotation.AbstractNamedValueMethodArgumentResolver.convertIfNecessary(AbstractNamedValueMethodArgumentResolver.java:293)
	... 141 common frames omitted
Caused by: java.lang.IllegalArgumentException: Parse attempt failed for value [2026-08-20T23:59]
	at org.springframework.format.support.FormattingConversionService$ParserConverter.convert(FormattingConversionService.java:223)
	at org.springframework.format.support.FormattingConversionService$AnnotationParserConverter.convert(FormattingConversionService.java:338)
	at org.springframework.core.convert.support.ConversionUtils.invokeConverter(ConversionUtils.java:41)
	... 147 common frames omitted
Caused by: java.time.format.DateTimeParseException: Unable to parse date time value "2026-08-20T23:59" using configuration from @org.springframework.format.annotation.DateTimeFormat(pattern="", style="SS", iso=DATE_TIME, fallbackPatterns={})
	at org.springframework.format.datetime.standard.TemporalAccessorParser.parse(TemporalAccessorParser.java:120)
	at org.springframework.format.datetime.standard.TemporalAccessorParser.parse(TemporalAccessorParser.java:56)
	at org.springframework.format.support.FormattingConversionService$ParserConverter.convert(FormattingConversionService.java:217)
	... 149 common frames omitted
Caused by: java.time.format.DateTimeParseException: Text '2026-08-20T23:59' could not be parsed: Unable to obtain Instant from TemporalAccessor: {},ISO resolved to 2026-08-20T23:59 of type java.time.format.Parsed
	at java.base/java.time.format.DateTimeFormatter.createError(DateTimeFormatter.java:2079)
	at java.base/java.time.format.DateTimeFormatter.parse(DateTimeFormatter.java:2014)
	at org.springframework.format.datetime.standard.TemporalAccessorParser.doParse(TemporalAccessorParser.java:130)
	at org.springframework.format.datetime.standard.TemporalAccessorParser.parse(TemporalAccessorParser.java:92)
	... 151 common frames omitted
Caused by: java.time.DateTimeException: Unable to obtain Instant from TemporalAccessor: {},ISO resolved to 2026-08-20T23:59 of type java.time.format.Parsed
	at java.base/java.time.Instant.from(Instant.java:381)
	at java.base/java.time.format.Parsed.query(Parsed.java:247)
	at java.base/java.time.format.DateTimeFormatter.parse(DateTimeFormatter.java:2010)
	... 153 common frames omitted
Caused by: java.time.temporal.UnsupportedTemporalTypeException: Unsupported field: InstantSeconds
	at java.base/java.time.format.Parsed.getLong(Parsed.java:215)
	at java.base/java.time.Instant.from(Instant.java:376)
	... 155 common frames omitted
2026-09-20 02:59:05 [http-nio-8080-exec-6] [] ERROR c.j.a.advice.GlobalExceptionHandler - Unexpected error: Method parameter 'startDate': Failed to convert value of type 'java.lang.String' to required type 'java.time.Instant'; Failed to convert from type [java.lang.String] to type [@org.springframework.web.bind.annotation.RequestParam @org.springframework.format.annotation.DateTimeFormat java.time.Instant] for value [2026-08-20T23:59]
org.springframework.web.method.annotation.MethodArgumentTypeMismatchException: Method parameter 'startDate': Failed to convert value of type 'java.lang.String' to required type 'java.time.Instant'; Failed to convert from type [java.lang.String] to type [@org.springframework.web.bind.annotation.RequestParam @org.springframework.format.annotation.DateTimeFormat java.time.Instant] for value [2026-08-20T23:59]
	at org.springframework.web.method.annotation.AbstractNamedValueMethodArgumentResolver.convertIfNecessary(AbstractNamedValueMethodArgumentResolver.java:301)
	at org.springframework.web.method.annotation.AbstractNamedValueMethodArgumentResolver.resolveArgument(AbstractNamedValueMethodArgumentResolver.java:136)
	at org.springframework.web.method.support.HandlerMethodArgumentResolverComposite.resolveArgument(HandlerMethodArgumentResolverComposite.java:122)
	at org.springframework.web.method.support.InvocableHandlerMethod.getMethodArgumentValues(InvocableHandlerMethod.java:227)
	at org.springframework.web.method.support.InvocableHandlerMethod.invokeForRequest(InvocableHandlerMethod.java:181)
	at org.springframework.web.servlet.mvc.method.annotation.ServletInvocableHandlerMethod.invokeAndHandle(ServletInvocableHandlerMethod.java:118)
	at org.springframework.web.servlet.mvc.method.annotation.RequestMappingHandlerAdapter.invokeHandlerMethod(RequestMappingHandlerAdapter.java:991)
	at org.springframework.web.servlet.mvc.method.annotation.RequestMappingHandlerAdapter.handleInternal(RequestMappingHandlerAdapter.java:896)
	at org.springframework.web.servlet.mvc.method.AbstractHandlerMethodAdapter.handle(AbstractHandlerMethodAdapter.java:87)
	at org.springframework.web.servlet.DispatcherServlet.doDispatch(DispatcherServlet.java:1089)
	at org.springframework.web.servlet.DispatcherServlet.doService(DispatcherServlet.java:979)
	at org.springframework.web.servlet.FrameworkServlet.processRequest(FrameworkServlet.java:1014)
	at org.springframework.web.servlet.FrameworkServlet.doGet(FrameworkServlet.java:903)
	at jakarta.servlet.http.HttpServlet.service(HttpServlet.java:564)
	at org.springframework.web.servlet.FrameworkServlet.service(FrameworkServlet.java:885)
	at jakarta.servlet.http.HttpServlet.service(HttpServlet.java:658)
	at org.apache.catalina.core.ApplicationFilterChain.internalDoFilter(ApplicationFilterChain.java:193)
	at org.apache.catalina.core.ApplicationFilterChain.doFilter(ApplicationFilterChain.java:138)
	at org.apache.tomcat.websocket.server.WsFilter.doFilter(WsFilter.java:51)
	at org.apache.catalina.core.ApplicationFilterChain.internalDoFilter(ApplicationFilterChain.java:162)
	at org.apache.catalina.core.ApplicationFilterChain.doFilter(ApplicationFilterChain.java:138)
	at org.springframework.web.filter.OncePerRequestFilter.doFilter(OncePerRequestFilter.java:110)
	at org.apache.catalina.core.ApplicationFilterChain.internalDoFilter(ApplicationFilterChain.java:162)
	at org.apache.catalina.core.ApplicationFilterChain.doFilter(ApplicationFilterChain.java:138)
	at org.springframework.web.filter.CompositeFilter$VirtualFilterChain.doFilter(CompositeFilter.java:108)
	at org.springframework.web.filter.CompositeFilter$VirtualFilterChain.doFilter(CompositeFilter.java:108)
	at org.springframework.security.web.FilterChainProxy.lambda$doFilterInternal$3(FilterChainProxy.java:231)
	at org.springframework.security.web.ObservationFilterChainDecorator$FilterObservation$SimpleFilterObservation.lambda$wrap$1(ObservationFilterChainDecorator.java:490)
	at org.springframework.security.web.ObservationFilterChainDecorator$AroundFilterObservation$SimpleAroundFilterObservation.lambda$wrap$1(ObservationFilterChainDecorator.java:351)
	at org.springframework.security.web.ObservationFilterChainDecorator.lambda$wrapSecured$0(ObservationFilterChainDecorator.java:83)
	at org.springframework.security.web.ObservationFilterChainDecorator$VirtualFilterChain.doFilter(ObservationFilterChainDecorator.java:129)
	at org.springframework.security.web.access.intercept.AuthorizationFilter.doFilter(AuthorizationFilter.java:101)
	at org.springframework.security.web.ObservationFilterChainDecorator$ObservationFilter.wrapFilter(ObservationFilterChainDecorator.java:241)
	at org.springframework.security.web.ObservationFilterChainDecorator$ObservationFilter.doFilter(ObservationFilterChainDecorator.java:228)
	at org.springframework.security.web.ObservationFilterChainDecorator$VirtualFilterChain.doFilter(ObservationFilterChainDecorator.java:138)
	at org.springframework.security.web.access.ExceptionTranslationFilter.doFilter(ExceptionTranslationFilter.java:125)
	at org.springframework.security.web.access.ExceptionTranslationFilter.doFilter(ExceptionTranslationFilter.java:119)
	at org.springframework.security.web.ObservationFilterChainDecorator$ObservationFilter.wrapFilter(ObservationFilterChainDecorator.java:241)
	at org.springframework.security.web.ObservationFilterChainDecorator$ObservationFilter.doFilter(ObservationFilterChainDecorator.java:228)
	at org.springframework.security.web.ObservationFilterChainDecorator$VirtualFilterChain.doFilter(ObservationFilterChainDecorator.java:138)
	at org.springframework.security.web.session.SessionManagementFilter.doFilter(SessionManagementFilter.java:131)
	at org.springframework.security.web.session.SessionManagementFilter.doFilter(SessionManagementFilter.java:85)
	at org.springframework.security.web.ObservationFilterChainDecorator$ObservationFilter.wrapFilter(ObservationFilterChainDecorator.java:241)
	at org.springframework.security.web.ObservationFilterChainDecorator$ObservationFilter.doFilter(ObservationFilterChainDecorator.java:228)
	at org.springframework.security.web.ObservationFilterChainDecorator$VirtualFilterChain.doFilter(ObservationFilterChainDecorator.java:138)
	at org.springframework.security.web.authentication.AnonymousAuthenticationFilter.doFilter(AnonymousAuthenticationFilter.java:100)
	at org.springframework.security.web.ObservationFilterChainDecorator$ObservationFilter.wrapFilter(ObservationFilterChainDecorator.java:241)
	at org.springframework.security.web.ObservationFilterChainDecorator$ObservationFilter.doFilter(ObservationFilterChainDecorator.java:228)
	at org.springframework.security.web.ObservationFilterChainDecorator$VirtualFilterChain.doFilter(ObservationFilterChainDecorator.java:138)
	at org.springframework.security.web.servletapi.SecurityContextHolderAwareRequestFilter.doFilter(SecurityContextHolderAwareRequestFilter.java:179)
	at org.springframework.security.web.ObservationFilterChainDecorator$ObservationFilter.wrapFilter(ObservationFilterChainDecorator.java:241)
	at org.springframework.security.web.ObservationFilterChainDecorator$ObservationFilter.doFilter(ObservationFilterChainDecorator.java:228)
	at org.springframework.security.web.ObservationFilterChainDecorator$VirtualFilterChain.doFilter(ObservationFilterChainDecorator.java:138)
	at org.springframework.security.web.savedrequest.RequestCacheAwareFilter.doFilter(RequestCacheAwareFilter.java:63)
	at org.springframework.security.web.ObservationFilterChainDecorator$ObservationFilter.wrapFilter(ObservationFilterChainDecorator.java:241)
	at org.springframework.security.web.ObservationFilterChainDecorator$ObservationFilter.doFilter(ObservationFilterChainDecorator.java:228)
	at org.springframework.security.web.ObservationFilterChainDecorator$VirtualFilterChain.doFilter(ObservationFilterChainDecorator.java:138)
	at com.jmp.infrastructure.security.JwtAuthenticationFilter.doFilterInternal(JwtAuthenticationFilter.java:75)
	at org.springframework.web.filter.OncePerRequestFilter.doFilter(OncePerRequestFilter.java:116)
	at org.springframework.security.web.ObservationFilterChainDecorator$ObservationFilter.wrapFilter(ObservationFilterChainDecorator.java:241)
	at org.springframework.security.web.ObservationFilterChainDecorator$ObservationFilter.doFilter(ObservationFilterChainDecorator.java:228)
	at org.springframework.security.web.ObservationFilterChainDecorator$VirtualFilterChain.doFilter(ObservationFilterChainDecorator.java:138)
	at org.springframework.security.web.authentication.logout.LogoutFilter.doFilter(LogoutFilter.java:107)
	at org.springframework.security.web.authentication.logout.LogoutFilter.doFilter(LogoutFilter.java:93)
	at org.springframework.security.web.ObservationFilterChainDecorator$ObservationFilter.wrapFilter(ObservationFilterChainDecorator.java:241)
	at org.springframework.security.web.ObservationFilterChainDecorator$ObservationFilter.doFilter(ObservationFilterChainDecorator.java:228)
	at org.springframework.security.web.ObservationFilterChainDecorator$VirtualFilterChain.doFilter(ObservationFilterChainDecorator.java:138)
	at org.springframework.web.filter.CorsFilter.doFilterInternal(CorsFilter.java:91)
	at org.springframework.web.filter.OncePerRequestFilter.doFilter(OncePerRequestFilter.java:116)
	at org.springframework.security.web.ObservationFilterChainDecorator$ObservationFilter.wrapFilter(ObservationFilterChainDecorator.java:241)
	at org.springframework.security.web.ObservationFilterChainDecorator$ObservationFilter.doFilter(ObservationFilterChainDecorator.java:228)
	at org.springframework.security.web.ObservationFilterChainDecorator$VirtualFilterChain.doFilter(ObservationFilterChainDecorator.java:138)
	at org.springframework.security.web.header.HeaderWriterFilter.doHeadersAfter(HeaderWriterFilter.java:90)
	at org.springframework.security.web.header.HeaderWriterFilter.doFilterInternal(HeaderWriterFilter.java:75)
	at org.springframework.web.filter.OncePerRequestFilter.doFilter(OncePerRequestFilter.java:116)
	at org.springframework.security.web.ObservationFilterChainDecorator$ObservationFilter.wrapFilter(ObservationFilterChainDecorator.java:241)
	at org.springframework.security.web.ObservationFilterChainDecorator$ObservationFilter.doFilter(ObservationFilterChainDecorator.java:228)
	at org.springframework.security.web.ObservationFilterChainDecorator$VirtualFilterChain.doFilter(ObservationFilterChainDecorator.java:138)
	at org.springframework.security.web.context.SecurityContextHolderFilter.doFilter(SecurityContextHolderFilter.java:82)
	at org.springframework.security.web.context.SecurityContextHolderFilter.doFilter(SecurityContextHolderFilter.java:69)
	at org.springframework.security.web.ObservationFilterChainDecorator$ObservationFilter.wrapFilter(ObservationFilterChainDecorator.java:241)
	at org.springframework.security.web.ObservationFilterChainDecorator$ObservationFilter.doFilter(ObservationFilterChainDecorator.java:228)
	at org.springframework.security.web.ObservationFilterChainDecorator$VirtualFilterChain.doFilter(ObservationFilterChainDecorator.java:138)
	at org.springframework.security.web.context.request.async.WebAsyncManagerIntegrationFilter.doFilterInternal(WebAsyncManagerIntegrationFilter.java:62)
	at org.springframework.web.filter.OncePerRequestFilter.doFilter(OncePerRequestFilter.java:116)
	at org.springframework.security.web.ObservationFilterChainDecorator$ObservationFilter.wrapFilter(ObservationFilterChainDecorator.java:241)
	at org.springframework.security.web.ObservationFilterChainDecorator$ObservationFilter.doFilter(ObservationFilterChainDecorator.java:228)
	at org.springframework.security.web.ObservationFilterChainDecorator$VirtualFilterChain.doFilter(ObservationFilterChainDecorator.java:138)
	at org.springframework.security.web.session.DisableEncodeUrlFilter.doFilterInternal(DisableEncodeUrlFilter.java:42)
	at org.springframework.web.filter.OncePerRequestFilter.doFilter(OncePerRequestFilter.java:116)
	at org.springframework.security.web.ObservationFilterChainDecorator$ObservationFilter.wrapFilter(ObservationFilterChainDecorator.java:241)
	at org.springframework.security.web.ObservationFilterChainDecorator$AroundFilterObservation$SimpleAroundFilterObservation.lambda$wrap$0(ObservationFilterChainDecorator.java:334)
	at org.springframework.security.web.ObservationFilterChainDecorator$ObservationFilter.doFilter(ObservationFilterChainDecorator.java:225)
	at org.springframework.security.web.ObservationFilterChainDecorator$VirtualFilterChain.doFilter(ObservationFilterChainDecorator.java:138)
	at org.springframework.security.web.FilterChainProxy.doFilterInternal(FilterChainProxy.java:233)
	at org.springframework.security.web.FilterChainProxy.doFilter(FilterChainProxy.java:191)
	at org.springframework.web.filter.CompositeFilter$VirtualFilterChain.doFilter(CompositeFilter.java:113)
	at org.springframework.web.filter.ServletRequestPathFilter.doFilter(ServletRequestPathFilter.java:52)
	at org.springframework.web.filter.CompositeFilter$VirtualFilterChain.doFilter(CompositeFilter.java:113)
	at org.springframework.web.filter.CompositeFilter.doFilter(CompositeFilter.java:74)
	at org.springframework.security.config.annotation.web.configuration.WebSecurityConfiguration$CompositeFilterChainProxy.doFilter(WebSecurityConfiguration.java:319)
	at org.springframework.web.filter.CompositeFilter$VirtualFilterChain.doFilter(CompositeFilter.java:113)
	at org.springframework.web.servlet.handler.HandlerMappingIntrospector.lambda$createCacheFilter$4(HandlerMappingIntrospector.java:267)
	at org.springframework.web.filter.CompositeFilter$VirtualFilterChain.doFilter(CompositeFilter.java:113)
	at org.springframework.web.filter.CompositeFilter.doFilter(CompositeFilter.java:74)
	at org.springframework.security.config.annotation.web.configuration.WebMvcSecurityConfiguration$CompositeFilterChainProxy.doFilter(WebMvcSecurityConfiguration.java:240)
	at org.springframework.web.filter.DelegatingFilterProxy.invokeDelegate(DelegatingFilterProxy.java:362)
	at org.springframework.web.filter.DelegatingFilterProxy.doFilter(DelegatingFilterProxy.java:278)
	at org.apache.catalina.core.ApplicationFilterChain.internalDoFilter(ApplicationFilterChain.java:162)
	at org.apache.catalina.core.ApplicationFilterChain.doFilter(ApplicationFilterChain.java:138)
	at org.springframework.web.filter.RequestContextFilter.doFilterInternal(RequestContextFilter.java:100)
	at org.springframework.web.filter.OncePerRequestFilter.doFilter(OncePerRequestFilter.java:116)
	at org.apache.catalina.core.ApplicationFilterChain.internalDoFilter(ApplicationFilterChain.java:162)
	at org.apache.catalina.core.ApplicationFilterChain.doFilter(ApplicationFilterChain.java:138)
	at org.springframework.web.filter.FormContentFilter.doFilterInternal(FormContentFilter.java:93)
	at org.springframework.web.filter.OncePerRequestFilter.doFilter(OncePerRequestFilter.java:116)
	at org.apache.catalina.core.ApplicationFilterChain.internalDoFilter(ApplicationFilterChain.java:162)
	at org.apache.catalina.core.ApplicationFilterChain.doFilter(ApplicationFilterChain.java:138)
	at org.springframework.web.filter.ServerHttpObservationFilter.doFilterInternal(ServerHttpObservationFilter.java:110)
	at org.springframework.web.filter.OncePerRequestFilter.doFilter(OncePerRequestFilter.java:116)
	at org.apache.catalina.core.ApplicationFilterChain.internalDoFilter(ApplicationFilterChain.java:162)
	at org.apache.catalina.core.ApplicationFilterChain.doFilter(ApplicationFilterChain.java:138)
	at org.springframework.web.filter.CharacterEncodingFilter.doFilterInternal(CharacterEncodingFilter.java:201)
	at org.springframework.web.filter.OncePerRequestFilter.doFilter(OncePerRequestFilter.java:116)
	at org.apache.catalina.core.ApplicationFilterChain.internalDoFilter(ApplicationFilterChain.java:162)
	at org.apache.catalina.core.ApplicationFilterChain.doFilter(ApplicationFilterChain.java:138)
	at org.apache.catalina.core.StandardWrapperValve.invoke(StandardWrapperValve.java:165)
	at org.apache.catalina.core.StandardContextValve.invoke(StandardContextValve.java:88)
	at org.apache.catalina.authenticator.AuthenticatorBase.invoke(AuthenticatorBase.java:492)
	at org.apache.catalina.core.StandardHostValve.invoke(StandardHostValve.java:113)
	at org.apache.catalina.valves.ErrorReportValve.invoke(ErrorReportValve.java:83)
	at org.apache.catalina.core.StandardEngineValve.invoke(StandardEngineValve.java:72)
	at org.apache.catalina.connector.CoyoteAdapter.service(CoyoteAdapter.java:342)
	at org.apache.coyote.http11.Http11Processor.service(Http11Processor.java:399)
	at org.apache.coyote.AbstractProcessorLight.process(AbstractProcessorLight.java:63)
	at org.apache.coyote.AbstractProtocol$ConnectionHandler.process(AbstractProtocol.java:903)
	at org.apache.tomcat.util.net.NioEndpoint$SocketProcessor.doRun(NioEndpoint.java:1775)
	at org.apache.tomcat.util.net.SocketProcessorBase.run(SocketProcessorBase.java:52)
	at org.apache.tomcat.util.threads.ThreadPoolExecutor.runWorker(ThreadPoolExecutor.java:973)
	at org.apache.tomcat.util.threads.ThreadPoolExecutor$Worker.run(ThreadPoolExecutor.java:491)
	at org.apache.tomcat.util.threads.TaskThread$WrappingRunnable.run(TaskThread.java:63)
	at java.base/java.lang.Thread.run(Thread.java:1474)
Caused by: org.springframework.core.convert.ConversionFailedException: Failed to convert from type [java.lang.String] to type [@org.springframework.web.bind.annotation.RequestParam @org.springframework.format.annotation.DateTimeFormat java.time.Instant] for value [2026-08-20T23:59]
	at org.springframework.core.convert.support.ConversionUtils.invokeConverter(ConversionUtils.java:47)
	at org.springframework.core.convert.support.GenericConversionService.convert(GenericConversionService.java:182)
	at org.springframework.beans.TypeConverterDelegate.convertIfNecessary(TypeConverterDelegate.java:131)
	at org.springframework.beans.TypeConverterSupport.convertIfNecessary(TypeConverterSupport.java:80)
	at org.springframework.beans.TypeConverterSupport.convertIfNecessary(TypeConverterSupport.java:53)
	at org.springframework.validation.DataBinder.convertIfNecessary(DataBinder.java:867)
	at org.springframework.web.method.annotation.AbstractNamedValueMethodArgumentResolver.convertIfNecessary(AbstractNamedValueMethodArgumentResolver.java:293)
	... 141 common frames omitted
Caused by: java.lang.IllegalArgumentException: Parse attempt failed for value [2026-08-20T23:59]
	at org.springframework.format.support.FormattingConversionService$ParserConverter.convert(FormattingConversionService.java:223)
	at org.springframework.format.support.FormattingConversionService$AnnotationParserConverter.convert(FormattingConversionService.java:338)
	at org.springframework.core.convert.support.ConversionUtils.invokeConverter(ConversionUtils.java:41)
	... 147 common frames omitted
Caused by: java.time.format.DateTimeParseException: Unable to parse date time value "2026-08-20T23:59" using configuration from @org.springframework.format.annotation.DateTimeFormat(pattern="", style="SS", iso=DATE_TIME, fallbackPatterns={})
	at org.springframework.format.datetime.standard.TemporalAccessorParser.parse(TemporalAccessorParser.java:120)
	at org.springframework.format.datetime.standard.TemporalAccessorParser.parse(TemporalAccessorParser.java:56)
	at org.springframework.format.support.FormattingConversionService$ParserConverter.convert(FormattingConversionService.java:217)
	... 149 common frames omitted
Caused by: java.time.format.DateTimeParseException: Text '2026-08-20T23:59' could not be parsed: Unable to obtain Instant from TemporalAccessor: {},ISO resolved to 2026-08-20T23:59 of type java.time.format.Parsed
	at java.base/java.time.format.DateTimeFormatter.createError(DateTimeFormatter.java:2079)
	at java.base/java.time.format.DateTimeFormatter.parse(DateTimeFormatter.java:2014)
	at org.springframework.format.datetime.standard.TemporalAccessorParser.doParse(TemporalAccessorParser.java:130)
	at org.springframework.format.datetime.standard.TemporalAccessorParser.parse(TemporalAccessorParser.java:92)
	... 151 common frames omitted
Caused by: java.time.DateTimeException: Unable to obtain Instant from TemporalAccessor: {},ISO resolved to 2026-08-20T23:59 of type java.time.format.Parsed
	at java.base/java.time.Instant.from(Instant.java:381)
	at java.base/java.time.format.Parsed.query(Parsed.java:247)
	at java.base/java.time.format.DateTimeFormatter.parse(DateTimeFormatter.java:2010)
	... 153 common frames omitted
Caused by: java.time.temporal.UnsupportedTemporalTypeException: Unsupported field: InstantSeconds
	at java.base/java.time.format.Parsed.getLong(Parsed.java:215)
	at java.base/java.time.Instant.from(Instant.java:376)
	... 155 common frames omitted
2026-09-20 02:59:05 [http-nio-8080-exec-10] [] DEBUG o.s.security.web.FilterChainProxy - Securing GET /api/v1/analytics/recordings?startDate=2026-08-20T23:59&endDate=2026-09-19T23:59
2026-09-20 02:59:05 [http-nio-8080-exec-9] [] DEBUG o.s.security.web.FilterChainProxy - Securing GET /api/v1/analytics/participants?startDate=2026-08-20T23:59&endDate=2026-09-19T23:59
2026-09-20 02:59:05 [http-nio-8080-exec-6] [] DEBUG o.s.security.web.FilterChainProxy - Securing GET /api/v1/analytics/usage-report?startDate=2026-08-20T23:59&endDate=2026-09-19T23:59
2026-09-20 02:59:05 [http-nio-8080-exec-10] [] DEBUG c.j.i.s.JwtAuthenticationFilter - Authenticated user: cccccccc-cccc-cccc-cccc-ccccccccccc1, URI: /api/v1/analytics/recordings
2026-09-20 02:59:05 [http-nio-8080-exec-6] [] DEBUG c.j.i.s.JwtAuthenticationFilter - Authenticated user: cccccccc-cccc-cccc-cccc-ccccccccccc1, URI: /api/v1/analytics/usage-report
2026-09-20 02:59:05 [http-nio-8080-exec-9] [] DEBUG c.j.i.s.JwtAuthenticationFilter - Authenticated user: cccccccc-cccc-cccc-cccc-ccccccccccc1, URI: /api/v1/analytics/participants
2026-09-20 02:59:05 [http-nio-8080-exec-10] [] DEBUG o.s.security.web.FilterChainProxy - Secured GET /api/v1/analytics/recordings?startDate=2026-08-20T23:59&endDate=2026-09-19T23:59
2026-09-20 02:59:05 [http-nio-8080-exec-6] [] DEBUG o.s.security.web.FilterChainProxy - Secured GET /api/v1/analytics/usage-report?startDate=2026-08-20T23:59&endDate=2026-09-19T23:59
2026-09-20 02:59:05 [http-nio-8080-exec-9] [] DEBUG o.s.security.web.FilterChainProxy - Secured GET /api/v1/analytics/participants?startDate=2026-08-20T23:59&endDate=2026-09-19T23:59
2026-09-20 02:59:05 [http-nio-8080-exec-6] [] ERROR c.j.a.advice.GlobalExceptionHandler - Unexpected error: Method parameter 'startDate': Failed to convert value of type 'java.lang.String' to required type 'java.time.Instant'; Failed to convert from type [java.lang.String] to type [@org.springframework.web.bind.annotation.RequestParam @org.springframework.format.annotation.DateTimeFormat java.time.Instant] for value [2026-08-20T23:59]
org.springframework.web.method.annotation.MethodArgumentTypeMismatchException: Method parameter 'startDate': Failed to convert value of type 'java.lang.String' to required type 'java.time.Instant'; Failed to convert from type [java.lang.String] to type [@org.springframework.web.bind.annotation.RequestParam @org.springframework.format.annotation.DateTimeFormat java.time.Instant] for value [2026-08-20T23:59]
	at org.springframework.web.method.annotation.AbstractNamedValueMethodArgumentResolver.convertIfNecessary(AbstractNamedValueMethodArgumentResolver.java:301)
	at org.springframework.web.method.annotation.AbstractNamedValueMethodArgumentResolver.resolveArgument(AbstractNamedValueMethodArgumentResolver.java:136)
	at org.springframework.web.method.support.HandlerMethodArgumentResolverComposite.resolveArgument(HandlerMethodArgumentResolverComposite.java:122)
	at org.springframework.web.method.support.InvocableHandlerMethod.getMethodArgumentValues(InvocableHandlerMethod.java:227)
	at org.springframework.web.method.support.InvocableHandlerMethod.invokeForRequest(InvocableHandlerMethod.java:181)
	at org.springframework.web.servlet.mvc.method.annotation.ServletInvocableHandlerMethod.invokeAndHandle(ServletInvocableHandlerMethod.java:118)
	at org.springframework.web.servlet.mvc.method.annotation.RequestMappingHandlerAdapter.invokeHandlerMethod(RequestMappingHandlerAdapter.java:991)
	at org.springframework.web.servlet.mvc.method.annotation.RequestMappingHandlerAdapter.handleInternal(RequestMappingHandlerAdapter.java:896)
	at org.springframework.web.servlet.mvc.method.AbstractHandlerMethodAdapter.handle(AbstractHandlerMethodAdapter.java:87)
	at org.springframework.web.servlet.DispatcherServlet.doDispatch(DispatcherServlet.java:1089)
	at org.springframework.web.servlet.DispatcherServlet.doService(DispatcherServlet.java:979)
	at org.springframework.web.servlet.FrameworkServlet.processRequest(FrameworkServlet.java:1014)
	at org.springframework.web.servlet.FrameworkServlet.doGet(FrameworkServlet.java:903)
	at jakarta.servlet.http.HttpServlet.service(HttpServlet.java:564)
	at org.springframework.web.servlet.FrameworkServlet.service(FrameworkServlet.java:885)
	at jakarta.servlet.http.HttpServlet.service(HttpServlet.java:658)
	at org.apache.catalina.core.ApplicationFilterChain.internalDoFilter(ApplicationFilterChain.java:193)
	at org.apache.catalina.core.ApplicationFilterChain.doFilter(ApplicationFilterChain.java:138)
	at org.apache.tomcat.websocket.server.WsFilter.doFilter(WsFilter.java:51)
	at org.apache.catalina.core.ApplicationFilterChain.internalDoFilter(ApplicationFilterChain.java:162)
	at org.apache.catalina.core.ApplicationFilterChain.doFilter(ApplicationFilterChain.java:138)
	at org.springframework.web.filter.OncePerRequestFilter.doFilter(OncePerRequestFilter.java:110)
	at org.apache.catalina.core.ApplicationFilterChain.internalDoFilter(ApplicationFilterChain.java:162)
	at org.apache.catalina.core.ApplicationFilterChain.doFilter(ApplicationFilterChain.java:138)
	at org.springframework.web.filter.CompositeFilter$VirtualFilterChain.doFilter(CompositeFilter.java:108)
	at org.springframework.web.filter.CompositeFilter$VirtualFilterChain.doFilter(CompositeFilter.java:108)
	at org.springframework.security.web.FilterChainProxy.lambda$doFilterInternal$3(FilterChainProxy.java:231)
	at org.springframework.security.web.ObservationFilterChainDecorator$FilterObservation$SimpleFilterObservation.lambda$wrap$1(ObservationFilterChainDecorator.java:490)
	at org.springframework.security.web.ObservationFilterChainDecorator$AroundFilterObservation$SimpleAroundFilterObservation.lambda$wrap$1(ObservationFilterChainDecorator.java:351)
	at org.springframework.security.web.ObservationFilterChainDecorator.lambda$wrapSecured$0(ObservationFilterChainDecorator.java:83)
	at org.springframework.security.web.ObservationFilterChainDecorator$VirtualFilterChain.doFilter(ObservationFilterChainDecorator.java:129)
	at org.springframework.security.web.access.intercept.AuthorizationFilter.doFilter(AuthorizationFilter.java:101)
	at org.springframework.security.web.ObservationFilterChainDecorator$ObservationFilter.wrapFilter(ObservationFilterChainDecorator.java:241)
	at org.springframework.security.web.ObservationFilterChainDecorator$ObservationFilter.doFilter(ObservationFilterChainDecorator.java:228)
	at org.springframework.security.web.ObservationFilterChainDecorator$VirtualFilterChain.doFilter(ObservationFilterChainDecorator.java:138)
	at org.springframework.security.web.access.ExceptionTranslationFilter.doFilter(ExceptionTranslationFilter.java:125)
	at org.springframework.security.web.access.ExceptionTranslationFilter.doFilter(ExceptionTranslationFilter.java:119)
	at org.springframework.security.web.ObservationFilterChainDecorator$ObservationFilter.wrapFilter(ObservationFilterChainDecorator.java:241)
	at org.springframework.security.web.ObservationFilterChainDecorator$ObservationFilter.doFilter(ObservationFilterChainDecorator.java:228)
	at org.springframework.security.web.ObservationFilterChainDecorator$VirtualFilterChain.doFilter(ObservationFilterChainDecorator.java:138)
	at org.springframework.security.web.session.SessionManagementFilter.doFilter(SessionManagementFilter.java:131)
	at org.springframework.security.web.session.SessionManagementFilter.doFilter(SessionManagementFilter.java:85)
	at org.springframework.security.web.ObservationFilterChainDecorator$ObservationFilter.wrapFilter(ObservationFilterChainDecorator.java:241)
	at org.springframework.security.web.ObservationFilterChainDecorator$ObservationFilter.doFilter(ObservationFilterChainDecorator.java:228)
	at org.springframework.security.web.ObservationFilterChainDecorator$VirtualFilterChain.doFilter(ObservationFilterChainDecorator.java:138)
	at org.springframework.security.web.authentication.AnonymousAuthenticationFilter.doFilter(AnonymousAuthenticationFilter.java:100)
	at org.springframework.security.web.ObservationFilterChainDecorator$ObservationFilter.wrapFilter(ObservationFilterChainDecorator.java:241)
	at org.springframework.security.web.ObservationFilterChainDecorator$ObservationFilter.doFilter(ObservationFilterChainDecorator.java:228)
	at org.springframework.security.web.ObservationFilterChainDecorator$VirtualFilterChain.doFilter(ObservationFilterChainDecorator.java:138)
	at org.springframework.security.web.servletapi.SecurityContextHolderAwareRequestFilter.doFilter(SecurityContextHolderAwareRequestFilter.java:179)
	at org.springframework.security.web.ObservationFilterChainDecorator$ObservationFilter.wrapFilter(ObservationFilterChainDecorator.java:241)
	at org.springframework.security.web.ObservationFilterChainDecorator$ObservationFilter.doFilter(ObservationFilterChainDecorator.java:228)
	at org.springframework.security.web.ObservationFilterChainDecorator$VirtualFilterChain.doFilter(ObservationFilterChainDecorator.java:138)
	at org.springframework.security.web.savedrequest.RequestCacheAwareFilter.doFilter(RequestCacheAwareFilter.java:63)
	at org.springframework.security.web.ObservationFilterChainDecorator$ObservationFilter.wrapFilter(ObservationFilterChainDecorator.java:241)
	at org.springframework.security.web.ObservationFilterChainDecorator$ObservationFilter.doFilter(ObservationFilterChainDecorator.java:228)
	at org.springframework.security.web.ObservationFilterChainDecorator$VirtualFilterChain.doFilter(ObservationFilterChainDecorator.java:138)
	at com.jmp.infrastructure.security.JwtAuthenticationFilter.doFilterInternal(JwtAuthenticationFilter.java:75)
	at org.springframework.web.filter.OncePerRequestFilter.doFilter(OncePerRequestFilter.java:116)
	at org.springframework.security.web.ObservationFilterChainDecorator$ObservationFilter.wrapFilter(ObservationFilterChainDecorator.java:241)
	at org.springframework.security.web.ObservationFilterChainDecorator$ObservationFilter.doFilter(ObservationFilterChainDecorator.java:228)
	at org.springframework.security.web.ObservationFilterChainDecorator$VirtualFilterChain.doFilter(ObservationFilterChainDecorator.java:138)
	at org.springframework.security.web.authentication.logout.LogoutFilter.doFilter(LogoutFilter.java:107)
	at org.springframework.security.web.authentication.logout.LogoutFilter.doFilter(LogoutFilter.java:93)
	at org.springframework.security.web.ObservationFilterChainDecorator$ObservationFilter.wrapFilter(ObservationFilterChainDecorator.java:241)
	at org.springframework.security.web.ObservationFilterChainDecorator$ObservationFilter.doFilter(ObservationFilterChainDecorator.java:228)
	at org.springframework.security.web.ObservationFilterChainDecorator$VirtualFilterChain.doFilter(ObservationFilterChainDecorator.java:138)
	at org.springframework.web.filter.CorsFilter.doFilterInternal(CorsFilter.java:91)
	at org.springframework.web.filter.OncePerRequestFilter.doFilter(OncePerRequestFilter.java:116)
	at org.springframework.security.web.ObservationFilterChainDecorator$ObservationFilter.wrapFilter(ObservationFilterChainDecorator.java:241)
	at org.springframework.security.web.ObservationFilterChainDecorator$ObservationFilter.doFilter(ObservationFilterChainDecorator.java:228)
	at org.springframework.security.web.ObservationFilterChainDecorator$VirtualFilterChain.doFilter(ObservationFilterChainDecorator.java:138)
	at org.springframework.security.web.header.HeaderWriterFilter.doHeadersAfter(HeaderWriterFilter.java:90)
	at org.springframework.security.web.header.HeaderWriterFilter.doFilterInternal(HeaderWriterFilter.java:75)
	at org.springframework.web.filter.OncePerRequestFilter.doFilter(OncePerRequestFilter.java:116)
	at org.springframework.security.web.ObservationFilterChainDecorator$ObservationFilter.wrapFilter(ObservationFilterChainDecorator.java:241)
	at org.springframework.security.web.ObservationFilterChainDecorator$ObservationFilter.doFilter(ObservationFilterChainDecorator.java:228)
	at org.springframework.security.web.ObservationFilterChainDecorator$VirtualFilterChain.doFilter(ObservationFilterChainDecorator.java:138)
	at org.springframework.security.web.context.SecurityContextHolderFilter.doFilter(SecurityContextHolderFilter.java:82)
	at org.springframework.security.web.context.SecurityContextHolderFilter.doFilter(SecurityContextHolderFilter.java:69)
	at org.springframework.security.web.ObservationFilterChainDecorator$ObservationFilter.wrapFilter(ObservationFilterChainDecorator.java:241)
	at org.springframework.security.web.ObservationFilterChainDecorator$ObservationFilter.doFilter(ObservationFilterChainDecorator.java:228)
	at org.springframework.security.web.ObservationFilterChainDecorator$VirtualFilterChain.doFilter(ObservationFilterChainDecorator.java:138)
	at org.springframework.security.web.context.request.async.WebAsyncManagerIntegrationFilter.doFilterInternal(WebAsyncManagerIntegrationFilter.java:62)
	at org.springframework.web.filter.OncePerRequestFilter.doFilter(OncePerRequestFilter.java:116)
	at org.springframework.security.web.ObservationFilterChainDecorator$ObservationFilter.wrapFilter(ObservationFilterChainDecorator.java:241)
	at org.springframework.security.web.ObservationFilterChainDecorator$ObservationFilter.doFilter(ObservationFilterChainDecorator.java:228)
	at org.springframework.security.web.ObservationFilterChainDecorator$VirtualFilterChain.doFilter(ObservationFilterChainDecorator.java:138)
	at org.springframework.security.web.session.DisableEncodeUrlFilter.doFilterInternal(DisableEncodeUrlFilter.java:42)
	at org.springframework.web.filter.OncePerRequestFilter.doFilter(OncePerRequestFilter.java:116)
	at org.springframework.security.web.ObservationFilterChainDecorator$ObservationFilter.wrapFilter(ObservationFilterChainDecorator.java:241)
	at org.springframework.security.web.ObservationFilterChainDecorator$AroundFilterObservation$SimpleAroundFilterObservation.lambda$wrap$0(ObservationFilterChainDecorator.java:334)
	at org.springframework.security.web.ObservationFilterChainDecorator$ObservationFilter.doFilter(ObservationFilterChainDecorator.java:225)
	at org.springframework.security.web.ObservationFilterChainDecorator$VirtualFilterChain.doFilter(ObservationFilterChainDecorator.java:138)
	at org.springframework.security.web.FilterChainProxy.doFilterInternal(FilterChainProxy.java:233)
	at org.springframework.security.web.FilterChainProxy.doFilter(FilterChainProxy.java:191)
	at org.springframework.web.filter.CompositeFilter$VirtualFilterChain.doFilter(CompositeFilter.java:113)
	at org.springframework.web.filter.ServletRequestPathFilter.doFilter(ServletRequestPathFilter.java:52)
	at org.springframework.web.filter.CompositeFilter$VirtualFilterChain.doFilter(CompositeFilter.java:113)
	at org.springframework.web.filter.CompositeFilter.doFilter(CompositeFilter.java:74)
	at org.springframework.security.config.annotation.web.configuration.WebSecurityConfiguration$CompositeFilterChainProxy.doFilter(WebSecurityConfiguration.java:319)
	at org.springframework.web.filter.CompositeFilter$VirtualFilterChain.doFilter(CompositeFilter.java:113)
	at org.springframework.web.servlet.handler.HandlerMappingIntrospector.lambda$createCacheFilter$4(HandlerMappingIntrospector.java:267)
	at org.springframework.web.filter.CompositeFilter$VirtualFilterChain.doFilter(CompositeFilter.java:113)
	at org.springframework.web.filter.CompositeFilter.doFilter(CompositeFilter.java:74)
	at org.springframework.security.config.annotation.web.configuration.WebMvcSecurityConfiguration$CompositeFilterChainProxy.doFilter(WebMvcSecurityConfiguration.java:240)
	at org.springframework.web.filter.DelegatingFilterProxy.invokeDelegate(DelegatingFilterProxy.java:362)
	at org.springframework.web.filter.DelegatingFilterProxy.doFilter(DelegatingFilterProxy.java:278)
	at org.apache.catalina.core.ApplicationFilterChain.internalDoFilter(ApplicationFilterChain.java:162)
	at org.apache.catalina.core.ApplicationFilterChain.doFilter(ApplicationFilterChain.java:138)
	at org.springframework.web.filter.RequestContextFilter.doFilterInternal(RequestContextFilter.java:100)
	at org.springframework.web.filter.OncePerRequestFilter.doFilter(OncePerRequestFilter.java:116)
	at org.apache.catalina.core.ApplicationFilterChain.internalDoFilter(ApplicationFilterChain.java:162)
	at org.apache.catalina.core.ApplicationFilterChain.doFilter(ApplicationFilterChain.java:138)
	at org.springframework.web.filter.FormContentFilter.doFilterInternal(FormContentFilter.java:93)
	at org.springframework.web.filter.OncePerRequestFilter.doFilter(OncePerRequestFilter.java:116)
	at org.apache.catalina.core.ApplicationFilterChain.internalDoFilter(ApplicationFilterChain.java:162)
	at org.apache.catalina.core.ApplicationFilterChain.doFilter(ApplicationFilterChain.java:138)
	at org.springframework.web.filter.ServerHttpObservationFilter.doFilterInternal(ServerHttpObservationFilter.java:110)
	at org.springframework.web.filter.OncePerRequestFilter.doFilter(OncePerRequestFilter.java:116)
	at org.apache.catalina.core.ApplicationFilterChain.internalDoFilter(ApplicationFilterChain.java:162)
	at org.apache.catalina.core.ApplicationFilterChain.doFilter(ApplicationFilterChain.java:138)
	at org.springframework.web.filter.CharacterEncodingFilter.doFilterInternal(CharacterEncodingFilter.java:201)
	at org.springframework.web.filter.OncePerRequestFilter.doFilter(OncePerRequestFilter.java:116)
	at org.apache.catalina.core.ApplicationFilterChain.internalDoFilter(ApplicationFilterChain.java:162)
	at org.apache.catalina.core.ApplicationFilterChain.doFilter(ApplicationFilterChain.java:138)
	at org.apache.catalina.core.StandardWrapperValve.invoke(StandardWrapperValve.java:165)
	at org.apache.catalina.core.StandardContextValve.invoke(StandardContextValve.java:88)
	at org.apache.catalina.authenticator.AuthenticatorBase.invoke(AuthenticatorBase.java:492)
	at org.apache.catalina.core.StandardHostValve.invoke(StandardHostValve.java:113)
	at org.apache.catalina.valves.ErrorReportValve.invoke(ErrorReportValve.java:83)
	at org.apache.catalina.core.StandardEngineValve.invoke(StandardEngineValve.java:72)
	at org.apache.catalina.connector.CoyoteAdapter.service(CoyoteAdapter.java:342)
	at org.apache.coyote.http11.Http11Processor.service(Http11Processor.java:399)
	at org.apache.coyote.AbstractProcessorLight.process(AbstractProcessorLight.java:63)
	at org.apache.coyote.AbstractProtocol$ConnectionHandler.process(AbstractProtocol.java:903)
	at org.apache.tomcat.util.net.NioEndpoint$SocketProcessor.doRun(NioEndpoint.java:1775)
	at org.apache.tomcat.util.net.SocketProcessorBase.run(SocketProcessorBase.java:52)
	at org.apache.tomcat.util.threads.ThreadPoolExecutor.runWorker(ThreadPoolExecutor.java:973)
	at org.apache.tomcat.util.threads.ThreadPoolExecutor$Worker.run(ThreadPoolExecutor.java:491)
	at org.apache.tomcat.util.threads.TaskThread$WrappingRunnable.run(TaskThread.java:63)
	at java.base/java.lang.Thread.run(Thread.java:1474)
Caused by: org.springframework.core.convert.ConversionFailedException: Failed to convert from type [java.lang.String] to type [@org.springframework.web.bind.annotation.RequestParam @org.springframework.format.annotation.DateTimeFormat java.time.Instant] for value [2026-08-20T23:59]
	at org.springframework.core.convert.support.ConversionUtils.invokeConverter(ConversionUtils.java:47)
	at org.springframework.core.convert.support.GenericConversionService.convert(GenericConversionService.java:182)
	at org.springframework.beans.TypeConverterDelegate.convertIfNecessary(TypeConverterDelegate.java:131)
	at org.springframework.beans.TypeConverterSupport.convertIfNecessary(TypeConverterSupport.java:80)
	at org.springframework.beans.TypeConverterSupport.convertIfNecessary(TypeConverterSupport.java:53)
	at org.springframework.validation.DataBinder.convertIfNecessary(DataBinder.java:867)
	at org.springframework.web.method.annotation.AbstractNamedValueMethodArgumentResolver.convertIfNecessary(AbstractNamedValueMethodArgumentResolver.java:293)
	... 141 common frames omitted
Caused by: java.lang.IllegalArgumentException: Parse attempt failed for value [2026-08-20T23:59]
	at org.springframework.format.support.FormattingConversionService$ParserConverter.convert(FormattingConversionService.java:223)
	at org.springframework.format.support.FormattingConversionService$AnnotationParserConverter.convert(FormattingConversionService.java:338)
	at org.springframework.core.convert.support.ConversionUtils.invokeConverter(ConversionUtils.java:41)
	... 147 common frames omitted
Caused by: java.time.format.DateTimeParseException: Unable to parse date time value "2026-08-20T23:59" using configuration from @org.springframework.format.annotation.DateTimeFormat(pattern="", style="SS", iso=DATE_TIME, fallbackPatterns={})
	at org.springframework.format.datetime.standard.TemporalAccessorParser.parse(TemporalAccessorParser.java:120)
	at org.springframework.format.datetime.standard.TemporalAccessorParser.parse(TemporalAccessorParser.java:56)
	at org.springframework.format.support.FormattingConversionService$ParserConverter.convert(FormattingConversionService.java:217)
	... 149 common frames omitted
Caused by: java.time.format.DateTimeParseException: Text '2026-08-20T23:59' could not be parsed: Unable to obtain Instant from TemporalAccessor: {},ISO resolved to 2026-08-20T23:59 of type java.time.format.Parsed
	at java.base/java.time.format.DateTimeFormatter.createError(DateTimeFormatter.java:2079)
	at java.base/java.time.format.DateTimeFormatter.parse(DateTimeFormatter.java:2014)
	at org.springframework.format.datetime.standard.TemporalAccessorParser.doParse(TemporalAccessorParser.java:130)
	at org.springframework.format.datetime.standard.TemporalAccessorParser.parse(TemporalAccessorParser.java:92)
	... 151 common frames omitted
Caused by: java.time.DateTimeException: Unable to obtain Instant from TemporalAccessor: {},ISO resolved to 2026-08-20T23:59 of type java.time.format.Parsed
	at java.base/java.time.Instant.from(Instant.java:381)
	at java.base/java.time.format.Parsed.query(Parsed.java:247)
	at java.base/java.time.format.DateTimeFormatter.parse(DateTimeFormatter.java:2010)
	... 153 common frames omitted
Caused by: java.time.temporal.UnsupportedTemporalTypeException: Unsupported field: InstantSeconds
	at java.base/java.time.format.Parsed.getLong(Parsed.java:215)
	at java.base/java.time.Instant.from(Instant.java:376)
	... 155 common frames omitted
2026-09-20 02:59:05 [http-nio-8080-exec-9] [] ERROR c.j.a.advice.GlobalExceptionHandler - Unexpected error: Method parameter 'startDate': Failed to convert value of type 'java.lang.String' to required type 'java.time.Instant'; Failed to convert from type [java.lang.String] to type [@org.springframework.web.bind.annotation.RequestParam @org.springframework.format.annotation.DateTimeFormat java.time.Instant] for value [2026-08-20T23:59]
org.springframework.web.method.annotation.MethodArgumentTypeMismatchException: Method parameter 'startDate': Failed to convert value of type 'java.lang.String' to required type 'java.time.Instant'; Failed to convert from type [java.lang.String] to type [@org.springframework.web.bind.annotation.RequestParam @org.springframework.format.annotation.DateTimeFormat java.time.Instant] for value [2026-08-20T23:59]
	at org.springframework.web.method.annotation.AbstractNamedValueMethodArgumentResolver.convertIfNecessary(AbstractNamedValueMethodArgumentResolver.java:301)
	at org.springframework.web.method.annotation.AbstractNamedValueMethodArgumentResolver.resolveArgument(AbstractNamedValueMethodArgumentResolver.java:136)
	at org.springframework.web.method.support.HandlerMethodArgumentResolverComposite.resolveArgument(HandlerMethodArgumentResolverComposite.java:122)
	at org.springframework.web.method.support.InvocableHandlerMethod.getMethodArgumentValues(InvocableHandlerMethod.java:227)
	at org.springframework.web.method.support.InvocableHandlerMethod.invokeForRequest(InvocableHandlerMethod.java:181)
	at org.springframework.web.servlet.mvc.method.annotation.ServletInvocableHandlerMethod.invokeAndHandle(ServletInvocableHandlerMethod.java:118)
	at org.springframework.web.servlet.mvc.method.annotation.RequestMappingHandlerAdapter.invokeHandlerMethod(RequestMappingHandlerAdapter.java:991)
	at org.springframework.web.servlet.mvc.method.annotation.RequestMappingHandlerAdapter.handleInternal(RequestMappingHandlerAdapter.java:896)
	at org.springframework.web.servlet.mvc.method.AbstractHandlerMethodAdapter.handle(AbstractHandlerMethodAdapter.java:87)
	at org.springframework.web.servlet.DispatcherServlet.doDispatch(DispatcherServlet.java:1089)
	at org.springframework.web.servlet.DispatcherServlet.doService(DispatcherServlet.java:979)
	at org.springframework.web.servlet.FrameworkServlet.processRequest(FrameworkServlet.java:1014)
	at org.springframework.web.servlet.FrameworkServlet.doGet(FrameworkServlet.java:903)
	at jakarta.servlet.http.HttpServlet.service(HttpServlet.java:564)
	at org.springframework.web.servlet.FrameworkServlet.service(FrameworkServlet.java:885)
	at jakarta.servlet.http.HttpServlet.service(HttpServlet.java:658)
	at org.apache.catalina.core.ApplicationFilterChain.internalDoFilter(ApplicationFilterChain.java:193)
	at org.apache.catalina.core.ApplicationFilterChain.doFilter(ApplicationFilterChain.java:138)
	at org.apache.tomcat.websocket.server.WsFilter.doFilter(WsFilter.java:51)
	at org.apache.catalina.core.ApplicationFilterChain.internalDoFilter(ApplicationFilterChain.java:162)
	at org.apache.catalina.core.ApplicationFilterChain.doFilter(ApplicationFilterChain.java:138)
	at org.springframework.web.filter.OncePerRequestFilter.doFilter(OncePerRequestFilter.java:110)
	at org.apache.catalina.core.ApplicationFilterChain.internalDoFilter(ApplicationFilterChain.java:162)
	at org.apache.catalina.core.ApplicationFilterChain.doFilter(ApplicationFilterChain.java:138)
	at org.springframework.web.filter.CompositeFilter$VirtualFilterChain.doFilter(CompositeFilter.java:108)
	at org.springframework.web.filter.CompositeFilter$VirtualFilterChain.doFilter(CompositeFilter.java:108)
	at org.springframework.security.web.FilterChainProxy.lambda$doFilterInternal$3(FilterChainProxy.java:231)
	at org.springframework.security.web.ObservationFilterChainDecorator$FilterObservation$SimpleFilterObservation.lambda$wrap$1(ObservationFilterChainDecorator.java:490)
	at org.springframework.security.web.ObservationFilterChainDecorator$AroundFilterObservation$SimpleAroundFilterObservation.lambda$wrap$1(ObservationFilterChainDecorator.java:351)
	at org.springframework.security.web.ObservationFilterChainDecorator.lambda$wrapSecured$0(ObservationFilterChainDecorator.java:83)
	at org.springframework.security.web.ObservationFilterChainDecorator$VirtualFilterChain.doFilter(ObservationFilterChainDecorator.java:129)
	at org.springframework.security.web.access.intercept.AuthorizationFilter.doFilter(AuthorizationFilter.java:101)
	at org.springframework.security.web.ObservationFilterChainDecorator$ObservationFilter.wrapFilter(ObservationFilterChainDecorator.java:241)
	at org.springframework.security.web.ObservationFilterChainDecorator$ObservationFilter.doFilter(ObservationFilterChainDecorator.java:228)
	at org.springframework.security.web.ObservationFilterChainDecorator$VirtualFilterChain.doFilter(ObservationFilterChainDecorator.java:138)
	at org.springframework.security.web.access.ExceptionTranslationFilter.doFilter(ExceptionTranslationFilter.java:125)
	at org.springframework.security.web.access.ExceptionTranslationFilter.doFilter(ExceptionTranslationFilter.java:119)
	at org.springframework.security.web.ObservationFilterChainDecorator$ObservationFilter.wrapFilter(ObservationFilterChainDecorator.java:241)
	at org.springframework.security.web.ObservationFilterChainDecorator$ObservationFilter.doFilter(ObservationFilterChainDecorator.java:228)
	at org.springframework.security.web.ObservationFilterChainDecorator$VirtualFilterChain.doFilter(ObservationFilterChainDecorator.java:138)
	at org.springframework.security.web.session.SessionManagementFilter.doFilter(SessionManagementFilter.java:131)
	at org.springframework.security.web.session.SessionManagementFilter.doFilter(SessionManagementFilter.java:85)
	at org.springframework.security.web.ObservationFilterChainDecorator$ObservationFilter.wrapFilter(ObservationFilterChainDecorator.java:241)
	at org.springframework.security.web.ObservationFilterChainDecorator$ObservationFilter.doFilter(ObservationFilterChainDecorator.java:228)
	at org.springframework.security.web.ObservationFilterChainDecorator$VirtualFilterChain.doFilter(ObservationFilterChainDecorator.java:138)
	at org.springframework.security.web.authentication.AnonymousAuthenticationFilter.doFilter(AnonymousAuthenticationFilter.java:100)
	at org.springframework.security.web.ObservationFilterChainDecorator$ObservationFilter.wrapFilter(ObservationFilterChainDecorator.java:241)
	at org.springframework.security.web.ObservationFilterChainDecorator$ObservationFilter.doFilter(ObservationFilterChainDecorator.java:228)
	at org.springframework.security.web.ObservationFilterChainDecorator$VirtualFilterChain.doFilter(ObservationFilterChainDecorator.java:138)
	at org.springframework.security.web.servletapi.SecurityContextHolderAwareRequestFilter.doFilter(SecurityContextHolderAwareRequestFilter.java:179)
	at org.springframework.security.web.ObservationFilterChainDecorator$ObservationFilter.wrapFilter(ObservationFilterChainDecorator.java:241)
	at org.springframework.security.web.ObservationFilterChainDecorator$ObservationFilter.doFilter(ObservationFilterChainDecorator.java:228)
	at org.springframework.security.web.ObservationFilterChainDecorator$VirtualFilterChain.doFilter(ObservationFilterChainDecorator.java:138)
	at org.springframework.security.web.savedrequest.RequestCacheAwareFilter.doFilter(RequestCacheAwareFilter.java:63)
	at org.springframework.security.web.ObservationFilterChainDecorator$ObservationFilter.wrapFilter(ObservationFilterChainDecorator.java:241)
	at org.springframework.security.web.ObservationFilterChainDecorator$ObservationFilter.doFilter(ObservationFilterChainDecorator.java:228)
	at org.springframework.security.web.ObservationFilterChainDecorator$VirtualFilterChain.doFilter(ObservationFilterChainDecorator.java:138)
	at com.jmp.infrastructure.security.JwtAuthenticationFilter.doFilterInternal(JwtAuthenticationFilter.java:75)
	at org.springframework.web.filter.OncePerRequestFilter.doFilter(OncePerRequestFilter.java:116)
	at org.springframework.security.web.ObservationFilterChainDecorator$ObservationFilter.wrapFilter(ObservationFilterChainDecorator.java:241)
	at org.springframework.security.web.ObservationFilterChainDecorator$ObservationFilter.doFilter(ObservationFilterChainDecorator.java:228)
	at org.springframework.security.web.ObservationFilterChainDecorator$VirtualFilterChain.doFilter(ObservationFilterChainDecorator.java:138)
	at org.springframework.security.web.authentication.logout.LogoutFilter.doFilter(LogoutFilter.java:107)
	at org.springframework.security.web.authentication.logout.LogoutFilter.doFilter(LogoutFilter.java:93)
	at org.springframework.security.web.ObservationFilterChainDecorator$ObservationFilter.wrapFilter(ObservationFilterChainDecorator.java:241)
	at org.springframework.security.web.ObservationFilterChainDecorator$ObservationFilter.doFilter(ObservationFilterChainDecorator.java:228)
	at org.springframework.security.web.ObservationFilterChainDecorator$VirtualFilterChain.doFilter(ObservationFilterChainDecorator.java:138)
	at org.springframework.web.filter.CorsFilter.doFilterInternal(CorsFilter.java:91)
	at org.springframework.web.filter.OncePerRequestFilter.doFilter(OncePerRequestFilter.java:116)
	at org.springframework.security.web.ObservationFilterChainDecorator$ObservationFilter.wrapFilter(ObservationFilterChainDecorator.java:241)
	at org.springframework.security.web.ObservationFilterChainDecorator$ObservationFilter.doFilter(ObservationFilterChainDecorator.java:228)
	at org.springframework.security.web.ObservationFilterChainDecorator$VirtualFilterChain.doFilter(ObservationFilterChainDecorator.java:138)
	at org.springframework.security.web.header.HeaderWriterFilter.doHeadersAfter(HeaderWriterFilter.java:90)
	at org.springframework.security.web.header.HeaderWriterFilter.doFilterInternal(HeaderWriterFilter.java:75)
	at org.springframework.web.filter.OncePerRequestFilter.doFilter(OncePerRequestFilter.java:116)
	at org.springframework.security.web.ObservationFilterChainDecorator$ObservationFilter.wrapFilter(ObservationFilterChainDecorator.java:241)
	at org.springframework.security.web.ObservationFilterChainDecorator$ObservationFilter.doFilter(ObservationFilterChainDecorator.java:228)
	at org.springframework.security.web.ObservationFilterChainDecorator$VirtualFilterChain.doFilter(ObservationFilterChainDecorator.java:138)
	at org.springframework.security.web.context.SecurityContextHolderFilter.doFilter(SecurityContextHolderFilter.java:82)
	at org.springframework.security.web.context.SecurityContextHolderFilter.doFilter(SecurityContextHolderFilter.java:69)
	at org.springframework.security.web.ObservationFilterChainDecorator$ObservationFilter.wrapFilter(ObservationFilterChainDecorator.java:241)
	at org.springframework.security.web.ObservationFilterChainDecorator$ObservationFilter.doFilter(ObservationFilterChainDecorator.java:228)
	at org.springframework.security.web.ObservationFilterChainDecorator$VirtualFilterChain.doFilter(ObservationFilterChainDecorator.java:138)
	at org.springframework.security.web.context.request.async.WebAsyncManagerIntegrationFilter.doFilterInternal(WebAsyncManagerIntegrationFilter.java:62)
	at org.springframework.web.filter.OncePerRequestFilter.doFilter(OncePerRequestFilter.java:116)
	at org.springframework.security.web.ObservationFilterChainDecorator$ObservationFilter.wrapFilter(ObservationFilterChainDecorator.java:241)
	at org.springframework.security.web.ObservationFilterChainDecorator$ObservationFilter.doFilter(ObservationFilterChainDecorator.java:228)
	at org.springframework.security.web.ObservationFilterChainDecorator$VirtualFilterChain.doFilter(ObservationFilterChainDecorator.java:138)
	at org.springframework.security.web.session.DisableEncodeUrlFilter.doFilterInternal(DisableEncodeUrlFilter.java:42)
	at org.springframework.web.filter.OncePerRequestFilter.doFilter(OncePerRequestFilter.java:116)
	at org.springframework.security.web.ObservationFilterChainDecorator$ObservationFilter.wrapFilter(ObservationFilterChainDecorator.java:241)
	at org.springframework.security.web.ObservationFilterChainDecorator$AroundFilterObservation$SimpleAroundFilterObservation.lambda$wrap$0(ObservationFilterChainDecorator.java:334)
	at org.springframework.security.web.ObservationFilterChainDecorator$ObservationFilter.doFilter(ObservationFilterChainDecorator.java:225)
	at org.springframework.security.web.ObservationFilterChainDecorator$VirtualFilterChain.doFilter(ObservationFilterChainDecorator.java:138)
	at org.springframework.security.web.FilterChainProxy.doFilterInternal(FilterChainProxy.java:233)
	at org.springframework.security.web.FilterChainProxy.doFilter(FilterChainProxy.java:191)
	at org.springframework.web.filter.CompositeFilter$VirtualFilterChain.doFilter(CompositeFilter.java:113)
	at org.springframework.web.filter.ServletRequestPathFilter.doFilter(ServletRequestPathFilter.java:52)
	at org.springframework.web.filter.CompositeFilter$VirtualFilterChain.doFilter(CompositeFilter.java:113)
	at org.springframework.web.filter.CompositeFilter.doFilter(CompositeFilter.java:74)
	at org.springframework.security.config.annotation.web.configuration.WebSecurityConfiguration$CompositeFilterChainProxy.doFilter(WebSecurityConfiguration.java:319)
	at org.springframework.web.filter.CompositeFilter$VirtualFilterChain.doFilter(CompositeFilter.java:113)
	at org.springframework.web.servlet.handler.HandlerMappingIntrospector.lambda$createCacheFilter$4(HandlerMappingIntrospector.java:267)
	at org.springframework.web.filter.CompositeFilter$VirtualFilterChain.doFilter(CompositeFilter.java:113)
	at org.springframework.web.filter.CompositeFilter.doFilter(CompositeFilter.java:74)
	at org.springframework.security.config.annotation.web.configuration.WebMvcSecurityConfiguration$CompositeFilterChainProxy.doFilter(WebMvcSecurityConfiguration.java:240)
	at org.springframework.web.filter.DelegatingFilterProxy.invokeDelegate(DelegatingFilterProxy.java:362)
	at org.springframework.web.filter.DelegatingFilterProxy.doFilter(DelegatingFilterProxy.java:278)
	at org.apache.catalina.core.ApplicationFilterChain.internalDoFilter(ApplicationFilterChain.java:162)
	at org.apache.catalina.core.ApplicationFilterChain.doFilter(ApplicationFilterChain.java:138)
	at org.springframework.web.filter.RequestContextFilter.doFilterInternal(RequestContextFilter.java:100)
	at org.springframework.web.filter.OncePerRequestFilter.doFilter(OncePerRequestFilter.java:116)
	at org.apache.catalina.core.ApplicationFilterChain.internalDoFilter(ApplicationFilterChain.java:162)
	at org.apache.catalina.core.ApplicationFilterChain.doFilter(ApplicationFilterChain.java:138)
	at org.springframework.web.filter.FormContentFilter.doFilterInternal(FormContentFilter.java:93)
	at org.springframework.web.filter.OncePerRequestFilter.doFilter(OncePerRequestFilter.java:116)
	at org.apache.catalina.core.ApplicationFilterChain.internalDoFilter(ApplicationFilterChain.java:162)
	at org.apache.catalina.core.ApplicationFilterChain.doFilter(ApplicationFilterChain.java:138)
	at org.springframework.web.filter.ServerHttpObservationFilter.doFilterInternal(ServerHttpObservationFilter.java:110)
	at org.springframework.web.filter.OncePerRequestFilter.doFilter(OncePerRequestFilter.java:116)
	at org.apache.catalina.core.ApplicationFilterChain.internalDoFilter(ApplicationFilterChain.java:162)
	at org.apache.catalina.core.ApplicationFilterChain.doFilter(ApplicationFilterChain.java:138)
	at org.springframework.web.filter.CharacterEncodingFilter.doFilterInternal(CharacterEncodingFilter.java:201)
	at org.springframework.web.filter.OncePerRequestFilter.doFilter(OncePerRequestFilter.java:116)
	at org.apache.catalina.core.ApplicationFilterChain.internalDoFilter(ApplicationFilterChain.java:162)
	at org.apache.catalina.core.ApplicationFilterChain.doFilter(ApplicationFilterChain.java:138)
	at org.apache.catalina.core.StandardWrapperValve.invoke(StandardWrapperValve.java:165)
	at org.apache.catalina.core.StandardContextValve.invoke(StandardContextValve.java:88)
	at org.apache.catalina.authenticator.AuthenticatorBase.invoke(AuthenticatorBase.java:492)
	at org.apache.catalina.core.StandardHostValve.invoke(StandardHostValve.java:113)
	at org.apache.catalina.valves.ErrorReportValve.invoke(ErrorReportValve.java:83)
	at org.apache.catalina.core.StandardEngineValve.invoke(StandardEngineValve.java:72)
	at org.apache.catalina.connector.CoyoteAdapter.service(CoyoteAdapter.java:342)
	at org.apache.coyote.http11.Http11Processor.service(Http11Processor.java:399)
	at org.apache.coyote.AbstractProcessorLight.process(AbstractProcessorLight.java:63)
	at org.apache.coyote.AbstractProtocol$ConnectionHandler.process(AbstractProtocol.java:903)
	at org.apache.tomcat.util.net.NioEndpoint$SocketProcessor.doRun(NioEndpoint.java:1775)
	at org.apache.tomcat.util.net.SocketProcessorBase.run(SocketProcessorBase.java:52)
	at org.apache.tomcat.util.threads.ThreadPoolExecutor.runWorker(ThreadPoolExecutor.java:973)
	at org.apache.tomcat.util.threads.ThreadPoolExecutor$Worker.run(ThreadPoolExecutor.java:491)
	at org.apache.tomcat.util.threads.TaskThread$WrappingRunnable.run(TaskThread.java:63)
	at java.base/java.lang.Thread.run(Thread.java:1474)
Caused by: org.springframework.core.convert.ConversionFailedException: Failed to convert from type [java.lang.String] to type [@org.springframework.web.bind.annotation.RequestParam @org.springframework.format.annotation.DateTimeFormat java.time.Instant] for value [2026-08-20T23:59]
	at org.springframework.core.convert.support.ConversionUtils.invokeConverter(ConversionUtils.java:47)
	at org.springframework.core.convert.support.GenericConversionService.convert(GenericConversionService.java:182)
	at org.springframework.beans.TypeConverterDelegate.convertIfNecessary(TypeConverterDelegate.java:131)
	at org.springframework.beans.TypeConverterSupport.convertIfNecessary(TypeConverterSupport.java:80)
	at org.springframework.beans.TypeConverterSupport.convertIfNecessary(TypeConverterSupport.java:53)
	at org.springframework.validation.DataBinder.convertIfNecessary(DataBinder.java:867)
	at org.springframework.web.method.annotation.AbstractNamedValueMethodArgumentResolver.convertIfNecessary(AbstractNamedValueMethodArgumentResolver.java:293)
	... 141 common frames omitted
Caused by: java.lang.IllegalArgumentException: Parse attempt failed for value [2026-08-20T23:59]
	at org.springframework.format.support.FormattingConversionService$ParserConverter.convert(FormattingConversionService.java:223)
	at org.springframework.format.support.FormattingConversionService$AnnotationParserConverter.convert(FormattingConversionService.java:338)
	at org.springframework.core.convert.support.ConversionUtils.invokeConverter(ConversionUtils.java:41)
	... 147 common frames omitted
Caused by: java.time.format.DateTimeParseException: Unable to parse date time value "2026-08-20T23:59" using configuration from @org.springframework.format.annotation.DateTimeFormat(pattern="", style="SS", iso=DATE_TIME, fallbackPatterns={})
	at org.springframework.format.datetime.standard.TemporalAccessorParser.parse(TemporalAccessorParser.java:120)
	at org.springframework.format.datetime.standard.TemporalAccessorParser.parse(TemporalAccessorParser.java:56)
	at org.springframework.format.support.FormattingConversionService$ParserConverter.convert(FormattingConversionService.java:217)
	... 149 common frames omitted
Caused by: java.time.format.DateTimeParseException: Text '2026-08-20T23:59' could not be parsed: Unable to obtain Instant from TemporalAccessor: {},ISO resolved to 2026-08-20T23:59 of type java.time.format.Parsed
	at java.base/java.time.format.DateTimeFormatter.createError(DateTimeFormatter.java:2079)
	at java.base/java.time.format.DateTimeFormatter.parse(DateTimeFormatter.java:2014)
	at org.springframework.format.datetime.standard.TemporalAccessorParser.doParse(TemporalAccessorParser.java:130)
	at org.springframework.format.datetime.standard.TemporalAccessorParser.parse(TemporalAccessorParser.java:92)
	... 151 common frames omitted
Caused by: java.time.DateTimeException: Unable to obtain Instant from TemporalAccessor: {},ISO resolved to 2026-08-20T23:59 of type java.time.format.Parsed
	at java.base/java.time.Instant.from(Instant.java:381)
	at java.base/java.time.format.Parsed.query(Parsed.java:247)
	at java.base/java.time.format.DateTimeFormatter.parse(DateTimeFormatter.java:2010)
	... 153 common frames omitted
Caused by: java.time.temporal.UnsupportedTemporalTypeException: Unsupported field: InstantSeconds
	at java.base/java.time.format.Parsed.getLong(Parsed.java:215)
	at java.base/java.time.Instant.from(Instant.java:376)
	... 155 common frames omitted
2026-09-20 02:59:05 [http-nio-8080-exec-10] [] ERROR c.j.a.advice.GlobalExceptionHandler - Unexpected error: Method parameter 'startDate': Failed to convert value of type 'java.lang.String' to required type 'java.time.Instant'; Failed to convert from type [java.lang.String] to type [@org.springframework.web.bind.annotation.RequestParam @org.springframework.format.annotation.DateTimeFormat java.time.Instant] for value [2026-08-20T23:59]
org.springframework.web.method.annotation.MethodArgumentTypeMismatchException: Method parameter 'startDate': Failed to convert value of type 'java.lang.String' to required type 'java.time.Instant'; Failed to convert from type [java.lang.String] to type [@org.springframework.web.bind.annotation.RequestParam @org.springframework.format.annotation.DateTimeFormat java.time.Instant] for value [2026-08-20T23:59]
	at org.springframework.web.method.annotation.AbstractNamedValueMethodArgumentResolver.convertIfNecessary(AbstractNamedValueMethodArgumentResolver.java:301)
	at org.springframework.web.method.annotation.AbstractNamedValueMethodArgumentResolver.resolveArgument(AbstractNamedValueMethodArgumentResolver.java:136)
	at org.springframework.web.method.support.HandlerMethodArgumentResolverComposite.resolveArgument(HandlerMethodArgumentResolverComposite.java:122)
	at org.springframework.web.method.support.InvocableHandlerMethod.getMethodArgumentValues(InvocableHandlerMethod.java:227)
	at org.springframework.web.method.support.InvocableHandlerMethod.invokeForRequest(InvocableHandlerMethod.java:181)
	at org.springframework.web.servlet.mvc.method.annotation.ServletInvocableHandlerMethod.invokeAndHandle(ServletInvocableHandlerMethod.java:118)
	at org.springframework.web.servlet.mvc.method.annotation.RequestMappingHandlerAdapter.invokeHandlerMethod(RequestMappingHandlerAdapter.java:991)
	at org.springframework.web.servlet.mvc.method.annotation.RequestMappingHandlerAdapter.handleInternal(RequestMappingHandlerAdapter.java:896)
	at org.springframework.web.servlet.mvc.method.AbstractHandlerMethodAdapter.handle(AbstractHandlerMethodAdapter.java:87)
	at org.springframework.web.servlet.DispatcherServlet.doDispatch(DispatcherServlet.java:1089)
	at org.springframework.web.servlet.DispatcherServlet.doService(DispatcherServlet.java:979)
	at org.springframework.web.servlet.FrameworkServlet.processRequest(FrameworkServlet.java:1014)
	at org.springframework.web.servlet.FrameworkServlet.doGet(FrameworkServlet.java:903)
	at jakarta.servlet.http.HttpServlet.service(HttpServlet.java:564)
	at org.springframework.web.servlet.FrameworkServlet.service(FrameworkServlet.java:885)
	at jakarta.servlet.http.HttpServlet.service(HttpServlet.java:658)
	at org.apache.catalina.core.ApplicationFilterChain.internalDoFilter(ApplicationFilterChain.java:193)
	at org.apache.catalina.core.ApplicationFilterChain.doFilter(ApplicationFilterChain.java:138)
	at org.apache.tomcat.websocket.server.WsFilter.doFilter(WsFilter.java:51)
	at org.apache.catalina.core.ApplicationFilterChain.internalDoFilter(ApplicationFilterChain.java:162)
	at org.apache.catalina.core.ApplicationFilterChain.doFilter(ApplicationFilterChain.java:138)
	at org.springframework.web.filter.OncePerRequestFilter.doFilter(OncePerRequestFilter.java:110)
	at org.apache.catalina.core.ApplicationFilterChain.internalDoFilter(ApplicationFilterChain.java:162)
	at org.apache.catalina.core.ApplicationFilterChain.doFilter(ApplicationFilterChain.java:138)
	at org.springframework.web.filter.CompositeFilter$VirtualFilterChain.doFilter(CompositeFilter.java:108)
	at org.springframework.web.filter.CompositeFilter$VirtualFilterChain.doFilter(CompositeFilter.java:108)
	at org.springframework.security.web.FilterChainProxy.lambda$doFilterInternal$3(FilterChainProxy.java:231)
	at org.springframework.security.web.ObservationFilterChainDecorator$FilterObservation$SimpleFilterObservation.lambda$wrap$1(ObservationFilterChainDecorator.java:490)
	at org.springframework.security.web.ObservationFilterChainDecorator$AroundFilterObservation$SimpleAroundFilterObservation.lambda$wrap$1(ObservationFilterChainDecorator.java:351)
	at org.springframework.security.web.ObservationFilterChainDecorator.lambda$wrapSecured$0(ObservationFilterChainDecorator.java:83)
	at org.springframework.security.web.ObservationFilterChainDecorator$VirtualFilterChain.doFilter(ObservationFilterChainDecorator.java:129)
	at org.springframework.security.web.access.intercept.AuthorizationFilter.doFilter(AuthorizationFilter.java:101)
	at org.springframework.security.web.ObservationFilterChainDecorator$ObservationFilter.wrapFilter(ObservationFilterChainDecorator.java:241)
	at org.springframework.security.web.ObservationFilterChainDecorator$ObservationFilter.doFilter(ObservationFilterChainDecorator.java:228)
	at org.springframework.security.web.ObservationFilterChainDecorator$VirtualFilterChain.doFilter(ObservationFilterChainDecorator.java:138)
	at org.springframework.security.web.access.ExceptionTranslationFilter.doFilter(ExceptionTranslationFilter.java:125)
	at org.springframework.security.web.access.ExceptionTranslationFilter.doFilter(ExceptionTranslationFilter.java:119)
	at org.springframework.security.web.ObservationFilterChainDecorator$ObservationFilter.wrapFilter(ObservationFilterChainDecorator.java:241)
	at org.springframework.security.web.ObservationFilterChainDecorator$ObservationFilter.doFilter(ObservationFilterChainDecorator.java:228)
	at org.springframework.security.web.ObservationFilterChainDecorator$VirtualFilterChain.doFilter(ObservationFilterChainDecorator.java:138)
	at org.springframework.security.web.session.SessionManagementFilter.doFilter(SessionManagementFilter.java:131)
	at org.springframework.security.web.session.SessionManagementFilter.doFilter(SessionManagementFilter.java:85)
	at org.springframework.security.web.ObservationFilterChainDecorator$ObservationFilter.wrapFilter(ObservationFilterChainDecorator.java:241)
	at org.springframework.security.web.ObservationFilterChainDecorator$ObservationFilter.doFilter(ObservationFilterChainDecorator.java:228)
	at org.springframework.security.web.ObservationFilterChainDecorator$VirtualFilterChain.doFilter(ObservationFilterChainDecorator.java:138)
	at org.springframework.security.web.authentication.AnonymousAuthenticationFilter.doFilter(AnonymousAuthenticationFilter.java:100)
	at org.springframework.security.web.ObservationFilterChainDecorator$ObservationFilter.wrapFilter(ObservationFilterChainDecorator.java:241)
	at org.springframework.security.web.ObservationFilterChainDecorator$ObservationFilter.doFilter(ObservationFilterChainDecorator.java:228)
	at org.springframework.security.web.ObservationFilterChainDecorator$VirtualFilterChain.doFilter(ObservationFilterChainDecorator.java:138)
	at org.springframework.security.web.servletapi.SecurityContextHolderAwareRequestFilter.doFilter(SecurityContextHolderAwareRequestFilter.java:179)
	at org.springframework.security.web.ObservationFilterChainDecorator$ObservationFilter.wrapFilter(ObservationFilterChainDecorator.java:241)
	at org.springframework.security.web.ObservationFilterChainDecorator$ObservationFilter.doFilter(ObservationFilterChainDecorator.java:228)
	at org.springframework.security.web.ObservationFilterChainDecorator$VirtualFilterChain.doFilter(ObservationFilterChainDecorator.java:138)
	at org.springframework.security.web.savedrequest.RequestCacheAwareFilter.doFilter(RequestCacheAwareFilter.java:63)
	at org.springframework.security.web.ObservationFilterChainDecorator$ObservationFilter.wrapFilter(ObservationFilterChainDecorator.java:241)
	at org.springframework.security.web.ObservationFilterChainDecorator$ObservationFilter.doFilter(ObservationFilterChainDecorator.java:228)
	at org.springframework.security.web.ObservationFilterChainDecorator$VirtualFilterChain.doFilter(ObservationFilterChainDecorator.java:138)
	at com.jmp.infrastructure.security.JwtAuthenticationFilter.doFilterInternal(JwtAuthenticationFilter.java:75)
	at org.springframework.web.filter.OncePerRequestFilter.doFilter(OncePerRequestFilter.java:116)
	at org.springframework.security.web.ObservationFilterChainDecorator$ObservationFilter.wrapFilter(ObservationFilterChainDecorator.java:241)
	at org.springframework.security.web.ObservationFilterChainDecorator$ObservationFilter.doFilter(ObservationFilterChainDecorator.java:228)
	at org.springframework.security.web.ObservationFilterChainDecorator$VirtualFilterChain.doFilter(ObservationFilterChainDecorator.java:138)
	at org.springframework.security.web.authentication.logout.LogoutFilter.doFilter(LogoutFilter.java:107)
	at org.springframework.security.web.authentication.logout.LogoutFilter.doFilter(LogoutFilter.java:93)
	at org.springframework.security.web.ObservationFilterChainDecorator$ObservationFilter.wrapFilter(ObservationFilterChainDecorator.java:241)
	at org.springframework.security.web.ObservationFilterChainDecorator$ObservationFilter.doFilter(ObservationFilterChainDecorator.java:228)
	at org.springframework.security.web.ObservationFilterChainDecorator$VirtualFilterChain.doFilter(ObservationFilterChainDecorator.java:138)
	at org.springframework.web.filter.CorsFilter.doFilterInternal(CorsFilter.java:91)
	at org.springframework.web.filter.OncePerRequestFilter.doFilter(OncePerRequestFilter.java:116)
	at org.springframework.security.web.ObservationFilterChainDecorator$ObservationFilter.wrapFilter(ObservationFilterChainDecorator.java:241)
	at org.springframework.security.web.ObservationFilterChainDecorator$ObservationFilter.doFilter(ObservationFilterChainDecorator.java:228)
	at org.springframework.security.web.ObservationFilterChainDecorator$VirtualFilterChain.doFilter(ObservationFilterChainDecorator.java:138)
	at org.springframework.security.web.header.HeaderWriterFilter.doHeadersAfter(HeaderWriterFilter.java:90)
	at org.springframework.security.web.header.HeaderWriterFilter.doFilterInternal(HeaderWriterFilter.java:75)
	at org.springframework.web.filter.OncePerRequestFilter.doFilter(OncePerRequestFilter.java:116)
	at org.springframework.security.web.ObservationFilterChainDecorator$ObservationFilter.wrapFilter(ObservationFilterChainDecorator.java:241)
	at org.springframework.security.web.ObservationFilterChainDecorator$ObservationFilter.doFilter(ObservationFilterChainDecorator.java:228)
	at org.springframework.security.web.ObservationFilterChainDecorator$VirtualFilterChain.doFilter(ObservationFilterChainDecorator.java:138)
	at org.springframework.security.web.context.SecurityContextHolderFilter.doFilter(SecurityContextHolderFilter.java:82)
	at org.springframework.security.web.context.SecurityContextHolderFilter.doFilter(SecurityContextHolderFilter.java:69)
	at org.springframework.security.web.ObservationFilterChainDecorator$ObservationFilter.wrapFilter(ObservationFilterChainDecorator.java:241)
	at org.springframework.security.web.ObservationFilterChainDecorator$ObservationFilter.doFilter(ObservationFilterChainDecorator.java:228)
	at org.springframework.security.web.ObservationFilterChainDecorator$VirtualFilterChain.doFilter(ObservationFilterChainDecorator.java:138)
	at org.springframework.security.web.context.request.async.WebAsyncManagerIntegrationFilter.doFilterInternal(WebAsyncManagerIntegrationFilter.java:62)
	at org.springframework.web.filter.OncePerRequestFilter.doFilter(OncePerRequestFilter.java:116)
	at org.springframework.security.web.ObservationFilterChainDecorator$ObservationFilter.wrapFilter(ObservationFilterChainDecorator.java:241)
	at org.springframework.security.web.ObservationFilterChainDecorator$ObservationFilter.doFilter(ObservationFilterChainDecorator.java:228)
	at org.springframework.security.web.ObservationFilterChainDecorator$VirtualFilterChain.doFilter(ObservationFilterChainDecorator.java:138)
	at org.springframework.security.web.session.DisableEncodeUrlFilter.doFilterInternal(DisableEncodeUrlFilter.java:42)
	at org.springframework.web.filter.OncePerRequestFilter.doFilter(OncePerRequestFilter.java:116)
	at org.springframework.security.web.ObservationFilterChainDecorator$ObservationFilter.wrapFilter(ObservationFilterChainDecorator.java:241)
	at org.springframework.security.web.ObservationFilterChainDecorator$AroundFilterObservation$SimpleAroundFilterObservation.lambda$wrap$0(ObservationFilterChainDecorator.java:334)
	at org.springframework.security.web.ObservationFilterChainDecorator$ObservationFilter.doFilter(ObservationFilterChainDecorator.java:225)
	at org.springframework.security.web.ObservationFilterChainDecorator$VirtualFilterChain.doFilter(ObservationFilterChainDecorator.java:138)
	at org.springframework.security.web.FilterChainProxy.doFilterInternal(FilterChainProxy.java:233)
	at org.springframework.security.web.FilterChainProxy.doFilter(FilterChainProxy.java:191)
	at org.springframework.web.filter.CompositeFilter$VirtualFilterChain.doFilter(CompositeFilter.java:113)
	at org.springframework.web.filter.ServletRequestPathFilter.doFilter(ServletRequestPathFilter.java:52)
	at org.springframework.web.filter.CompositeFilter$VirtualFilterChain.doFilter(CompositeFilter.java:113)
	at org.springframework.web.filter.CompositeFilter.doFilter(CompositeFilter.java:74)
	at org.springframework.security.config.annotation.web.configuration.WebSecurityConfiguration$CompositeFilterChainProxy.doFilter(WebSecurityConfiguration.java:319)
	at org.springframework.web.filter.CompositeFilter$VirtualFilterChain.doFilter(CompositeFilter.java:113)
	at org.springframework.web.servlet.handler.HandlerMappingIntrospector.lambda$createCacheFilter$4(HandlerMappingIntrospector.java:267)
	at org.springframework.web.filter.CompositeFilter$VirtualFilterChain.doFilter(CompositeFilter.java:113)
	at org.springframework.web.filter.CompositeFilter.doFilter(CompositeFilter.java:74)
	at org.springframework.security.config.annotation.web.configuration.WebMvcSecurityConfiguration$CompositeFilterChainProxy.doFilter(WebMvcSecurityConfiguration.java:240)
	at org.springframework.web.filter.DelegatingFilterProxy.invokeDelegate(DelegatingFilterProxy.java:362)
	at org.springframework.web.filter.DelegatingFilterProxy.doFilter(DelegatingFilterProxy.java:278)
	at org.apache.catalina.core.ApplicationFilterChain.internalDoFilter(ApplicationFilterChain.java:162)
	at org.apache.catalina.core.ApplicationFilterChain.doFilter(ApplicationFilterChain.java:138)
	at org.springframework.web.filter.RequestContextFilter.doFilterInternal(RequestContextFilter.java:100)
	at org.springframework.web.filter.OncePerRequestFilter.doFilter(OncePerRequestFilter.java:116)
	at org.apache.catalina.core.ApplicationFilterChain.internalDoFilter(ApplicationFilterChain.java:162)
	at org.apache.catalina.core.ApplicationFilterChain.doFilter(ApplicationFilterChain.java:138)
	at org.springframework.web.filter.FormContentFilter.doFilterInternal(FormContentFilter.java:93)
	at org.springframework.web.filter.OncePerRequestFilter.doFilter(OncePerRequestFilter.java:116)
	at org.apache.catalina.core.ApplicationFilterChain.internalDoFilter(ApplicationFilterChain.java:162)
	at org.apache.catalina.core.ApplicationFilterChain.doFilter(ApplicationFilterChain.java:138)
	at org.springframework.web.filter.ServerHttpObservationFilter.doFilterInternal(ServerHttpObservationFilter.java:110)
	at org.springframework.web.filter.OncePerRequestFilter.doFilter(OncePerRequestFilter.java:116)
	at org.apache.catalina.core.ApplicationFilterChain.internalDoFilter(ApplicationFilterChain.java:162)
	at org.apache.catalina.core.ApplicationFilterChain.doFilter(ApplicationFilterChain.java:138)
	at org.springframework.web.filter.CharacterEncodingFilter.doFilterInternal(CharacterEncodingFilter.java:201)
	at org.springframework.web.filter.OncePerRequestFilter.doFilter(OncePerRequestFilter.java:116)
	at org.apache.catalina.core.ApplicationFilterChain.internalDoFilter(ApplicationFilterChain.java:162)
	at org.apache.catalina.core.ApplicationFilterChain.doFilter(ApplicationFilterChain.java:138)
	at org.apache.catalina.core.StandardWrapperValve.invoke(StandardWrapperValve.java:165)
	at org.apache.catalina.core.StandardContextValve.invoke(StandardContextValve.java:88)
	at org.apache.catalina.authenticator.AuthenticatorBase.invoke(AuthenticatorBase.java:492)
	at org.apache.catalina.core.StandardHostValve.invoke(StandardHostValve.java:113)
	at org.apache.catalina.valves.ErrorReportValve.invoke(ErrorReportValve.java:83)
	at org.apache.catalina.core.StandardEngineValve.invoke(StandardEngineValve.java:72)
	at org.apache.catalina.connector.CoyoteAdapter.service(CoyoteAdapter.java:342)
	at org.apache.coyote.http11.Http11Processor.service(Http11Processor.java:399)
	at org.apache.coyote.AbstractProcessorLight.process(AbstractProcessorLight.java:63)
	at org.apache.coyote.AbstractProtocol$ConnectionHandler.process(AbstractProtocol.java:903)
	at org.apache.tomcat.util.net.NioEndpoint$SocketProcessor.doRun(NioEndpoint.java:1775)
	at org.apache.tomcat.util.net.SocketProcessorBase.run(SocketProcessorBase.java:52)
	at org.apache.tomcat.util.threads.ThreadPoolExecutor.runWorker(ThreadPoolExecutor.java:973)
	at org.apache.tomcat.util.threads.ThreadPoolExecutor$Worker.run(ThreadPoolExecutor.java:491)
	at org.apache.tomcat.util.threads.TaskThread$WrappingRunnable.run(TaskThread.java:63)
	at java.base/java.lang.Thread.run(Thread.java:1474)
Caused by: org.springframework.core.convert.ConversionFailedException: Failed to convert from type [java.lang.String] to type [@org.springframework.web.bind.annotation.RequestParam @org.springframework.format.annotation.DateTimeFormat java.time.Instant] for value [2026-08-20T23:59]
	at org.springframework.core.convert.support.ConversionUtils.invokeConverter(ConversionUtils.java:47)
	at org.springframework.core.convert.support.GenericConversionService.convert(GenericConversionService.java:182)
	at org.springframework.beans.TypeConverterDelegate.convertIfNecessary(TypeConverterDelegate.java:131)
	at org.springframework.beans.TypeConverterSupport.convertIfNecessary(TypeConverterSupport.java:80)
	at org.springframework.beans.TypeConverterSupport.convertIfNecessary(TypeConverterSupport.java:53)
	at org.springframework.validation.DataBinder.convertIfNecessary(DataBinder.java:867)
	at org.springframework.web.method.annotation.AbstractNamedValueMethodArgumentResolver.convertIfNecessary(AbstractNamedValueMethodArgumentResolver.java:293)
	... 141 common frames omitted
Caused by: java.lang.IllegalArgumentException: Parse attempt failed for value [2026-08-20T23:59]
	at org.springframework.format.support.FormattingConversionService$ParserConverter.convert(FormattingConversionService.java:223)
	at org.springframework.format.support.FormattingConversionService$AnnotationParserConverter.convert(FormattingConversionService.java:338)
	at org.springframework.core.convert.support.ConversionUtils.invokeConverter(ConversionUtils.java:41)
	... 147 common frames omitted
Caused by: java.time.format.DateTimeParseException: Unable to parse date time value "2026-08-20T23:59" using configuration from @org.springframework.format.annotation.DateTimeFormat(pattern="", style="SS", iso=DATE_TIME, fallbackPatterns={})
	at org.springframework.format.datetime.standard.TemporalAccessorParser.parse(TemporalAccessorParser.java:120)
	at org.springframework.format.datetime.standard.TemporalAccessorParser.parse(TemporalAccessorParser.java:56)
	at org.springframework.format.support.FormattingConversionService$ParserConverter.convert(FormattingConversionService.java:217)
	... 149 common frames omitted
Caused by: java.time.format.DateTimeParseException: Text '2026-08-20T23:59' could not be parsed: Unable to obtain Instant from TemporalAccessor: {},ISO resolved to 2026-08-20T23:59 of type java.time.format.Parsed
	at java.base/java.time.format.DateTimeFormatter.createError(DateTimeFormatter.java:2079)
	at java.base/java.time.format.DateTimeFormatter.parse(DateTimeFormatter.java:2014)
	at org.springframework.format.datetime.standard.TemporalAccessorParser.doParse(TemporalAccessorParser.java:130)
	at org.springframework.format.datetime.standard.TemporalAccessorParser.parse(TemporalAccessorParser.java:92)
	... 151 common frames omitted
Caused by: java.time.DateTimeException: Unable to obtain Instant from TemporalAccessor: {},ISO resolved to 2026-08-20T23:59 of type java.time.format.Parsed
	at java.base/java.time.Instant.from(Instant.java:381)
	at java.base/java.time.format.Parsed.query(Parsed.java:247)
	at java.base/java.time.format.DateTimeFormatter.parse(DateTimeFormatter.java:2010)
	... 153 common frames omitted
Caused by: java.time.temporal.UnsupportedTemporalTypeException: Unsupported field: InstantSeconds
	at java.base/java.time.format.Parsed.getLong(Parsed.java:215)
	at java.base/java.time.Instant.from(Instant.java:376)
	... 155 common frames omitted
2026-09-20 02:59:06 [http-nio-8080-exec-3] [] DEBUG o.s.security.web.FilterChainProxy - Securing GET /actuator/prometheus
2026-09-20 02:59:07 [http-nio-8080-exec-3] [] DEBUG o.s.s.w.a.AnonymousAuthenticationFilter - Set SecurityContextHolder to anonymous SecurityContext
2026-09-20 02:59:07 [http-nio-8080-exec-3] [] DEBUG o.s.s.w.a.Http403ForbiddenEntryPoint - Pre-authenticated entry point called. Rejecting access
2026-09-20 02:59:07 [http-nio-8080-exec-3] [] DEBUG o.s.security.web.FilterChainProxy - Securing GET /error
2026-09-20 02:59:07 [http-nio-8080-exec-3] [] DEBUG o.s.s.w.a.AnonymousAuthenticationFilter - Set SecurityContextHolder to anonymous SecurityContext
2026-09-20 02:59:07 [http-nio-8080-exec-3] [] DEBUG o.s.s.w.a.Http403ForbiddenEntryPoint - Pre-authenticated entry point called. Rejecting access
2026-09-20 02:59:11 [http-nio-8080-exec-2] [] DEBUG o.s.security.web.FilterChainProxy - Securing GET /actuator/prometheus
2026-09-20 02:59:11 [http-nio-8080-exec-2] [] DEBUG o.s.s.w.a.AnonymousAuthenticationFilter - Set SecurityContextHolder to anonymous SecurityContext
2026-09-20 02:59:11 [http-nio-8080-exec-2] [] DEBUG o.s.s.w.a.Http403ForbiddenEntryPoint - Pre-authenticated entry point called. Rejecting access
2026-09-20 02:59:11 [http-nio-8080-exec-2] [] DEBUG o.s.security.web.FilterChainProxy - Securing GET /error
2026-09-20 02:59:11 [http-nio-8080-exec-2] [] DEBUG o.s.s.w.a.AnonymousAuthenticationFilter - Set SecurityContextHolder to anonymous SecurityContext
2026-09-20 02:59:11 [http-nio-8080-exec-2] [] DEBUG o.s.s.w.a.Http403ForbiddenEntryPoint - Pre-authenticated entry point called. Rejecting access
2026-09-20 02:59:16 [http-nio-8080-exec-5] [] DEBUG o.s.security.web.FilterChainProxy - Securing GET /actuator/prometheus
2026-09-20 02:59:16 [http-nio-8080-exec-5] [] DEBUG o.s.s.w.a.AnonymousAuthenticationFilter - Set SecurityContextHolder to anonymous SecurityContext
2026-09-20 02:59:16 [http-nio-8080-exec-5] [] DEBUG o.s.s.w.a.Http403ForbiddenEntryPoint - Pre-authenticated entry point called. Rejecting access
2026-09-20 02:59:16 [http-nio-8080-exec-5] [] DEBUG o.s.security.web.FilterChainProxy - Securing GET /error
2026-09-20 02:59:16 [http-nio-8080-exec-5] [] DEBUG o.s.s.w.a.AnonymousAuthenticationFilter - Set SecurityContextHolder to anonymous SecurityContext
2026-09-20 02:59:16 [http-nio-8080-exec-5] [] DEBUG o.s.s.w.a.Http403ForbiddenEntryPoint - Pre-authenticated entry point called. Rejecting access
2026-09-20 02:59:21 [http-nio-8080-exec-8] [] DEBUG o.s.security.web.FilterChainProxy - Securing GET /actuator/prometheus
2026-09-20 02:59:21 [http-nio-8080-exec-8] [] DEBUG o.s.s.w.a.AnonymousAuthenticationFilter - Set SecurityContextHolder to anonymous SecurityContext
2026-09-20 02:59:21 [http-nio-8080-exec-8] [] DEBUG o.s.s.w.a.Http403ForbiddenEntryPoint - Pre-authenticated entry point called. Rejecting access
2026-09-20 02:59:21 [http-nio-8080-exec-8] [] DEBUG o.s.security.web.FilterChainProxy - Securing GET /error
2026-09-20 02:59:21 [http-nio-8080-exec-8] [] DEBUG o.s.s.w.a.AnonymousAuthenticationFilter - Set SecurityContextHolder to anonymous SecurityContext
2026-09-20 02:59:21 [http-nio-8080-exec-8] [] DEBUG o.s.s.w.a.Http403ForbiddenEntryPoint - Pre-authenticated entry point called. Rejecting access
2026-09-20 02:59:26 [http-nio-8080-exec-7] [] DEBUG o.s.security.web.FilterChainProxy - Securing GET /actuator/prometheus
2026-09-20 02:59:26 [http-nio-8080-exec-7] [] DEBUG o.s.s.w.a.AnonymousAuthenticationFilter - Set SecurityContextHolder to anonymous SecurityContext
2026-09-20 02:59:26 [http-nio-8080-exec-7] [] DEBUG o.s.s.w.a.Http403ForbiddenEntryPoint - Pre-authenticated entry point called. Rejecting access
2026-09-20 02:59:26 [http-nio-8080-exec-7] [] DEBUG o.s.security.web.FilterChainProxy - Securing GET /error
2026-09-20 02:59:26 [http-nio-8080-exec-7] [] DEBUG o.s.s.w.a.AnonymousAuthenticationFilter - Set SecurityContextHolder to anonymous SecurityContext
2026-09-20 02:59:26 [http-nio-8080-exec-7] [] DEBUG o.s.s.w.a.Http403ForbiddenEntryPoint - Pre-authenticated entry point called. Rejecting access
2026-09-20 02:59:31 [http-nio-8080-exec-4] [] DEBUG o.s.security.web.FilterChainProxy - Securing GET /actuator/prometheus
2026-09-20 02:59:31 [http-nio-8080-exec-4] [] DEBUG o.s.s.w.a.AnonymousAuthenticationFilter - Set SecurityContextHolder to anonymous SecurityContext
2026-09-20 02:59:31 [http-nio-8080-exec-4] [] DEBUG o.s.s.w.a.Http403ForbiddenEntryPoint - Pre-authenticated entry point called. Rejecting access
2026-09-20 02:59:31 [http-nio-8080-exec-4] [] DEBUG o.s.security.web.FilterChainProxy - Securing GET /error
2026-09-20 02:59:31 [http-nio-8080-exec-4] [] DEBUG o.s.s.w.a.AnonymousAuthenticationFilter - Set SecurityContextHolder to anonymous SecurityContext
2026-09-20 02:59:31 [http-nio-8080-exec-4] [] DEBUG o.s.s.w.a.Http403ForbiddenEntryPoint - Pre-authenticated entry point called. Rejecting access
2026-09-20 02:59:36 [http-nio-8080-exec-1] [] DEBUG o.s.security.web.FilterChainProxy - Securing GET /actuator/prometheus
2026-09-20 02:59:36 [http-nio-8080-exec-1] [] DEBUG o.s.s.w.a.AnonymousAuthenticationFilter - Set SecurityContextHolder to anonymous SecurityContext
2026-09-20 02:59:36 [http-nio-8080-exec-1] [] DEBUG o.s.s.w.a.Http403ForbiddenEntryPoint - Pre-authenticated entry point called. Rejecting access
2026-09-20 02:59:36 [http-nio-8080-exec-1] [] DEBUG o.s.security.web.FilterChainProxy - Securing GET /error
2026-09-20 02:59:36 [http-nio-8080-exec-1] [] DEBUG o.s.s.w.a.AnonymousAuthenticationFilter - Set SecurityContextHolder to anonymous SecurityContext
2026-09-20 02:59:36 [http-nio-8080-exec-1] [] DEBUG o.s.s.w.a.Http403ForbiddenEntryPoint - Pre-authenticated entry point called. Rejecting access
2026-09-20 02:59:41 [http-nio-8080-exec-6] [] DEBUG o.s.security.web.FilterChainProxy - Securing GET /actuator/prometheus
2026-09-20 02:59:41 [http-nio-8080-exec-6] [] DEBUG o.s.s.w.a.AnonymousAuthenticationFilter - Set SecurityContextHolder to anonymous SecurityContext
2026-09-20 02:59:41 [http-nio-8080-exec-6] [] DEBUG o.s.s.w.a.Http403ForbiddenEntryPoint - Pre-authenticated entry point called. Rejecting access
2026-09-20 02:59:41 [http-nio-8080-exec-6] [] DEBUG o.s.security.web.FilterChainProxy - Securing GET /error
2026-09-20 02:59:41 [http-nio-8080-exec-6] [] DEBUG o.s.s.w.a.AnonymousAuthenticationFilter - Set SecurityContextHolder to anonymous SecurityContext
2026-09-20 02:59:41 [http-nio-8080-exec-6] [] DEBUG o.s.s.w.a.Http403ForbiddenEntryPoint - Pre-authenticated entry point called. Rejecting access
2026-09-20 02:59:46 [http-nio-8080-exec-9] [] DEBUG o.s.security.web.FilterChainProxy - Securing GET /actuator/prometheus
2026-09-20 02:59:46 [http-nio-8080-exec-9] [] DEBUG o.s.s.w.a.AnonymousAuthenticationFilter - Set SecurityContextHolder to anonymous SecurityContext
2026-09-20 02:59:46 [http-nio-8080-exec-9] [] DEBUG o.s.s.w.a.Http403ForbiddenEntryPoint - Pre-authenticated entry point called. Rejecting access
2026-09-20 02:59:46 [http-nio-8080-exec-9] [] DEBUG o.s.security.web.FilterChainProxy - Securing GET /error
2026-09-20 02:59:46 [http-nio-8080-exec-9] [] DEBUG o.s.s.w.a.AnonymousAuthenticationFilter - Set SecurityContextHolder to anonymous SecurityContext
2026-09-20 02:59:46 [http-nio-8080-exec-9] [] DEBUG o.s.s.w.a.Http403ForbiddenEntryPoint - Pre-authenticated entry point called. Rejecting access
2026-09-20 02:59:51 [http-nio-8080-exec-10] [] DEBUG o.s.security.web.FilterChainProxy - Securing GET /actuator/prometheus
2026-09-20 02:59:51 [http-nio-8080-exec-10] [] DEBUG o.s.s.w.a.AnonymousAuthenticationFilter - Set SecurityContextHolder to anonymous SecurityContext
2026-09-20 02:59:51 [http-nio-8080-exec-10] [] DEBUG o.s.s.w.a.Http403ForbiddenEntryPoint - Pre-authenticated entry point called. Rejecting access
2026-09-20 02:59:51 [http-nio-8080-exec-10] [] DEBUG o.s.security.web.FilterChainProxy - Securing GET /error
2026-09-20 02:59:51 [http-nio-8080-exec-10] [] DEBUG o.s.s.w.a.AnonymousAuthenticationFilter - Set SecurityContextHolder to anonymous SecurityContext
2026-09-20 02:59:51 [http-nio-8080-exec-10] [] DEBUG o.s.s.w.a.Http403ForbiddenEntryPoint - Pre-authenticated entry point called. Rejecting access
2026-09-20 02:59:56 [http-nio-8080-exec-3] [] DEBUG o.s.security.web.FilterChainProxy - Securing GET /actuator/prometheus
2026-09-20 02:59:56 [http-nio-8080-exec-3] [] DEBUG o.s.s.w.a.AnonymousAuthenticationFilter - Set SecurityContextHolder to anonymous SecurityContext
2026-09-20 02:59:56 [http-nio-8080-exec-3] [] DEBUG o.s.s.w.a.Http403ForbiddenEntryPoint - Pre-authenticated entry point called. Rejecting access
2026-09-20 02:59:56 [http-nio-8080-exec-3] [] DEBUG o.s.security.web.FilterChainProxy - Securing GET /error
2026-09-20 02:59:56 [http-nio-8080-exec-3] [] DEBUG o.s.s.w.a.AnonymousAuthenticationFilter - Set SecurityContextHolder to anonymous SecurityContext
2026-09-20 02:59:56 [http-nio-8080-exec-3] [] DEBUG o.s.s.w.a.Http403ForbiddenEntryPoint - Pre-authenticated entry point called. Rejecting access
2026-09-20 03:00:01 [http-nio-8080-exec-2] [] DEBUG o.s.security.web.FilterChainProxy - Securing GET /actuator/prometheus
2026-09-20 03:00:01 [http-nio-8080-exec-2] [] DEBUG o.s.s.w.a.AnonymousAuthenticationFilter - Set SecurityContextHolder to anonymous SecurityContext
2026-09-20 03:00:01 [http-nio-8080-exec-2] [] DEBUG o.s.s.w.a.Http403ForbiddenEntryPoint - Pre-authenticated entry point called. Rejecting access
2026-09-20 03:00:01 [http-nio-8080-exec-2] [] DEBUG o.s.security.web.FilterChainProxy - Securing GET /error
2026-09-20 03:00:01 [http-nio-8080-exec-2] [] DEBUG o.s.s.w.a.AnonymousAuthenticationFilter - Set SecurityContextHolder to anonymous SecurityContext
2026-09-20 03:00:01 [http-nio-8080-exec-2] [] DEBUG o.s.s.w.a.Http403ForbiddenEntryPoint - Pre-authenticated entry point called. Rejecting access
2026-09-20 03:00:06 [http-nio-8080-exec-5] [] DEBUG o.s.security.web.FilterChainProxy - Securing GET /actuator/prometheus
2026-09-20 03:00:06 [http-nio-8080-exec-5] [] DEBUG o.s.s.w.a.AnonymousAuthenticationFilter - Set SecurityContextHolder to anonymous SecurityContext
2026-09-20 03:00:06 [http-nio-8080-exec-5] [] DEBUG o.s.s.w.a.Http403ForbiddenEntryPoint - Pre-authenticated entry point called. Rejecting access
2026-09-20 03:00:06 [http-nio-8080-exec-5] [] DEBUG o.s.security.web.FilterChainProxy - Securing GET /error
2026-09-20 03:00:06 [http-nio-8080-exec-5] [] DEBUG o.s.s.w.a.AnonymousAuthenticationFilter - Set SecurityContextHolder to anonymous SecurityContext
2026-09-20 03:00:06 [http-nio-8080-exec-5] [] DEBUG o.s.s.w.a.Http403ForbiddenEntryPoint - Pre-authenticated entry point called. Rejecting access
2026-09-20 03:00:11 [http-nio-8080-exec-8] [] DEBUG o.s.security.web.FilterChainProxy - Securing GET /actuator/prometheus
2026-09-20 03:00:11 [http-nio-8080-exec-8] [] DEBUG o.s.s.w.a.AnonymousAuthenticationFilter - Set SecurityContextHolder to anonymous SecurityContext
2026-09-20 03:00:11 [http-nio-8080-exec-8] [] DEBUG o.s.s.w.a.Http403ForbiddenEntryPoint - Pre-authenticated entry point called. Rejecting access
2026-09-20 03:00:11 [http-nio-8080-exec-8] [] DEBUG o.s.security.web.FilterChainProxy - Securing GET /error
2026-09-20 03:00:11 [http-nio-8080-exec-8] [] DEBUG o.s.s.w.a.AnonymousAuthenticationFilter - Set SecurityContextHolder to anonymous SecurityContext
2026-09-20 03:00:11 [http-nio-8080-exec-8] [] DEBUG o.s.s.w.a.Http403ForbiddenEntryPoint - Pre-authenticated entry point called. Rejecting access
2026-09-20 03:00:16 [http-nio-8080-exec-7] [] DEBUG o.s.security.web.FilterChainProxy - Securing GET /actuator/prometheus
2026-09-20 03:00:16 [http-nio-8080-exec-7] [] DEBUG o.s.s.w.a.AnonymousAuthenticationFilter - Set SecurityContextHolder to anonymous SecurityContext
2026-09-20 03:00:16 [http-nio-8080-exec-7] [] DEBUG o.s.s.w.a.Http403ForbiddenEntryPoint - Pre-authenticated entry point called. Rejecting access
2026-09-20 03:00:16 [http-nio-8080-exec-7] [] DEBUG o.s.security.web.FilterChainProxy - Securing GET /error
2026-09-20 03:00:16 [http-nio-8080-exec-7] [] DEBUG o.s.s.w.a.AnonymousAuthenticationFilter - Set SecurityContextHolder to anonymous SecurityContext
2026-09-20 03:00:16 [http-nio-8080-exec-7] [] DEBUG o.s.s.w.a.Http403ForbiddenEntryPoint - Pre-authenticated entry point called. Rejecting access
2026-09-20 03:00:21 [http-nio-8080-exec-4] [] DEBUG o.s.security.web.FilterChainProxy - Securing GET /actuator/prometheus
2026-09-20 03:00:21 [http-nio-8080-exec-4] [] DEBUG o.s.s.w.a.AnonymousAuthenticationFilter - Set SecurityContextHolder to anonymous SecurityContext
2026-09-20 03:00:21 [http-nio-8080-exec-4] [] DEBUG o.s.s.w.a.Http403ForbiddenEntryPoint - Pre-authenticated entry point called. Rejecting access
2026-09-20 03:00:21 [http-nio-8080-exec-4] [] DEBUG o.s.security.web.FilterChainProxy - Securing GET /error
2026-09-20 03:00:21 [http-nio-8080-exec-4] [] DEBUG o.s.s.w.a.AnonymousAuthenticationFilter - Set SecurityContextHolder to anonymous SecurityContext
2026-09-20 03:00:21 [http-nio-8080-exec-4] [] DEBUG o.s.s.w.a.Http403ForbiddenEntryPoint - Pre-authenticated entry point called. Rejecting access
2026-09-20 03:00:26 [http-nio-8080-exec-1] [] DEBUG o.s.security.web.FilterChainProxy - Securing GET /actuator/prometheus
2026-09-20 03:00:26 [http-nio-8080-exec-1] [] DEBUG o.s.s.w.a.AnonymousAuthenticationFilter - Set SecurityContextHolder to anonymous SecurityContext
2026-09-20 03:00:26 [http-nio-8080-exec-1] [] DEBUG o.s.s.w.a.Http403ForbiddenEntryPoint - Pre-authenticated entry point called. Rejecting access
2026-09-20 03:00:26 [http-nio-8080-exec-1] [] DEBUG o.s.security.web.FilterChainProxy - Securing GET /error
2026-09-20 03:00:26 [http-nio-8080-exec-1] [] DEBUG o.s.s.w.a.AnonymousAuthenticationFilter - Set SecurityContextHolder to anonymous SecurityContext
2026-09-20 03:00:26 [http-nio-8080-exec-1] [] DEBUG o.s.s.w.a.Http403ForbiddenEntryPoint - Pre-authenticated entry point called. Rejecting access
2026-09-20 03:00:31 [http-nio-8080-exec-6] [] DEBUG o.s.security.web.FilterChainProxy - Securing GET /actuator/prometheus
2026-09-20 03:00:31 [http-nio-8080-exec-6] [] DEBUG o.s.s.w.a.AnonymousAuthenticationFilter - Set SecurityContextHolder to anonymous SecurityContext
2026-09-20 03:00:31 [http-nio-8080-exec-6] [] DEBUG o.s.s.w.a.Http403ForbiddenEntryPoint - Pre-authenticated entry point called. Rejecting access
2026-09-20 03:00:31 [http-nio-8080-exec-6] [] DEBUG o.s.security.web.FilterChainProxy - Securing GET /error
2026-09-20 03:00:31 [http-nio-8080-exec-6] [] DEBUG o.s.s.w.a.AnonymousAuthenticationFilter - Set SecurityContextHolder to anonymous SecurityContext
2026-09-20 03:00:31 [http-nio-8080-exec-6] [] DEBUG o.s.s.w.a.Http403ForbiddenEntryPoint - Pre-authenticated entry point called. Rejecting access
2026-09-20 03:00:36 [http-nio-8080-exec-9] [] DEBUG o.s.security.web.FilterChainProxy - Securing GET /actuator/prometheus
2026-09-20 03:00:36 [http-nio-8080-exec-9] [] DEBUG o.s.s.w.a.AnonymousAuthenticationFilter - Set SecurityContextHolder to anonymous SecurityContext
2026-09-20 03:00:36 [http-nio-8080-exec-9] [] DEBUG o.s.s.w.a.Http403ForbiddenEntryPoint - Pre-authenticated entry point called. Rejecting access
2026-09-20 03:00:36 [http-nio-8080-exec-9] [] DEBUG o.s.security.web.FilterChainProxy - Securing GET /error
2026-09-20 03:00:36 [http-nio-8080-exec-9] [] DEBUG o.s.s.w.a.AnonymousAuthenticationFilter - Set SecurityContextHolder to anonymous SecurityContext
2026-09-20 03:00:36 [http-nio-8080-exec-9] [] DEBUG o.s.s.w.a.Http403ForbiddenEntryPoint - Pre-authenticated entry point called. Rejecting access
2026-09-20 03:00:41 [http-nio-8080-exec-10] [] DEBUG o.s.security.web.FilterChainProxy - Securing GET /actuator/prometheus
2026-09-20 03:00:41 [http-nio-8080-exec-10] [] DEBUG o.s.s.w.a.AnonymousAuthenticationFilter - Set SecurityContextHolder to anonymous SecurityContext
2026-09-20 03:00:41 [http-nio-8080-exec-10] [] DEBUG o.s.s.w.a.Http403ForbiddenEntryPoint - Pre-authenticated entry point called. Rejecting access
2026-09-20 03:00:41 [http-nio-8080-exec-10] [] DEBUG o.s.security.web.FilterChainProxy - Securing GET /error
2026-09-20 03:00:41 [http-nio-8080-exec-10] [] DEBUG o.s.s.w.a.AnonymousAuthenticationFilter - Set SecurityContextHolder to anonymous SecurityContext
2026-09-20 03:00:41 [http-nio-8080-exec-10] [] DEBUG o.s.s.w.a.Http403ForbiddenEntryPoint - Pre-authenticated entry point called. Rejecting access
2026-09-20 03:00:42 [http-nio-8080-exec-3] [] DEBUG o.s.security.web.FilterChainProxy - Securing GET /api/v1/conferences?search=
2026-09-20 03:00:42 [http-nio-8080-exec-3] [] DEBUG c.j.i.s.JwtAuthenticationFilter - Authenticated user: cccccccc-cccc-cccc-cccc-ccccccccccc1, URI: /api/v1/conferences
2026-09-20 03:00:42 [http-nio-8080-exec-3] [] DEBUG o.s.security.web.FilterChainProxy - Secured GET /api/v1/conferences?search=
2026-09-20 03:00:42 [http-nio-8080-exec-3] [] DEBUG o.s.s.a.m.AuthorizationManagerBeforeMethodInterceptor - Authorizing method invocation ReflectiveMethodInvocation: public org.springframework.http.ResponseEntity com.jmp.api.controller.ConferenceController.listConferences(org.springframework.data.domain.Pageable,java.lang.String,org.springframework.security.core.Authentication); target is of class [com.jmp.api.controller.ConferenceController]
2026-09-20 03:00:42 [http-nio-8080-exec-3] [] DEBUG o.s.s.a.m.AuthorizationManagerBeforeMethodInterceptor - Authorized method invocation ReflectiveMethodInvocation: public org.springframework.http.ResponseEntity com.jmp.api.controller.ConferenceController.listConferences(org.springframework.data.domain.Pageable,java.lang.String,org.springframework.security.core.Authentication); target is of class [com.jmp.api.controller.ConferenceController]
2026-09-20 03:00:42 [http-nio-8080-exec-2] [] DEBUG o.s.security.web.FilterChainProxy - Securing GET /api/v1/conferences?search=
2026-09-20 03:00:42 [http-nio-8080-exec-2] [] DEBUG c.j.i.s.JwtAuthenticationFilter - Authenticated user: cccccccc-cccc-cccc-cccc-ccccccccccc1, URI: /api/v1/conferences
2026-09-20 03:00:42 [http-nio-8080-exec-2] [] DEBUG o.s.security.web.FilterChainProxy - Secured GET /api/v1/conferences?search=
2026-09-20 03:00:43 [http-nio-8080-exec-2] [] DEBUG o.s.s.a.m.AuthorizationManagerBeforeMethodInterceptor - Authorizing method invocation ReflectiveMethodInvocation: public org.springframework.http.ResponseEntity com.jmp.api.controller.ConferenceController.listConferences(org.springframework.data.domain.Pageable,java.lang.String,org.springframework.security.core.Authentication); target is of class [com.jmp.api.controller.ConferenceController]
2026-09-20 03:00:43 [http-nio-8080-exec-2] [] DEBUG o.s.s.a.m.AuthorizationManagerBeforeMethodInterceptor - Authorized method invocation ReflectiveMethodInvocation: public org.springframework.http.ResponseEntity com.jmp.api.controller.ConferenceController.listConferences(org.springframework.data.domain.Pageable,java.lang.String,org.springframework.security.core.Authentication); target is of class [com.jmp.api.controller.ConferenceController]
2026-09-20 03:00:46 [http-nio-8080-exec-5] [] DEBUG o.s.security.web.FilterChainProxy - Securing GET /actuator/prometheus
2026-09-20 03:00:46 [http-nio-8080-exec-5] [] DEBUG o.s.s.w.a.AnonymousAuthenticationFilter - Set SecurityContextHolder to anonymous SecurityContext
2026-09-20 03:00:46 [http-nio-8080-exec-5] [] DEBUG o.s.s.w.a.Http403ForbiddenEntryPoint - Pre-authenticated entry point called. Rejecting access
2026-09-20 03:00:46 [http-nio-8080-exec-5] [] DEBUG o.s.security.web.FilterChainProxy - Securing GET /error
2026-09-20 03:00:46 [http-nio-8080-exec-5] [] DEBUG o.s.s.w.a.AnonymousAuthenticationFilter - Set SecurityContextHolder to anonymous SecurityContext
2026-09-20 03:00:46 [http-nio-8080-exec-5] [] DEBUG o.s.s.w.a.Http403ForbiddenEntryPoint - Pre-authenticated entry point called. Rejecting access
2026-09-20 03:00:49 [http-nio-8080-exec-7] [] DEBUG o.s.security.web.FilterChainProxy - Securing GET /api/v1/conferences/upcoming
2026-09-20 03:00:49 [http-nio-8080-exec-8] [] DEBUG o.s.security.web.FilterChainProxy - Securing GET /api/v1/conferences/active
2026-09-20 03:00:49 [http-nio-8080-exec-4] [] DEBUG o.s.security.web.FilterChainProxy - Securing GET /api/v1/analytics/dashboard
2026-09-20 03:00:49 [http-nio-8080-exec-7] [] DEBUG c.j.i.s.JwtAuthenticationFilter - Authenticated user: cccccccc-cccc-cccc-cccc-ccccccccccc1, URI: /api/v1/conferences/upcoming
2026-09-20 03:00:49 [http-nio-8080-exec-7] [] DEBUG o.s.security.web.FilterChainProxy - Secured GET /api/v1/conferences/upcoming
2026-09-20 03:00:49 [http-nio-8080-exec-7] [] DEBUG o.s.s.a.m.AuthorizationManagerBeforeMethodInterceptor - Authorizing method invocation ReflectiveMethodInvocation: public org.springframework.http.ResponseEntity com.jmp.api.controller.ConferenceController.getUpcomingConferences(org.springframework.security.core.Authentication); target is of class [com.jmp.api.controller.ConferenceController]
2026-09-20 03:00:49 [http-nio-8080-exec-7] [] DEBUG o.s.s.a.m.AuthorizationManagerBeforeMethodInterceptor - Authorized method invocation ReflectiveMethodInvocation: public org.springframework.http.ResponseEntity com.jmp.api.controller.ConferenceController.getUpcomingConferences(org.springframework.security.core.Authentication); target is of class [com.jmp.api.controller.ConferenceController]
2026-09-20 03:00:49 [http-nio-8080-exec-4] [] DEBUG c.j.i.s.JwtAuthenticationFilter - Authenticated user: cccccccc-cccc-cccc-cccc-ccccccccccc1, URI: /api/v1/analytics/dashboard
2026-09-20 03:00:49 [http-nio-8080-exec-1] [] DEBUG o.s.security.web.FilterChainProxy - Securing GET /api/v1/conferences/upcoming
2026-09-20 03:00:49 [http-nio-8080-exec-4] [] DEBUG o.s.security.web.FilterChainProxy - Secured GET /api/v1/analytics/dashboard
2026-09-20 03:00:49 [http-nio-8080-exec-4] [] DEBUG o.s.s.a.m.AuthorizationManagerBeforeMethodInterceptor - Authorizing method invocation ReflectiveMethodInvocation: public org.springframework.http.ResponseEntity com.jmp.api.controller.AnalyticsController.getDashboardMetrics(org.springframework.security.core.Authentication); target is of class [com.jmp.api.controller.AnalyticsController]
2026-09-20 03:00:49 [http-nio-8080-exec-8] [] DEBUG c.j.i.s.JwtAuthenticationFilter - Authenticated user: cccccccc-cccc-cccc-cccc-ccccccccccc1, URI: /api/v1/conferences/active
2026-09-20 03:00:49 [http-nio-8080-exec-4] [] DEBUG o.s.s.a.m.AuthorizationManagerBeforeMethodInterceptor - Authorized method invocation ReflectiveMethodInvocation: public org.springframework.http.ResponseEntity com.jmp.api.controller.AnalyticsController.getDashboardMetrics(org.springframework.security.core.Authentication); target is of class [com.jmp.api.controller.AnalyticsController]
2026-09-20 03:00:49 [http-nio-8080-exec-8] [] DEBUG o.s.security.web.FilterChainProxy - Secured GET /api/v1/conferences/active
2026-09-20 03:00:49 [http-nio-8080-exec-8] [] DEBUG o.s.s.a.m.AuthorizationManagerBeforeMethodInterceptor - Authorizing method invocation ReflectiveMethodInvocation: public org.springframework.http.ResponseEntity com.jmp.api.controller.ConferenceController.getActiveConferences(org.springframework.security.core.Authentication); target is of class [com.jmp.api.controller.ConferenceController]
2026-09-20 03:00:49 [http-nio-8080-exec-8] [] DEBUG o.s.s.a.m.AuthorizationManagerBeforeMethodInterceptor - Authorized method invocation ReflectiveMethodInvocation: public org.springframework.http.ResponseEntity com.jmp.api.controller.ConferenceController.getActiveConferences(org.springframework.security.core.Authentication); target is of class [com.jmp.api.controller.ConferenceController]
2026-09-20 03:00:49 [http-nio-8080-exec-1] [] DEBUG c.j.i.s.JwtAuthenticationFilter - Authenticated user: cccccccc-cccc-cccc-cccc-ccccccccccc1, URI: /api/v1/conferences/upcoming
2026-09-20 03:00:49 [http-nio-8080-exec-1] [] DEBUG o.s.security.web.FilterChainProxy - Secured GET /api/v1/conferences/upcoming
2026-09-20 03:00:49 [http-nio-8080-exec-1] [] DEBUG o.s.s.a.m.AuthorizationManagerBeforeMethodInterceptor - Authorizing method invocation ReflectiveMethodInvocation: public org.springframework.http.ResponseEntity com.jmp.api.controller.ConferenceController.getUpcomingConferences(org.springframework.security.core.Authentication); target is of class [com.jmp.api.controller.ConferenceController]
2026-09-20 03:00:49 [http-nio-8080-exec-1] [] DEBUG o.s.s.a.m.AuthorizationManagerBeforeMethodInterceptor - Authorized method invocation ReflectiveMethodInvocation: public org.springframework.http.ResponseEntity com.jmp.api.controller.ConferenceController.getUpcomingConferences(org.springframework.security.core.Authentication); target is of class [com.jmp.api.controller.ConferenceController]
2026-09-20 03:00:49 [http-nio-8080-exec-6] [] DEBUG o.s.security.web.FilterChainProxy - Securing GET /api/v1/conferences/active
2026-09-20 03:00:49 [http-nio-8080-exec-6] [] DEBUG c.j.i.s.JwtAuthenticationFilter - Authenticated user: cccccccc-cccc-cccc-cccc-ccccccccccc1, URI: /api/v1/conferences/active
2026-09-20 03:00:49 [http-nio-8080-exec-6] [] DEBUG o.s.security.web.FilterChainProxy - Secured GET /api/v1/conferences/active
2026-09-20 03:00:49 [http-nio-8080-exec-6] [] DEBUG o.s.s.a.m.AuthorizationManagerBeforeMethodInterceptor - Authorizing method invocation ReflectiveMethodInvocation: public org.springframework.http.ResponseEntity com.jmp.api.controller.ConferenceController.getActiveConferences(org.springframework.security.core.Authentication); target is of class [com.jmp.api.controller.ConferenceController]
2026-09-20 03:00:49 [http-nio-8080-exec-6] [] DEBUG o.s.s.a.m.AuthorizationManagerBeforeMethodInterceptor - Authorized method invocation ReflectiveMethodInvocation: public org.springframework.http.ResponseEntity com.jmp.api.controller.ConferenceController.getActiveConferences(org.springframework.security.core.Authentication); target is of class [com.jmp.api.controller.ConferenceController]
2026-09-20 03:00:49 [http-nio-8080-exec-9] [] DEBUG o.s.security.web.FilterChainProxy - Securing GET /api/v1/analytics/dashboard
2026-09-20 03:00:49 [http-nio-8080-exec-9] [] DEBUG c.j.i.s.JwtAuthenticationFilter - Authenticated user: cccccccc-cccc-cccc-cccc-ccccccccccc1, URI: /api/v1/analytics/dashboard
2026-09-20 03:00:49 [http-nio-8080-exec-9] [] DEBUG o.s.security.web.FilterChainProxy - Secured GET /api/v1/analytics/dashboard
2026-09-20 03:00:49 [http-nio-8080-exec-9] [] DEBUG o.s.s.a.m.AuthorizationManagerBeforeMethodInterceptor - Authorizing method invocation ReflectiveMethodInvocation: public org.springframework.http.ResponseEntity com.jmp.api.controller.AnalyticsController.getDashboardMetrics(org.springframework.security.core.Authentication); target is of class [com.jmp.api.controller.AnalyticsController]
2026-09-20 03:00:49 [http-nio-8080-exec-9] [] DEBUG o.s.s.a.m.AuthorizationManagerBeforeMethodInterceptor - Authorized method invocation ReflectiveMethodInvocation: public org.springframework.http.ResponseEntity com.jmp.api.controller.AnalyticsController.getDashboardMetrics(org.springframework.security.core.Authentication); target is of class [com.jmp.api.controller.AnalyticsController]
2026-09-20 03:00:49 [http-nio-8080-exec-10] [] DEBUG o.s.security.web.FilterChainProxy - Securing GET /api/v1/analytics/system-health
2026-09-20 03:00:49 [http-nio-8080-exec-10] [] DEBUG c.j.i.s.JwtAuthenticationFilter - Authenticated user: cccccccc-cccc-cccc-cccc-ccccccccccc1, URI: /api/v1/analytics/system-health
2026-09-20 03:00:49 [http-nio-8080-exec-10] [] DEBUG o.s.security.web.FilterChainProxy - Secured GET /api/v1/analytics/system-health
2026-09-20 03:00:49 [http-nio-8080-exec-10] [] DEBUG o.s.s.a.m.AuthorizationManagerBeforeMethodInterceptor - Authorizing method invocation ReflectiveMethodInvocation: public org.springframework.http.ResponseEntity com.jmp.api.controller.AnalyticsController.getSystemHealthMetrics(); target is of class [com.jmp.api.controller.AnalyticsController]
2026-09-20 03:00:49 [http-nio-8080-exec-10] [] DEBUG o.s.s.a.m.AuthorizationManagerBeforeMethodInterceptor - Authorized method invocation ReflectiveMethodInvocation: public org.springframework.http.ResponseEntity com.jmp.api.controller.AnalyticsController.getSystemHealthMetrics(); target is of class [com.jmp.api.controller.AnalyticsController]
2026-09-20 03:00:49 [http-nio-8080-exec-3] [] DEBUG o.s.security.web.FilterChainProxy - Securing GET /api/v1/analytics/system-health
2026-09-20 03:00:49 [http-nio-8080-exec-3] [] DEBUG c.j.i.s.JwtAuthenticationFilter - Authenticated user: cccccccc-cccc-cccc-cccc-ccccccccccc1, URI: /api/v1/analytics/system-health
2026-09-20 03:00:49 [http-nio-8080-exec-3] [] DEBUG o.s.security.web.FilterChainProxy - Secured GET /api/v1/analytics/system-health
2026-09-20 03:00:49 [http-nio-8080-exec-3] [] DEBUG o.s.s.a.m.AuthorizationManagerBeforeMethodInterceptor - Authorizing method invocation ReflectiveMethodInvocation: public org.springframework.http.ResponseEntity com.jmp.api.controller.AnalyticsController.getSystemHealthMetrics(); target is of class [com.jmp.api.controller.AnalyticsController]
2026-09-20 03:00:49 [http-nio-8080-exec-3] [] DEBUG o.s.s.a.m.AuthorizationManagerBeforeMethodInterceptor - Authorized method invocation ReflectiveMethodInvocation: public org.springframework.http.ResponseEntity com.jmp.api.controller.AnalyticsController.getSystemHealthMetrics(); target is of class [com.jmp.api.controller.AnalyticsController]
2026-09-20 03:00:51 [http-nio-8080-exec-2] [] DEBUG o.s.security.web.FilterChainProxy - Securing GET /actuator/prometheus
2026-09-20 03:00:51 [http-nio-8080-exec-2] [] DEBUG o.s.s.w.a.AnonymousAuthenticationFilter - Set SecurityContextHolder to anonymous SecurityContext
2026-09-20 03:00:51 [http-nio-8080-exec-2] [] DEBUG o.s.s.w.a.Http403ForbiddenEntryPoint - Pre-authenticated entry point called. Rejecting access
2026-09-20 03:00:51 [http-nio-8080-exec-2] [] DEBUG o.s.security.web.FilterChainProxy - Securing GET /error
2026-09-20 03:00:51 [http-nio-8080-exec-2] [] DEBUG o.s.s.w.a.AnonymousAuthenticationFilter - Set SecurityContextHolder to anonymous SecurityContext
2026-09-20 03:00:51 [http-nio-8080-exec-2] [] DEBUG o.s.s.w.a.Http403ForbiddenEntryPoint - Pre-authenticated entry point called. Rejecting access
2026-09-20 03:00:56 [http-nio-8080-exec-5] [] DEBUG o.s.security.web.FilterChainProxy - Securing GET /actuator/prometheus
2026-09-20 03:00:56 [http-nio-8080-exec-5] [] DEBUG o.s.s.w.a.AnonymousAuthenticationFilter - Set SecurityContextHolder to anonymous SecurityContext
2026-09-20 03:00:56 [http-nio-8080-exec-5] [] DEBUG o.s.s.w.a.Http403ForbiddenEntryPoint - Pre-authenticated entry point called. Rejecting access
2026-09-20 03:00:56 [http-nio-8080-exec-5] [] DEBUG o.s.security.web.FilterChainProxy - Securing GET /error
2026-09-20 03:00:56 [http-nio-8080-exec-5] [] DEBUG o.s.s.w.a.AnonymousAuthenticationFilter - Set SecurityContextHolder to anonymous SecurityContext
2026-09-20 03:00:56 [http-nio-8080-exec-5] [] DEBUG o.s.s.w.a.Http403ForbiddenEntryPoint - Pre-authenticated entry point called. Rejecting access
2026-09-20 03:01:01 [http-nio-8080-exec-7] [] DEBUG o.s.security.web.FilterChainProxy - Securing GET /actuator/prometheus
2026-09-20 03:01:01 [http-nio-8080-exec-7] [] DEBUG o.s.s.w.a.AnonymousAuthenticationFilter - Set SecurityContextHolder to anonymous SecurityContext
2026-09-20 03:01:01 [http-nio-8080-exec-7] [] DEBUG o.s.s.w.a.Http403ForbiddenEntryPoint - Pre-authenticated entry point called. Rejecting access
2026-09-20 03:01:01 [http-nio-8080-exec-7] [] DEBUG o.s.security.web.FilterChainProxy - Securing GET /error
2026-09-20 03:01:01 [http-nio-8080-exec-7] [] DEBUG o.s.s.w.a.AnonymousAuthenticationFilter - Set SecurityContextHolder to anonymous SecurityContext
2026-09-20 03:01:01 [http-nio-8080-exec-7] [] DEBUG o.s.s.w.a.Http403ForbiddenEntryPoint - Pre-authenticated entry point called. Rejecting access
2026-09-20 03:01:06 [http-nio-8080-exec-8] [] DEBUG o.s.security.web.FilterChainProxy - Securing GET /actuator/prometheus
2026-09-20 03:01:06 [http-nio-8080-exec-8] [] DEBUG o.s.s.w.a.AnonymousAuthenticationFilter - Set SecurityContextHolder to anonymous SecurityContext
2026-09-20 03:01:06 [http-nio-8080-exec-8] [] DEBUG o.s.s.w.a.Http403ForbiddenEntryPoint - Pre-authenticated entry point called. Rejecting access
2026-09-20 03:01:06 [http-nio-8080-exec-8] [] DEBUG o.s.security.web.FilterChainProxy - Securing GET /error
2026-09-20 03:01:06 [http-nio-8080-exec-8] [] DEBUG o.s.s.w.a.AnonymousAuthenticationFilter - Set SecurityContextHolder to anonymous SecurityContext
2026-09-20 03:01:06 [http-nio-8080-exec-8] [] DEBUG o.s.s.w.a.Http403ForbiddenEntryPoint - Pre-authenticated entry point called. Rejecting access
2026-09-20 03:01:11 [http-nio-8080-exec-1] [] DEBUG o.s.security.web.FilterChainProxy - Securing GET /actuator/prometheus
2026-09-20 03:01:11 [http-nio-8080-exec-1] [] DEBUG o.s.s.w.a.AnonymousAuthenticationFilter - Set SecurityContextHolder to anonymous SecurityContext
2026-09-20 03:01:11 [http-nio-8080-exec-1] [] DEBUG o.s.s.w.a.Http403ForbiddenEntryPoint - Pre-authenticated entry point called. Rejecting access
2026-09-20 03:01:11 [http-nio-8080-exec-1] [] DEBUG o.s.security.web.FilterChainProxy - Securing GET /error
2026-09-20 03:01:11 [http-nio-8080-exec-1] [] DEBUG o.s.s.w.a.AnonymousAuthenticationFilter - Set SecurityContextHolder to anonymous SecurityContext
2026-09-20 03:01:11 [http-nio-8080-exec-1] [] DEBUG o.s.s.w.a.Http403ForbiddenEntryPoint - Pre-authenticated entry point called. Rejecting access
2026-09-20 03:01:16 [http-nio-8080-exec-6] [] DEBUG o.s.security.web.FilterChainProxy - Securing GET /actuator/prometheus
2026-09-20 03:01:16 [http-nio-8080-exec-6] [] DEBUG o.s.s.w.a.AnonymousAuthenticationFilter - Set SecurityContextHolder to anonymous SecurityContext
2026-09-20 03:01:16 [http-nio-8080-exec-6] [] DEBUG o.s.s.w.a.Http403ForbiddenEntryPoint - Pre-authenticated entry point called. Rejecting access
2026-09-20 03:01:16 [http-nio-8080-exec-6] [] DEBUG o.s.security.web.FilterChainProxy - Securing GET /error
2026-09-20 03:01:16 [http-nio-8080-exec-6] [] DEBUG o.s.s.w.a.AnonymousAuthenticationFilter - Set SecurityContextHolder to anonymous SecurityContext
2026-09-20 03:01:16 [http-nio-8080-exec-6] [] DEBUG o.s.s.w.a.Http403ForbiddenEntryPoint - Pre-authenticated entry point called. Rejecting access
2026-09-20 03:01:21 [http-nio-8080-exec-4] [] DEBUG o.s.security.web.FilterChainProxy - Securing GET /actuator/prometheus
2026-09-20 03:01:21 [http-nio-8080-exec-4] [] DEBUG o.s.s.w.a.AnonymousAuthenticationFilter - Set SecurityContextHolder to anonymous SecurityContext
2026-09-20 03:01:21 [http-nio-8080-exec-4] [] DEBUG o.s.s.w.a.Http403ForbiddenEntryPoint - Pre-authenticated entry point called. Rejecting access
2026-09-20 03:01:21 [http-nio-8080-exec-4] [] DEBUG o.s.security.web.FilterChainProxy - Securing GET /error
2026-09-20 03:01:21 [http-nio-8080-exec-4] [] DEBUG o.s.s.w.a.AnonymousAuthenticationFilter - Set SecurityContextHolder to anonymous SecurityContext
2026-09-20 03:01:21 [http-nio-8080-exec-4] [] DEBUG o.s.s.w.a.Http403ForbiddenEntryPoint - Pre-authenticated entry point called. Rejecting access
2026-09-20 03:01:26 [http-nio-8080-exec-10] [] DEBUG o.s.security.web.FilterChainProxy - Securing GET /actuator/prometheus
2026-09-20 03:01:26 [http-nio-8080-exec-10] [] DEBUG o.s.s.w.a.AnonymousAuthenticationFilter - Set SecurityContextHolder to anonymous SecurityContext
2026-09-20 03:01:26 [http-nio-8080-exec-10] [] DEBUG o.s.s.w.a.Http403ForbiddenEntryPoint - Pre-authenticated entry point called. Rejecting access
2026-09-20 03:01:26 [http-nio-8080-exec-10] [] DEBUG o.s.security.web.FilterChainProxy - Securing GET /error
2026-09-20 03:01:26 [http-nio-8080-exec-10] [] DEBUG o.s.s.w.a.AnonymousAuthenticationFilter - Set SecurityContextHolder to anonymous SecurityContext
2026-09-20 03:01:26 [http-nio-8080-exec-10] [] DEBUG o.s.s.w.a.Http403ForbiddenEntryPoint - Pre-authenticated entry point called. Rejecting access
2026-09-20 03:01:31 [http-nio-8080-exec-9] [] DEBUG o.s.security.web.FilterChainProxy - Securing GET /actuator/prometheus
2026-09-20 03:01:31 [http-nio-8080-exec-9] [] DEBUG o.s.s.w.a.AnonymousAuthenticationFilter - Set SecurityContextHolder to anonymous SecurityContext
2026-09-20 03:01:31 [http-nio-8080-exec-9] [] DEBUG o.s.s.w.a.Http403ForbiddenEntryPoint - Pre-authenticated entry point called. Rejecting access
2026-09-20 03:01:31 [http-nio-8080-exec-9] [] DEBUG o.s.security.web.FilterChainProxy - Securing GET /error
2026-09-20 03:01:31 [http-nio-8080-exec-9] [] DEBUG o.s.s.w.a.AnonymousAuthenticationFilter - Set SecurityContextHolder to anonymous SecurityContext
2026-09-20 03:01:31 [http-nio-8080-exec-9] [] DEBUG o.s.s.w.a.Http403ForbiddenEntryPoint - Pre-authenticated entry point called. Rejecting access
2026-09-20 03:01:36 [http-nio-8080-exec-3] [] DEBUG o.s.security.web.FilterChainProxy - Securing GET /actuator/prometheus
2026-09-20 03:01:36 [http-nio-8080-exec-3] [] DEBUG o.s.s.w.a.AnonymousAuthenticationFilter - Set SecurityContextHolder to anonymous SecurityContext
2026-09-20 03:01:36 [http-nio-8080-exec-3] [] DEBUG o.s.s.w.a.Http403ForbiddenEntryPoint - Pre-authenticated entry point called. Rejecting access
2026-09-20 03:01:36 [http-nio-8080-exec-3] [] DEBUG o.s.security.web.FilterChainProxy - Securing GET /error
2026-09-20 03:01:36 [http-nio-8080-exec-3] [] DEBUG o.s.s.w.a.AnonymousAuthenticationFilter - Set SecurityContextHolder to anonymous SecurityContext
2026-09-20 03:01:36 [http-nio-8080-exec-3] [] DEBUG o.s.s.w.a.Http403ForbiddenEntryPoint - Pre-authenticated entry point called. Rejecting access
2026-09-20 03:01:41 [http-nio-8080-exec-2] [] DEBUG o.s.security.web.FilterChainProxy - Securing GET /actuator/prometheus
2026-09-20 03:01:41 [http-nio-8080-exec-2] [] DEBUG o.s.s.w.a.AnonymousAuthenticationFilter - Set SecurityContextHolder to anonymous SecurityContext
2026-09-20 03:01:41 [http-nio-8080-exec-2] [] DEBUG o.s.s.w.a.Http403ForbiddenEntryPoint - Pre-authenticated entry point called. Rejecting access
2026-09-20 03:01:41 [http-nio-8080-exec-2] [] DEBUG o.s.security.web.FilterChainProxy - Securing GET /error
2026-09-20 03:01:41 [http-nio-8080-exec-2] [] DEBUG o.s.s.w.a.AnonymousAuthenticationFilter - Set SecurityContextHolder to anonymous SecurityContext
2026-09-20 03:01:41 [http-nio-8080-exec-2] [] DEBUG o.s.s.w.a.Http403ForbiddenEntryPoint - Pre-authenticated entry point called. Rejecting access
2026-09-20 03:01:46 [http-nio-8080-exec-5] [] DEBUG o.s.security.web.FilterChainProxy - Securing GET /actuator/prometheus
2026-09-20 03:01:46 [http-nio-8080-exec-5] [] DEBUG o.s.s.w.a.AnonymousAuthenticationFilter - Set SecurityContextHolder to anonymous SecurityContext
2026-09-20 03:01:46 [http-nio-8080-exec-5] [] DEBUG o.s.s.w.a.Http403ForbiddenEntryPoint - Pre-authenticated entry point called. Rejecting access
2026-09-20 03:01:46 [http-nio-8080-exec-5] [] DEBUG o.s.security.web.FilterChainProxy - Securing GET /error
2026-09-20 03:01:46 [http-nio-8080-exec-5] [] DEBUG o.s.s.w.a.AnonymousAuthenticationFilter - Set SecurityContextHolder to anonymous SecurityContext
2026-09-20 03:01:46 [http-nio-8080-exec-5] [] DEBUG o.s.s.w.a.Http403ForbiddenEntryPoint - Pre-authenticated entry point called. Rejecting access
2026-09-20 03:01:51 [http-nio-8080-exec-7] [] DEBUG o.s.security.web.FilterChainProxy - Securing GET /actuator/prometheus
2026-09-20 03:01:51 [http-nio-8080-exec-7] [] DEBUG o.s.s.w.a.AnonymousAuthenticationFilter - Set SecurityContextHolder to anonymous SecurityContext
2026-09-20 03:01:51 [http-nio-8080-exec-7] [] DEBUG o.s.s.w.a.Http403ForbiddenEntryPoint - Pre-authenticated entry point called. Rejecting access
2026-09-20 03:01:51 [http-nio-8080-exec-7] [] DEBUG o.s.security.web.FilterChainProxy - Securing GET /error
2026-09-20 03:01:51 [http-nio-8080-exec-7] [] DEBUG o.s.s.w.a.AnonymousAuthenticationFilter - Set SecurityContextHolder to anonymous SecurityContext
2026-09-20 03:01:51 [http-nio-8080-exec-7] [] DEBUG o.s.s.w.a.Http403ForbiddenEntryPoint - Pre-authenticated entry point called. Rejecting access
2026-09-20 03:01:56 [http-nio-8080-exec-8] [] DEBUG o.s.security.web.FilterChainProxy - Securing GET /actuator/prometheus
2026-09-20 03:01:56 [http-nio-8080-exec-8] [] DEBUG o.s.s.w.a.AnonymousAuthenticationFilter - Set SecurityContextHolder to anonymous SecurityContext
2026-09-20 03:01:56 [http-nio-8080-exec-8] [] DEBUG o.s.s.w.a.Http403ForbiddenEntryPoint - Pre-authenticated entry point called. Rejecting access
2026-09-20 03:01:56 [http-nio-8080-exec-8] [] DEBUG o.s.security.web.FilterChainProxy - Securing GET /error
2026-09-20 03:01:56 [http-nio-8080-exec-8] [] DEBUG o.s.s.w.a.AnonymousAuthenticationFilter - Set SecurityContextHolder to anonymous SecurityContext
2026-09-20 03:01:56 [http-nio-8080-exec-8] [] DEBUG o.s.s.w.a.Http403ForbiddenEntryPoint - Pre-authenticated entry point called. Rejecting access
2026-09-20 03:02:01 [http-nio-8080-exec-1] [] DEBUG o.s.security.web.FilterChainProxy - Securing GET /actuator/prometheus
2026-09-20 03:02:01 [http-nio-8080-exec-1] [] DEBUG o.s.s.w.a.AnonymousAuthenticationFilter - Set SecurityContextHolder to anonymous SecurityContext
2026-09-20 03:02:01 [http-nio-8080-exec-1] [] DEBUG o.s.s.w.a.Http403ForbiddenEntryPoint - Pre-authenticated entry point called. Rejecting access
2026-09-20 03:02:01 [http-nio-8080-exec-1] [] DEBUG o.s.security.web.FilterChainProxy - Securing GET /error
2026-09-20 03:02:01 [http-nio-8080-exec-1] [] DEBUG o.s.s.w.a.AnonymousAuthenticationFilter - Set SecurityContextHolder to anonymous SecurityContext
2026-09-20 03:02:01 [http-nio-8080-exec-1] [] DEBUG o.s.s.w.a.Http403ForbiddenEntryPoint - Pre-authenticated entry point called. Rejecting access
2026-09-20 03:02:01 [http-nio-8080-exec-6] [] DEBUG o.s.security.web.FilterChainProxy - Securing GET /api/v1/conferences?search=
2026-09-20 03:02:01 [http-nio-8080-exec-6] [] DEBUG c.j.i.s.JwtAuthenticationFilter - Authenticated user: cccccccc-cccc-cccc-cccc-ccccccccccc1, URI: /api/v1/conferences
2026-09-20 03:02:01 [http-nio-8080-exec-6] [] DEBUG o.s.security.web.FilterChainProxy - Secured GET /api/v1/conferences?search=
2026-09-20 03:02:01 [http-nio-8080-exec-6] [] DEBUG o.s.s.a.m.AuthorizationManagerBeforeMethodInterceptor - Authorizing method invocation ReflectiveMethodInvocation: public org.springframework.http.ResponseEntity com.jmp.api.controller.ConferenceController.listConferences(org.springframework.data.domain.Pageable,java.lang.String,org.springframework.security.core.Authentication); target is of class [com.jmp.api.controller.ConferenceController]
2026-09-20 03:02:01 [http-nio-8080-exec-6] [] DEBUG o.s.s.a.m.AuthorizationManagerBeforeMethodInterceptor - Authorized method invocation ReflectiveMethodInvocation: public org.springframework.http.ResponseEntity com.jmp.api.controller.ConferenceController.listConferences(org.springframework.data.domain.Pageable,java.lang.String,org.springframework.security.core.Authentication); target is of class [com.jmp.api.controller.ConferenceController]
2026-09-20 03:02:01 [http-nio-8080-exec-4] [] DEBUG o.s.security.web.FilterChainProxy - Securing GET /api/v1/conferences?search=
2026-09-20 03:02:01 [http-nio-8080-exec-4] [] DEBUG c.j.i.s.JwtAuthenticationFilter - Authenticated user: cccccccc-cccc-cccc-cccc-ccccccccccc1, URI: /api/v1/conferences
2026-09-20 03:02:01 [http-nio-8080-exec-4] [] DEBUG o.s.security.web.FilterChainProxy - Secured GET /api/v1/conferences?search=
2026-09-20 03:02:01 [http-nio-8080-exec-4] [] DEBUG o.s.s.a.m.AuthorizationManagerBeforeMethodInterceptor - Authorizing method invocation ReflectiveMethodInvocation: public org.springframework.http.ResponseEntity com.jmp.api.controller.ConferenceController.listConferences(org.springframework.data.domain.Pageable,java.lang.String,org.springframework.security.core.Authentication); target is of class [com.jmp.api.controller.ConferenceController]
2026-09-20 03:02:01 [http-nio-8080-exec-4] [] DEBUG o.s.s.a.m.AuthorizationManagerBeforeMethodInterceptor - Authorized method invocation ReflectiveMethodInvocation: public org.springframework.http.ResponseEntity com.jmp.api.controller.ConferenceController.listConferences(org.springframework.data.domain.Pageable,java.lang.String,org.springframework.security.core.Authentication); target is of class [com.jmp.api.controller.ConferenceController]
2026-09-20 03:02:05 [http-nio-8080-exec-10] [] DEBUG o.s.security.web.FilterChainProxy - Securing GET /api/v1/tenants
2026-09-20 03:02:05 [http-nio-8080-exec-10] [] DEBUG c.j.i.s.JwtAuthenticationFilter - Authenticated user: cccccccc-cccc-cccc-cccc-ccccccccccc1, URI: /api/v1/tenants
2026-09-20 03:02:05 [http-nio-8080-exec-10] [] DEBUG o.s.security.web.FilterChainProxy - Secured GET /api/v1/tenants
2026-09-20 03:02:05 [http-nio-8080-exec-10] [] DEBUG o.s.s.a.m.AuthorizationManagerBeforeMethodInterceptor - Authorizing method invocation ReflectiveMethodInvocation: public org.springframework.http.ResponseEntity com.jmp.api.controller.TenantController.listTenants(org.springframework.data.domain.Pageable,java.lang.String); target is of class [com.jmp.api.controller.TenantController]
2026-09-20 03:02:05 [http-nio-8080-exec-10] [] DEBUG o.s.s.a.m.AuthorizationManagerBeforeMethodInterceptor - Authorized method invocation ReflectiveMethodInvocation: public org.springframework.http.ResponseEntity com.jmp.api.controller.TenantController.listTenants(org.springframework.data.domain.Pageable,java.lang.String); target is of class [com.jmp.api.controller.TenantController]
2026-09-20 03:02:06 [http-nio-8080-exec-9] [] DEBUG o.s.security.web.FilterChainProxy - Securing GET /api/v1/tenants
2026-09-20 03:02:06 [http-nio-8080-exec-9] [] DEBUG c.j.i.s.JwtAuthenticationFilter - Authenticated user: cccccccc-cccc-cccc-cccc-ccccccccccc1, URI: /api/v1/tenants
2026-09-20 03:02:06 [http-nio-8080-exec-9] [] DEBUG o.s.security.web.FilterChainProxy - Secured GET /api/v1/tenants
2026-09-20 03:02:06 [http-nio-8080-exec-9] [] DEBUG o.s.s.a.m.AuthorizationManagerBeforeMethodInterceptor - Authorizing method invocation ReflectiveMethodInvocation: public org.springframework.http.ResponseEntity com.jmp.api.controller.TenantController.listTenants(org.springframework.data.domain.Pageable,java.lang.String); target is of class [com.jmp.api.controller.TenantController]
2026-09-20 03:02:06 [http-nio-8080-exec-9] [] DEBUG o.s.s.a.m.AuthorizationManagerBeforeMethodInterceptor - Authorized method invocation ReflectiveMethodInvocation: public org.springframework.http.ResponseEntity com.jmp.api.controller.TenantController.listTenants(org.springframework.data.domain.Pageable,java.lang.String); target is of class [com.jmp.api.controller.TenantController]
2026-09-20 03:02:06 [http-nio-8080-exec-3] [] DEBUG o.s.security.web.FilterChainProxy - Securing GET /actuator/prometheus
2026-09-20 03:02:06 [http-nio-8080-exec-3] [] DEBUG o.s.s.w.a.AnonymousAuthenticationFilter - Set SecurityContextHolder to anonymous SecurityContext
2026-09-20 03:02:06 [http-nio-8080-exec-3] [] DEBUG o.s.s.w.a.Http403ForbiddenEntryPoint - Pre-authenticated entry point called. Rejecting access
2026-09-20 03:02:06 [http-nio-8080-exec-3] [] DEBUG o.s.security.web.FilterChainProxy - Securing GET /error
2026-09-20 03:02:06 [http-nio-8080-exec-3] [] DEBUG o.s.s.w.a.AnonymousAuthenticationFilter - Set SecurityContextHolder to anonymous SecurityContext
2026-09-20 03:02:06 [http-nio-8080-exec-3] [] DEBUG o.s.s.w.a.Http403ForbiddenEntryPoint - Pre-authenticated entry point called. Rejecting access
2026-09-20 03:02:11 [http-nio-8080-exec-2] [] DEBUG o.s.security.web.FilterChainProxy - Securing GET /actuator/prometheus
2026-09-20 03:02:11 [http-nio-8080-exec-2] [] DEBUG o.s.s.w.a.AnonymousAuthenticationFilter - Set SecurityContextHolder to anonymous SecurityContext
2026-09-20 03:02:11 [http-nio-8080-exec-2] [] DEBUG o.s.s.w.a.Http403ForbiddenEntryPoint - Pre-authenticated entry point called. Rejecting access
2026-09-20 03:02:11 [http-nio-8080-exec-2] [] DEBUG o.s.security.web.FilterChainProxy - Securing GET /error
2026-09-20 03:02:11 [http-nio-8080-exec-2] [] DEBUG o.s.s.w.a.AnonymousAuthenticationFilter - Set SecurityContextHolder to anonymous SecurityContext
2026-09-20 03:02:11 [http-nio-8080-exec-2] [] DEBUG o.s.s.w.a.Http403ForbiddenEntryPoint - Pre-authenticated entry point called. Rejecting access
2026-09-20 03:02:13 [http-nio-8080-exec-5] [] DEBUG o.s.security.web.FilterChainProxy - Securing GET /api/v1/users?search=
2026-09-20 03:02:13 [http-nio-8080-exec-5] [] DEBUG c.j.i.s.JwtAuthenticationFilter - Authenticated user: cccccccc-cccc-cccc-cccc-ccccccccccc1, URI: /api/v1/users
2026-09-20 03:02:13 [http-nio-8080-exec-5] [] DEBUG o.s.security.web.FilterChainProxy - Secured GET /api/v1/users?search=
2026-09-20 03:02:13 [http-nio-8080-exec-5] [] DEBUG o.s.s.a.m.AuthorizationManagerBeforeMethodInterceptor - Authorizing method invocation ReflectiveMethodInvocation: public org.springframework.http.ResponseEntity com.jmp.api.controller.UserController.listUsers(org.springframework.data.domain.Pageable,java.lang.String,org.springframework.security.core.Authentication); target is of class [com.jmp.api.controller.UserController]
2026-09-20 03:02:13 [http-nio-8080-exec-5] [] DEBUG o.s.s.a.m.AuthorizationManagerBeforeMethodInterceptor - Authorized method invocation ReflectiveMethodInvocation: public org.springframework.http.ResponseEntity com.jmp.api.controller.UserController.listUsers(org.springframework.data.domain.Pageable,java.lang.String,org.springframework.security.core.Authentication); target is of class [com.jmp.api.controller.UserController]
2026-09-20 03:02:13 [http-nio-8080-exec-5] [] WARN  org.hibernate.orm.query - HHH90003004: firstResult/maxResults specified with collection fetch; applying in memory
2026-09-20 03:02:13 [http-nio-8080-exec-5] [] DEBUG o.s.security.web.FilterChainProxy - Securing GET /api/v1/users?search=
2026-09-20 03:02:13 [http-nio-8080-exec-5] [] DEBUG c.j.i.s.JwtAuthenticationFilter - Authenticated user: cccccccc-cccc-cccc-cccc-ccccccccccc1, URI: /api/v1/users
2026-09-20 03:02:13 [http-nio-8080-exec-5] [] DEBUG o.s.security.web.FilterChainProxy - Secured GET /api/v1/users?search=
2026-09-20 03:02:13 [http-nio-8080-exec-5] [] DEBUG o.s.s.a.m.AuthorizationManagerBeforeMethodInterceptor - Authorizing method invocation ReflectiveMethodInvocation: public org.springframework.http.ResponseEntity com.jmp.api.controller.UserController.listUsers(org.springframework.data.domain.Pageable,java.lang.String,org.springframework.security.core.Authentication); target is of class [com.jmp.api.controller.UserController]
2026-09-20 03:02:13 [http-nio-8080-exec-5] [] DEBUG o.s.s.a.m.AuthorizationManagerBeforeMethodInterceptor - Authorized method invocation ReflectiveMethodInvocation: public org.springframework.http.ResponseEntity com.jmp.api.controller.UserController.listUsers(org.springframework.data.domain.Pageable,java.lang.String,org.springframework.security.core.Authentication); target is of class [com.jmp.api.controller.UserController]
2026-09-20 03:02:13 [http-nio-8080-exec-5] [] WARN  org.hibernate.orm.query - HHH90003004: firstResult/maxResults specified with collection fetch; applying in memory
2026-09-20 03:02:16 [http-nio-8080-exec-8] [] DEBUG o.s.security.web.FilterChainProxy - Securing GET /actuator/prometheus
2026-09-20 03:02:16 [http-nio-8080-exec-8] [] DEBUG o.s.s.w.a.AnonymousAuthenticationFilter - Set SecurityContextHolder to anonymous SecurityContext
2026-09-20 03:02:16 [http-nio-8080-exec-8] [] DEBUG o.s.s.w.a.Http403ForbiddenEntryPoint - Pre-authenticated entry point called. Rejecting access
2026-09-20 03:02:16 [http-nio-8080-exec-8] [] DEBUG o.s.security.web.FilterChainProxy - Securing GET /error
2026-09-20 03:02:16 [http-nio-8080-exec-8] [] DEBUG o.s.s.w.a.AnonymousAuthenticationFilter - Set SecurityContextHolder to anonymous SecurityContext
2026-09-20 03:02:16 [http-nio-8080-exec-8] [] DEBUG o.s.s.w.a.Http403ForbiddenEntryPoint - Pre-authenticated entry point called. Rejecting access
2026-09-20 03:02:17 [http-nio-8080-exec-6] [] DEBUG o.s.security.web.FilterChainProxy - Securing GET /api/v1/recordings?page=0&size=20
2026-09-20 03:02:17 [http-nio-8080-exec-1] [] DEBUG o.s.security.web.FilterChainProxy - Securing GET /api/v1/recordings/stats/storage
2026-09-20 03:02:17 [http-nio-8080-exec-1] [] DEBUG c.j.i.s.JwtAuthenticationFilter - Authenticated user: cccccccc-cccc-cccc-cccc-ccccccccccc1, URI: /api/v1/recordings/stats/storage
2026-09-20 03:02:17 [http-nio-8080-exec-1] [] DEBUG o.s.security.web.FilterChainProxy - Secured GET /api/v1/recordings/stats/storage
2026-09-20 03:02:17 [http-nio-8080-exec-6] [] DEBUG c.j.i.s.JwtAuthenticationFilter - Authenticated user: cccccccc-cccc-cccc-cccc-ccccccccccc1, URI: /api/v1/recordings
2026-09-20 03:02:17 [http-nio-8080-exec-6] [] DEBUG o.s.security.web.FilterChainProxy - Secured GET /api/v1/recordings?page=0&size=20
2026-09-20 03:02:17 [http-nio-8080-exec-6] [] DEBUG o.s.s.a.m.AuthorizationManagerBeforeMethodInterceptor - Authorizing method invocation ReflectiveMethodInvocation: public org.springframework.http.ResponseEntity com.jmp.api.controller.RecordingController.listRecordings(org.springframework.data.domain.Pageable,java.lang.String,org.springframework.security.core.Authentication); target is of class [com.jmp.api.controller.RecordingController]
2026-09-20 03:02:17 [http-nio-8080-exec-1] [] DEBUG o.s.s.a.m.AuthorizationManagerBeforeMethodInterceptor - Authorizing method invocation ReflectiveMethodInvocation: public org.springframework.http.ResponseEntity com.jmp.api.controller.RecordingController.getStorageStats(org.springframework.security.core.Authentication); target is of class [com.jmp.api.controller.RecordingController]
2026-09-20 03:02:17 [http-nio-8080-exec-6] [] DEBUG o.s.s.a.m.AuthorizationManagerBeforeMethodInterceptor - Authorized method invocation ReflectiveMethodInvocation: public org.springframework.http.ResponseEntity com.jmp.api.controller.RecordingController.listRecordings(org.springframework.data.domain.Pageable,java.lang.String,org.springframework.security.core.Authentication); target is of class [com.jmp.api.controller.RecordingController]
2026-09-20 03:02:17 [http-nio-8080-exec-1] [] DEBUG o.s.s.a.m.AuthorizationManagerBeforeMethodInterceptor - Authorized method invocation ReflectiveMethodInvocation: public org.springframework.http.ResponseEntity com.jmp.api.controller.RecordingController.getStorageStats(org.springframework.security.core.Authentication); target is of class [com.jmp.api.controller.RecordingController]
2026-09-20 03:02:17 [http-nio-8080-exec-4] [] DEBUG o.s.security.web.FilterChainProxy - Securing GET /api/v1/recordings?page=0&size=20
2026-09-20 03:02:17 [http-nio-8080-exec-4] [] DEBUG c.j.i.s.JwtAuthenticationFilter - Authenticated user: cccccccc-cccc-cccc-cccc-ccccccccccc1, URI: /api/v1/recordings
2026-09-20 03:02:17 [http-nio-8080-exec-4] [] DEBUG o.s.security.web.FilterChainProxy - Secured GET /api/v1/recordings?page=0&size=20
2026-09-20 03:02:17 [http-nio-8080-exec-4] [] DEBUG o.s.s.a.m.AuthorizationManagerBeforeMethodInterceptor - Authorizing method invocation ReflectiveMethodInvocation: public org.springframework.http.ResponseEntity com.jmp.api.controller.RecordingController.listRecordings(org.springframework.data.domain.Pageable,java.lang.String,org.springframework.security.core.Authentication); target is of class [com.jmp.api.controller.RecordingController]
2026-09-20 03:02:17 [http-nio-8080-exec-4] [] DEBUG o.s.s.a.m.AuthorizationManagerBeforeMethodInterceptor - Authorized method invocation ReflectiveMethodInvocation: public org.springframework.http.ResponseEntity com.jmp.api.controller.RecordingController.listRecordings(org.springframework.data.domain.Pageable,java.lang.String,org.springframework.security.core.Authentication); target is of class [com.jmp.api.controller.RecordingController]
2026-09-20 03:02:17 [http-nio-8080-exec-10] [] DEBUG o.s.security.web.FilterChainProxy - Securing GET /api/v1/recordings/stats/storage
2026-09-20 03:02:17 [http-nio-8080-exec-10] [] DEBUG c.j.i.s.JwtAuthenticationFilter - Authenticated user: cccccccc-cccc-cccc-cccc-ccccccccccc1, URI: /api/v1/recordings/stats/storage
2026-09-20 03:02:17 [http-nio-8080-exec-10] [] DEBUG o.s.security.web.FilterChainProxy - Secured GET /api/v1/recordings/stats/storage
2026-09-20 03:02:17 [http-nio-8080-exec-10] [] DEBUG o.s.s.a.m.AuthorizationManagerBeforeMethodInterceptor - Authorizing method invocation ReflectiveMethodInvocation: public org.springframework.http.ResponseEntity com.jmp.api.controller.RecordingController.getStorageStats(org.springframework.security.core.Authentication); target is of class [com.jmp.api.controller.RecordingController]
2026-09-20 03:02:17 [http-nio-8080-exec-10] [] DEBUG o.s.s.a.m.AuthorizationManagerBeforeMethodInterceptor - Authorized method invocation ReflectiveMethodInvocation: public org.springframework.http.ResponseEntity com.jmp.api.controller.RecordingController.getStorageStats(org.springframework.security.core.Authentication); target is of class [com.jmp.api.controller.RecordingController]
2026-09-20 03:02:19 [http-nio-8080-exec-9] [] DEBUG o.s.security.web.FilterChainProxy - Securing GET /api/v1/analytics/dashboard
2026-09-20 03:02:19 [http-nio-8080-exec-3] [] DEBUG o.s.security.web.FilterChainProxy - Securing GET /api/v1/analytics/usage-report?startDate=2026-08-21T00:02&endDate=2026-09-20T00:02
2026-09-20 03:02:19 [http-nio-8080-exec-2] [] DEBUG o.s.security.web.FilterChainProxy - Securing GET /api/v1/analytics/participants?startDate=2026-08-21T00:02&endDate=2026-09-20T00:02
2026-09-20 03:02:19 [http-nio-8080-exec-7] [] DEBUG o.s.security.web.FilterChainProxy - Securing GET /api/v1/analytics/recordings?startDate=2026-08-21T00:02&endDate=2026-09-20T00:02
2026-09-20 03:02:19 [http-nio-8080-exec-2] [] DEBUG c.j.i.s.JwtAuthenticationFilter - Authenticated user: cccccccc-cccc-cccc-cccc-ccccccccccc1, URI: /api/v1/analytics/participants
2026-09-20 03:02:19 [http-nio-8080-exec-2] [] DEBUG o.s.security.web.FilterChainProxy - Secured GET /api/v1/analytics/participants?startDate=2026-08-21T00:02&endDate=2026-09-20T00:02
2026-09-20 03:02:19 [http-nio-8080-exec-3] [] DEBUG c.j.i.s.JwtAuthenticationFilter - Authenticated user: cccccccc-cccc-cccc-cccc-ccccccccccc1, URI: /api/v1/analytics/usage-report
2026-09-20 03:02:19 [http-nio-8080-exec-9] [] DEBUG c.j.i.s.JwtAuthenticationFilter - Authenticated user: cccccccc-cccc-cccc-cccc-ccccccccccc1, URI: /api/v1/analytics/dashboard
2026-09-20 03:02:19 [http-nio-8080-exec-3] [] DEBUG o.s.security.web.FilterChainProxy - Secured GET /api/v1/analytics/usage-report?startDate=2026-08-21T00:02&endDate=2026-09-20T00:02
2026-09-20 03:02:19 [http-nio-8080-exec-9] [] DEBUG o.s.security.web.FilterChainProxy - Secured GET /api/v1/analytics/dashboard
2026-09-20 03:02:19 [http-nio-8080-exec-9] [] DEBUG o.s.s.a.m.AuthorizationManagerBeforeMethodInterceptor - Authorizing method invocation ReflectiveMethodInvocation: public org.springframework.http.ResponseEntity com.jmp.api.controller.AnalyticsController.getDashboardMetrics(org.springframework.security.core.Authentication); target is of class [com.jmp.api.controller.AnalyticsController]
2026-09-20 03:02:19 [http-nio-8080-exec-9] [] DEBUG o.s.s.a.m.AuthorizationManagerBeforeMethodInterceptor - Authorized method invocation ReflectiveMethodInvocation: public org.springframework.http.ResponseEntity com.jmp.api.controller.AnalyticsController.getDashboardMetrics(org.springframework.security.core.Authentication); target is of class [com.jmp.api.controller.AnalyticsController]
2026-09-20 03:02:19 [http-nio-8080-exec-2] [] ERROR c.j.a.advice.GlobalExceptionHandler - Unexpected error: Method parameter 'startDate': Failed to convert value of type 'java.lang.String' to required type 'java.time.Instant'; Failed to convert from type [java.lang.String] to type [@org.springframework.web.bind.annotation.RequestParam @org.springframework.format.annotation.DateTimeFormat java.time.Instant] for value [2026-08-21T00:02]
org.springframework.web.method.annotation.MethodArgumentTypeMismatchException: Method parameter 'startDate': Failed to convert value of type 'java.lang.String' to required type 'java.time.Instant'; Failed to convert from type [java.lang.String] to type [@org.springframework.web.bind.annotation.RequestParam @org.springframework.format.annotation.DateTimeFormat java.time.Instant] for value [2026-08-21T00:02]
	at org.springframework.web.method.annotation.AbstractNamedValueMethodArgumentResolver.convertIfNecessary(AbstractNamedValueMethodArgumentResolver.java:301)
	at org.springframework.web.method.annotation.AbstractNamedValueMethodArgumentResolver.resolveArgument(AbstractNamedValueMethodArgumentResolver.java:136)
	at org.springframework.web.method.support.HandlerMethodArgumentResolverComposite.resolveArgument(HandlerMethodArgumentResolverComposite.java:122)
	at org.springframework.web.method.support.InvocableHandlerMethod.getMethodArgumentValues(InvocableHandlerMethod.java:227)
	at org.springframework.web.method.support.InvocableHandlerMethod.invokeForRequest(InvocableHandlerMethod.java:181)
	at org.springframework.web.servlet.mvc.method.annotation.ServletInvocableHandlerMethod.invokeAndHandle(ServletInvocableHandlerMethod.java:118)
	at org.springframework.web.servlet.mvc.method.annotation.RequestMappingHandlerAdapter.invokeHandlerMethod(RequestMappingHandlerAdapter.java:991)
	at org.springframework.web.servlet.mvc.method.annotation.RequestMappingHandlerAdapter.handleInternal(RequestMappingHandlerAdapter.java:896)
	at org.springframework.web.servlet.mvc.method.AbstractHandlerMethodAdapter.handle(AbstractHandlerMethodAdapter.java:87)
	at org.springframework.web.servlet.DispatcherServlet.doDispatch(DispatcherServlet.java:1089)
	at org.springframework.web.servlet.DispatcherServlet.doService(DispatcherServlet.java:979)
	at org.springframework.web.servlet.FrameworkServlet.processRequest(FrameworkServlet.java:1014)
	at org.springframework.web.servlet.FrameworkServlet.doGet(FrameworkServlet.java:903)
	at jakarta.servlet.http.HttpServlet.service(HttpServlet.java:564)
	at org.springframework.web.servlet.FrameworkServlet.service(FrameworkServlet.java:885)
	at jakarta.servlet.http.HttpServlet.service(HttpServlet.java:658)
	at org.apache.catalina.core.ApplicationFilterChain.internalDoFilter(ApplicationFilterChain.java:193)
	at org.apache.catalina.core.ApplicationFilterChain.doFilter(ApplicationFilterChain.java:138)
	at org.apache.tomcat.websocket.server.WsFilter.doFilter(WsFilter.java:51)
	at org.apache.catalina.core.ApplicationFilterChain.internalDoFilter(ApplicationFilterChain.java:162)
	at org.apache.catalina.core.ApplicationFilterChain.doFilter(ApplicationFilterChain.java:138)
	at org.springframework.web.filter.OncePerRequestFilter.doFilter(OncePerRequestFilter.java:110)
	at org.apache.catalina.core.ApplicationFilterChain.internalDoFilter(ApplicationFilterChain.java:162)
	at org.apache.catalina.core.ApplicationFilterChain.doFilter(ApplicationFilterChain.java:138)
	at org.springframework.web.filter.CompositeFilter$VirtualFilterChain.doFilter(CompositeFilter.java:108)
	at org.springframework.web.filter.CompositeFilter$VirtualFilterChain.doFilter(CompositeFilter.java:108)
	at org.springframework.security.web.FilterChainProxy.lambda$doFilterInternal$3(FilterChainProxy.java:231)
	at org.springframework.security.web.ObservationFilterChainDecorator$FilterObservation$SimpleFilterObservation.lambda$wrap$1(ObservationFilterChainDecorator.java:490)
	at org.springframework.security.web.ObservationFilterChainDecorator$AroundFilterObservation$SimpleAroundFilterObservation.lambda$wrap$1(ObservationFilterChainDecorator.java:351)
	at org.springframework.security.web.ObservationFilterChainDecorator.lambda$wrapSecured$0(ObservationFilterChainDecorator.java:83)
	at org.springframework.security.web.ObservationFilterChainDecorator$VirtualFilterChain.doFilter(ObservationFilterChainDecorator.java:129)
	at org.springframework.security.web.access.intercept.AuthorizationFilter.doFilter(AuthorizationFilter.java:101)
	at org.springframework.security.web.ObservationFilterChainDecorator$ObservationFilter.wrapFilter(ObservationFilterChainDecorator.java:241)
	at org.springframework.security.web.ObservationFilterChainDecorator$ObservationFilter.doFilter(ObservationFilterChainDecorator.java:228)
	at org.springframework.security.web.ObservationFilterChainDecorator$VirtualFilterChain.doFilter(ObservationFilterChainDecorator.java:138)
	at org.springframework.security.web.access.ExceptionTranslationFilter.doFilter(ExceptionTranslationFilter.java:125)
	at org.springframework.security.web.access.ExceptionTranslationFilter.doFilter(ExceptionTranslationFilter.java:119)
	at org.springframework.security.web.ObservationFilterChainDecorator$ObservationFilter.wrapFilter(ObservationFilterChainDecorator.java:241)
	at org.springframework.security.web.ObservationFilterChainDecorator$ObservationFilter.doFilter(ObservationFilterChainDecorator.java:228)
	at org.springframework.security.web.ObservationFilterChainDecorator$VirtualFilterChain.doFilter(ObservationFilterChainDecorator.java:138)
	at org.springframework.security.web.session.SessionManagementFilter.doFilter(SessionManagementFilter.java:131)
	at org.springframework.security.web.session.SessionManagementFilter.doFilter(SessionManagementFilter.java:85)
	at org.springframework.security.web.ObservationFilterChainDecorator$ObservationFilter.wrapFilter(ObservationFilterChainDecorator.java:241)
	at org.springframework.security.web.ObservationFilterChainDecorator$ObservationFilter.doFilter(ObservationFilterChainDecorator.java:228)
	at org.springframework.security.web.ObservationFilterChainDecorator$VirtualFilterChain.doFilter(ObservationFilterChainDecorator.java:138)
	at org.springframework.security.web.authentication.AnonymousAuthenticationFilter.doFilter(AnonymousAuthenticationFilter.java:100)
	at org.springframework.security.web.ObservationFilterChainDecorator$ObservationFilter.wrapFilter(ObservationFilterChainDecorator.java:241)
	at org.springframework.security.web.ObservationFilterChainDecorator$ObservationFilter.doFilter(ObservationFilterChainDecorator.java:228)
	at org.springframework.security.web.ObservationFilterChainDecorator$VirtualFilterChain.doFilter(ObservationFilterChainDecorator.java:138)
	at org.springframework.security.web.servletapi.SecurityContextHolderAwareRequestFilter.doFilter(SecurityContextHolderAwareRequestFilter.java:179)
	at org.springframework.security.web.ObservationFilterChainDecorator$ObservationFilter.wrapFilter(ObservationFilterChainDecorator.java:241)
	at org.springframework.security.web.ObservationFilterChainDecorator$ObservationFilter.doFilter(ObservationFilterChainDecorator.java:228)
	at org.springframework.security.web.ObservationFilterChainDecorator$VirtualFilterChain.doFilter(ObservationFilterChainDecorator.java:138)
	at org.springframework.security.web.savedrequest.RequestCacheAwareFilter.doFilter(RequestCacheAwareFilter.java:63)
	at org.springframework.security.web.ObservationFilterChainDecorator$ObservationFilter.wrapFilter(ObservationFilterChainDecorator.java:241)
	at org.springframework.security.web.ObservationFilterChainDecorator$ObservationFilter.doFilter(ObservationFilterChainDecorator.java:228)
	at org.springframework.security.web.ObservationFilterChainDecorator$VirtualFilterChain.doFilter(ObservationFilterChainDecorator.java:138)
	at com.jmp.infrastructure.security.JwtAuthenticationFilter.doFilterInternal(JwtAuthenticationFilter.java:75)
	at org.springframework.web.filter.OncePerRequestFilter.doFilter(OncePerRequestFilter.java:116)
	at org.springframework.security.web.ObservationFilterChainDecorator$ObservationFilter.wrapFilter(ObservationFilterChainDecorator.java:241)
	at org.springframework.security.web.ObservationFilterChainDecorator$ObservationFilter.doFilter(ObservationFilterChainDecorator.java:228)
	at org.springframework.security.web.ObservationFilterChainDecorator$VirtualFilterChain.doFilter(ObservationFilterChainDecorator.java:138)
	at org.springframework.security.web.authentication.logout.LogoutFilter.doFilter(LogoutFilter.java:107)
	at org.springframework.security.web.authentication.logout.LogoutFilter.doFilter(LogoutFilter.java:93)
	at org.springframework.security.web.ObservationFilterChainDecorator$ObservationFilter.wrapFilter(ObservationFilterChainDecorator.java:241)
	at org.springframework.security.web.ObservationFilterChainDecorator$ObservationFilter.doFilter(ObservationFilterChainDecorator.java:228)
	at org.springframework.security.web.ObservationFilterChainDecorator$VirtualFilterChain.doFilter(ObservationFilterChainDecorator.java:138)
	at org.springframework.web.filter.CorsFilter.doFilterInternal(CorsFilter.java:91)
	at org.springframework.web.filter.OncePerRequestFilter.doFilter(OncePerRequestFilter.java:116)
	at org.springframework.security.web.ObservationFilterChainDecorator$ObservationFilter.wrapFilter(ObservationFilterChainDecorator.java:241)
	at org.springframework.security.web.ObservationFilterChainDecorator$ObservationFilter.doFilter(ObservationFilterChainDecorator.java:228)
	at org.springframework.security.web.ObservationFilterChainDecorator$VirtualFilterChain.doFilter(ObservationFilterChainDecorator.java:138)
	at org.springframework.security.web.header.HeaderWriterFilter.doHeadersAfter(HeaderWriterFilter.java:90)
	at org.springframework.security.web.header.HeaderWriterFilter.doFilterInternal(HeaderWriterFilter.java:75)
	at org.springframework.web.filter.OncePerRequestFilter.doFilter(OncePerRequestFilter.java:116)
	at org.springframework.security.web.ObservationFilterChainDecorator$ObservationFilter.wrapFilter(ObservationFilterChainDecorator.java:241)
	at org.springframework.security.web.ObservationFilterChainDecorator$ObservationFilter.doFilter(ObservationFilterChainDecorator.java:228)
	at org.springframework.security.web.ObservationFilterChainDecorator$VirtualFilterChain.doFilter(ObservationFilterChainDecorator.java:138)
	at org.springframework.security.web.context.SecurityContextHolderFilter.doFilter(SecurityContextHolderFilter.java:82)
	at org.springframework.security.web.context.SecurityContextHolderFilter.doFilter(SecurityContextHolderFilter.java:69)
	at org.springframework.security.web.ObservationFilterChainDecorator$ObservationFilter.wrapFilter(ObservationFilterChainDecorator.java:241)
	at org.springframework.security.web.ObservationFilterChainDecorator$ObservationFilter.doFilter(ObservationFilterChainDecorator.java:228)
	at org.springframework.security.web.ObservationFilterChainDecorator$VirtualFilterChain.doFilter(ObservationFilterChainDecorator.java:138)
	at org.springframework.security.web.context.request.async.WebAsyncManagerIntegrationFilter.doFilterInternal(WebAsyncManagerIntegrationFilter.java:62)
	at org.springframework.web.filter.OncePerRequestFilter.doFilter(OncePerRequestFilter.java:116)
	at org.springframework.security.web.ObservationFilterChainDecorator$ObservationFilter.wrapFilter(ObservationFilterChainDecorator.java:241)
	at org.springframework.security.web.ObservationFilterChainDecorator$ObservationFilter.doFilter(ObservationFilterChainDecorator.java:228)
	at org.springframework.security.web.ObservationFilterChainDecorator$VirtualFilterChain.doFilter(ObservationFilterChainDecorator.java:138)
	at org.springframework.security.web.session.DisableEncodeUrlFilter.doFilterInternal(DisableEncodeUrlFilter.java:42)
	at org.springframework.web.filter.OncePerRequestFilter.doFilter(OncePerRequestFilter.java:116)
	at org.springframework.security.web.ObservationFilterChainDecorator$ObservationFilter.wrapFilter(ObservationFilterChainDecorator.java:241)
	at org.springframework.security.web.ObservationFilterChainDecorator$AroundFilterObservation$SimpleAroundFilterObservation.lambda$wrap$0(ObservationFilterChainDecorator.java:334)
	at org.springframework.security.web.ObservationFilterChainDecorator$ObservationFilter.doFilter(ObservationFilterChainDecorator.java:225)
	at org.springframework.security.web.ObservationFilterChainDecorator$VirtualFilterChain.doFilter(ObservationFilterChainDecorator.java:138)
	at org.springframework.security.web.FilterChainProxy.doFilterInternal(FilterChainProxy.java:233)
	at org.springframework.security.web.FilterChainProxy.doFilter(FilterChainProxy.java:191)
	at org.springframework.web.filter.CompositeFilter$VirtualFilterChain.doFilter(CompositeFilter.java:113)
	at org.springframework.web.filter.ServletRequestPathFilter.doFilter(ServletRequestPathFilter.java:52)
	at org.springframework.web.filter.CompositeFilter$VirtualFilterChain.doFilter(CompositeFilter.java:113)
	at org.springframework.web.filter.CompositeFilter.doFilter(CompositeFilter.java:74)
	at org.springframework.security.config.annotation.web.configuration.WebSecurityConfiguration$CompositeFilterChainProxy.doFilter(WebSecurityConfiguration.java:319)
	at org.springframework.web.filter.CompositeFilter$VirtualFilterChain.doFilter(CompositeFilter.java:113)
	at org.springframework.web.servlet.handler.HandlerMappingIntrospector.lambda$createCacheFilter$4(HandlerMappingIntrospector.java:267)
	at org.springframework.web.filter.CompositeFilter$VirtualFilterChain.doFilter(CompositeFilter.java:113)
	at org.springframework.web.filter.CompositeFilter.doFilter(CompositeFilter.java:74)
	at org.springframework.security.config.annotation.web.configuration.WebMvcSecurityConfiguration$CompositeFilterChainProxy.doFilter(WebMvcSecurityConfiguration.java:240)
	at org.springframework.web.filter.DelegatingFilterProxy.invokeDelegate(DelegatingFilterProxy.java:362)
	at org.springframework.web.filter.DelegatingFilterProxy.doFilter(DelegatingFilterProxy.java:278)
	at org.apache.catalina.core.ApplicationFilterChain.internalDoFilter(ApplicationFilterChain.java:162)
	at org.apache.catalina.core.ApplicationFilterChain.doFilter(ApplicationFilterChain.java:138)
	at org.springframework.web.filter.RequestContextFilter.doFilterInternal(RequestContextFilter.java:100)
	at org.springframework.web.filter.OncePerRequestFilter.doFilter(OncePerRequestFilter.java:116)
	at org.apache.catalina.core.ApplicationFilterChain.internalDoFilter(ApplicationFilterChain.java:162)
	at org.apache.catalina.core.ApplicationFilterChain.doFilter(ApplicationFilterChain.java:138)
	at org.springframework.web.filter.FormContentFilter.doFilterInternal(FormContentFilter.java:93)
	at org.springframework.web.filter.OncePerRequestFilter.doFilter(OncePerRequestFilter.java:116)
	at org.apache.catalina.core.ApplicationFilterChain.internalDoFilter(ApplicationFilterChain.java:162)
	at org.apache.catalina.core.ApplicationFilterChain.doFilter(ApplicationFilterChain.java:138)
	at org.springframework.web.filter.ServerHttpObservationFilter.doFilterInternal(ServerHttpObservationFilter.java:110)
	at org.springframework.web.filter.OncePerRequestFilter.doFilter(OncePerRequestFilter.java:116)
	at org.apache.catalina.core.ApplicationFilterChain.internalDoFilter(ApplicationFilterChain.java:162)
	at org.apache.catalina.core.ApplicationFilterChain.doFilter(ApplicationFilterChain.java:138)
	at org.springframework.web.filter.CharacterEncodingFilter.doFilterInternal(CharacterEncodingFilter.java:201)
	at org.springframework.web.filter.OncePerRequestFilter.doFilter(OncePerRequestFilter.java:116)
	at org.apache.catalina.core.ApplicationFilterChain.internalDoFilter(ApplicationFilterChain.java:162)
	at org.apache.catalina.core.ApplicationFilterChain.doFilter(ApplicationFilterChain.java:138)
	at org.apache.catalina.core.StandardWrapperValve.invoke(StandardWrapperValve.java:165)
	at org.apache.catalina.core.StandardContextValve.invoke(StandardContextValve.java:88)
	at org.apache.catalina.authenticator.AuthenticatorBase.invoke(AuthenticatorBase.java:492)
	at org.apache.catalina.core.StandardHostValve.invoke(StandardHostValve.java:113)
	at org.apache.catalina.valves.ErrorReportValve.invoke(ErrorReportValve.java:83)
	at org.apache.catalina.core.StandardEngineValve.invoke(StandardEngineValve.java:72)
	at org.apache.catalina.connector.CoyoteAdapter.service(CoyoteAdapter.java:342)
	at org.apache.coyote.http11.Http11Processor.service(Http11Processor.java:399)
	at org.apache.coyote.AbstractProcessorLight.process(AbstractProcessorLight.java:63)
	at org.apache.coyote.AbstractProtocol$ConnectionHandler.process(AbstractProtocol.java:903)
	at org.apache.tomcat.util.net.NioEndpoint$SocketProcessor.doRun(NioEndpoint.java:1775)
	at org.apache.tomcat.util.net.SocketProcessorBase.run(SocketProcessorBase.java:52)
	at org.apache.tomcat.util.threads.ThreadPoolExecutor.runWorker(ThreadPoolExecutor.java:973)
	at org.apache.tomcat.util.threads.ThreadPoolExecutor$Worker.run(ThreadPoolExecutor.java:491)
	at org.apache.tomcat.util.threads.TaskThread$WrappingRunnable.run(TaskThread.java:63)
	at java.base/java.lang.Thread.run(Thread.java:1474)
Caused by: org.springframework.core.convert.ConversionFailedException: Failed to convert from type [java.lang.String] to type [@org.springframework.web.bind.annotation.RequestParam @org.springframework.format.annotation.DateTimeFormat java.time.Instant] for value [2026-08-21T00:02]
	at org.springframework.core.convert.support.ConversionUtils.invokeConverter(ConversionUtils.java:47)
	at org.springframework.core.convert.support.GenericConversionService.convert(GenericConversionService.java:182)
	at org.springframework.beans.TypeConverterDelegate.convertIfNecessary(TypeConverterDelegate.java:131)
	at org.springframework.beans.TypeConverterSupport.convertIfNecessary(TypeConverterSupport.java:80)
	at org.springframework.beans.TypeConverterSupport.convertIfNecessary(TypeConverterSupport.java:53)
	at org.springframework.validation.DataBinder.convertIfNecessary(DataBinder.java:867)
	at org.springframework.web.method.annotation.AbstractNamedValueMethodArgumentResolver.convertIfNecessary(AbstractNamedValueMethodArgumentResolver.java:293)
	... 141 common frames omitted
Caused by: java.lang.IllegalArgumentException: Parse attempt failed for value [2026-08-21T00:02]
	at org.springframework.format.support.FormattingConversionService$ParserConverter.convert(FormattingConversionService.java:223)
	at org.springframework.format.support.FormattingConversionService$AnnotationParserConverter.convert(FormattingConversionService.java:338)
	at org.springframework.core.convert.support.ConversionUtils.invokeConverter(ConversionUtils.java:41)
	... 147 common frames omitted
Caused by: java.time.format.DateTimeParseException: Unable to parse date time value "2026-08-21T00:02" using configuration from @org.springframework.format.annotation.DateTimeFormat(pattern="", style="SS", iso=DATE_TIME, fallbackPatterns={})
	at org.springframework.format.datetime.standard.TemporalAccessorParser.parse(TemporalAccessorParser.java:120)
	at org.springframework.format.datetime.standard.TemporalAccessorParser.parse(TemporalAccessorParser.java:56)
	at org.springframework.format.support.FormattingConversionService$ParserConverter.convert(FormattingConversionService.java:217)
	... 149 common frames omitted
Caused by: java.time.format.DateTimeParseException: Text '2026-08-21T00:02' could not be parsed: Unable to obtain Instant from TemporalAccessor: {},ISO resolved to 2026-08-21T00:02 of type java.time.format.Parsed
	at java.base/java.time.format.DateTimeFormatter.createError(DateTimeFormatter.java:2079)
	at java.base/java.time.format.DateTimeFormatter.parse(DateTimeFormatter.java:2014)
	at org.springframework.format.datetime.standard.TemporalAccessorParser.doParse(TemporalAccessorParser.java:130)
	at org.springframework.format.datetime.standard.TemporalAccessorParser.parse(TemporalAccessorParser.java:92)
	... 151 common frames omitted
Caused by: java.time.DateTimeException: Unable to obtain Instant from TemporalAccessor: {},ISO resolved to 2026-08-21T00:02 of type java.time.format.Parsed
	at java.base/java.time.Instant.from(Instant.java:381)
	at java.base/java.time.format.Parsed.query(Parsed.java:247)
	at java.base/java.time.format.DateTimeFormatter.parse(DateTimeFormatter.java:2010)
	... 153 common frames omitted
Caused by: java.time.temporal.UnsupportedTemporalTypeException: Unsupported field: InstantSeconds
	at java.base/java.time.format.Parsed.getLong(Parsed.java:215)
	at java.base/java.time.Instant.from(Instant.java:376)
	... 155 common frames omitted
2026-09-20 03:02:19 [http-nio-8080-exec-3] [] ERROR c.j.a.advice.GlobalExceptionHandler - Unexpected error: Method parameter 'startDate': Failed to convert value of type 'java.lang.String' to required type 'java.time.Instant'; Failed to convert from type [java.lang.String] to type [@org.springframework.web.bind.annotation.RequestParam @org.springframework.format.annotation.DateTimeFormat java.time.Instant] for value [2026-08-21T00:02]
org.springframework.web.method.annotation.MethodArgumentTypeMismatchException: Method parameter 'startDate': Failed to convert value of type 'java.lang.String' to required type 'java.time.Instant'; Failed to convert from type [java.lang.String] to type [@org.springframework.web.bind.annotation.RequestParam @org.springframework.format.annotation.DateTimeFormat java.time.Instant] for value [2026-08-21T00:02]
	at org.springframework.web.method.annotation.AbstractNamedValueMethodArgumentResolver.convertIfNecessary(AbstractNamedValueMethodArgumentResolver.java:301)
	at org.springframework.web.method.annotation.AbstractNamedValueMethodArgumentResolver.resolveArgument(AbstractNamedValueMethodArgumentResolver.java:136)
	at org.springframework.web.method.support.HandlerMethodArgumentResolverComposite.resolveArgument(HandlerMethodArgumentResolverComposite.java:122)
	at org.springframework.web.method.support.InvocableHandlerMethod.getMethodArgumentValues(InvocableHandlerMethod.java:227)
	at org.springframework.web.method.support.InvocableHandlerMethod.invokeForRequest(InvocableHandlerMethod.java:181)
	at org.springframework.web.servlet.mvc.method.annotation.ServletInvocableHandlerMethod.invokeAndHandle(ServletInvocableHandlerMethod.java:118)
	at org.springframework.web.servlet.mvc.method.annotation.RequestMappingHandlerAdapter.invokeHandlerMethod(RequestMappingHandlerAdapter.java:991)
	at org.springframework.web.servlet.mvc.method.annotation.RequestMappingHandlerAdapter.handleInternal(RequestMappingHandlerAdapter.java:896)
	at org.springframework.web.servlet.mvc.method.AbstractHandlerMethodAdapter.handle(AbstractHandlerMethodAdapter.java:87)
	at org.springframework.web.servlet.DispatcherServlet.doDispatch(DispatcherServlet.java:1089)
	at org.springframework.web.servlet.DispatcherServlet.doService(DispatcherServlet.java:979)
	at org.springframework.web.servlet.FrameworkServlet.processRequest(FrameworkServlet.java:1014)
	at org.springframework.web.servlet.FrameworkServlet.doGet(FrameworkServlet.java:903)
	at jakarta.servlet.http.HttpServlet.service(HttpServlet.java:564)
	at org.springframework.web.servlet.FrameworkServlet.service(FrameworkServlet.java:885)
	at jakarta.servlet.http.HttpServlet.service(HttpServlet.java:658)
	at org.apache.catalina.core.ApplicationFilterChain.internalDoFilter(ApplicationFilterChain.java:193)
	at org.apache.catalina.core.ApplicationFilterChain.doFilter(ApplicationFilterChain.java:138)
	at org.apache.tomcat.websocket.server.WsFilter.doFilter(WsFilter.java:51)
	at org.apache.catalina.core.ApplicationFilterChain.internalDoFilter(ApplicationFilterChain.java:162)
	at org.apache.catalina.core.ApplicationFilterChain.doFilter(ApplicationFilterChain.java:138)
	at org.springframework.web.filter.OncePerRequestFilter.doFilter(OncePerRequestFilter.java:110)
	at org.apache.catalina.core.ApplicationFilterChain.internalDoFilter(ApplicationFilterChain.java:162)
	at org.apache.catalina.core.ApplicationFilterChain.doFilter(ApplicationFilterChain.java:138)
	at org.springframework.web.filter.CompositeFilter$VirtualFilterChain.doFilter(CompositeFilter.java:108)
	at org.springframework.web.filter.CompositeFilter$VirtualFilterChain.doFilter(CompositeFilter.java:108)
	at org.springframework.security.web.FilterChainProxy.lambda$doFilterInternal$3(FilterChainProxy.java:231)
	at org.springframework.security.web.ObservationFilterChainDecorator$FilterObservation$SimpleFilterObservation.lambda$wrap$1(ObservationFilterChainDecorator.java:490)
	at org.springframework.security.web.ObservationFilterChainDecorator$AroundFilterObservation$SimpleAroundFilterObservation.lambda$wrap$1(ObservationFilterChainDecorator.java:351)
	at org.springframework.security.web.ObservationFilterChainDecorator.lambda$wrapSecured$0(ObservationFilterChainDecorator.java:83)
	at org.springframework.security.web.ObservationFilterChainDecorator$VirtualFilterChain.doFilter(ObservationFilterChainDecorator.java:129)
	at org.springframework.security.web.access.intercept.AuthorizationFilter.doFilter(AuthorizationFilter.java:101)
	at org.springframework.security.web.ObservationFilterChainDecorator$ObservationFilter.wrapFilter(ObservationFilterChainDecorator.java:241)
	at org.springframework.security.web.ObservationFilterChainDecorator$ObservationFilter.doFilter(ObservationFilterChainDecorator.java:228)
	at org.springframework.security.web.ObservationFilterChainDecorator$VirtualFilterChain.doFilter(ObservationFilterChainDecorator.java:138)
	at org.springframework.security.web.access.ExceptionTranslationFilter.doFilter(ExceptionTranslationFilter.java:125)
	at org.springframework.security.web.access.ExceptionTranslationFilter.doFilter(ExceptionTranslationFilter.java:119)
	at org.springframework.security.web.ObservationFilterChainDecorator$ObservationFilter.wrapFilter(ObservationFilterChainDecorator.java:241)
	at org.springframework.security.web.ObservationFilterChainDecorator$ObservationFilter.doFilter(ObservationFilterChainDecorator.java:228)
	at org.springframework.security.web.ObservationFilterChainDecorator$VirtualFilterChain.doFilter(ObservationFilterChainDecorator.java:138)
	at org.springframework.security.web.session.SessionManagementFilter.doFilter(SessionManagementFilter.java:131)
	at org.springframework.security.web.session.SessionManagementFilter.doFilter(SessionManagementFilter.java:85)
	at org.springframework.security.web.ObservationFilterChainDecorator$ObservationFilter.wrapFilter(ObservationFilterChainDecorator.java:241)
	at org.springframework.security.web.ObservationFilterChainDecorator$ObservationFilter.doFilter(ObservationFilterChainDecorator.java:228)
	at org.springframework.security.web.ObservationFilterChainDecorator$VirtualFilterChain.doFilter(ObservationFilterChainDecorator.java:138)
	at org.springframework.security.web.authentication.AnonymousAuthenticationFilter.doFilter(AnonymousAuthenticationFilter.java:100)
	at org.springframework.security.web.ObservationFilterChainDecorator$ObservationFilter.wrapFilter(ObservationFilterChainDecorator.java:241)
	at org.springframework.security.web.ObservationFilterChainDecorator$ObservationFilter.doFilter(ObservationFilterChainDecorator.java:228)
	at org.springframework.security.web.ObservationFilterChainDecorator$VirtualFilterChain.doFilter(ObservationFilterChainDecorator.java:138)
	at org.springframework.security.web.servletapi.SecurityContextHolderAwareRequestFilter.doFilter(SecurityContextHolderAwareRequestFilter.java:179)
	at org.springframework.security.web.ObservationFilterChainDecorator$ObservationFilter.wrapFilter(ObservationFilterChainDecorator.java:241)
	at org.springframework.security.web.ObservationFilterChainDecorator$ObservationFilter.doFilter(ObservationFilterChainDecorator.java:228)
	at org.springframework.security.web.ObservationFilterChainDecorator$VirtualFilterChain.doFilter(ObservationFilterChainDecorator.java:138)
	at org.springframework.security.web.savedrequest.RequestCacheAwareFilter.doFilter(RequestCacheAwareFilter.java:63)
	at org.springframework.security.web.ObservationFilterChainDecorator$ObservationFilter.wrapFilter(ObservationFilterChainDecorator.java:241)
	at org.springframework.security.web.ObservationFilterChainDecorator$ObservationFilter.doFilter(ObservationFilterChainDecorator.java:228)
	at org.springframework.security.web.ObservationFilterChainDecorator$VirtualFilterChain.doFilter(ObservationFilterChainDecorator.java:138)
	at com.jmp.infrastructure.security.JwtAuthenticationFilter.doFilterInternal(JwtAuthenticationFilter.java:75)
	at org.springframework.web.filter.OncePerRequestFilter.doFilter(OncePerRequestFilter.java:116)
	at org.springframework.security.web.ObservationFilterChainDecorator$ObservationFilter.wrapFilter(ObservationFilterChainDecorator.java:241)
	at org.springframework.security.web.ObservationFilterChainDecorator$ObservationFilter.doFilter(ObservationFilterChainDecorator.java:228)
	at org.springframework.security.web.ObservationFilterChainDecorator$VirtualFilterChain.doFilter(ObservationFilterChainDecorator.java:138)
	at org.springframework.security.web.authentication.logout.LogoutFilter.doFilter(LogoutFilter.java:107)
	at org.springframework.security.web.authentication.logout.LogoutFilter.doFilter(LogoutFilter.java:93)
	at org.springframework.security.web.ObservationFilterChainDecorator$ObservationFilter.wrapFilter(ObservationFilterChainDecorator.java:241)
	at org.springframework.security.web.ObservationFilterChainDecorator$ObservationFilter.doFilter(ObservationFilterChainDecorator.java:228)
	at org.springframework.security.web.ObservationFilterChainDecorator$VirtualFilterChain.doFilter(ObservationFilterChainDecorator.java:138)
	at org.springframework.web.filter.CorsFilter.doFilterInternal(CorsFilter.java:91)
	at org.springframework.web.filter.OncePerRequestFilter.doFilter(OncePerRequestFilter.java:116)
	at org.springframework.security.web.ObservationFilterChainDecorator$ObservationFilter.wrapFilter(ObservationFilterChainDecorator.java:241)
	at org.springframework.security.web.ObservationFilterChainDecorator$ObservationFilter.doFilter(ObservationFilterChainDecorator.java:228)
	at org.springframework.security.web.ObservationFilterChainDecorator$VirtualFilterChain.doFilter(ObservationFilterChainDecorator.java:138)
	at org.springframework.security.web.header.HeaderWriterFilter.doHeadersAfter(HeaderWriterFilter.java:90)
	at org.springframework.security.web.header.HeaderWriterFilter.doFilterInternal(HeaderWriterFilter.java:75)
	at org.springframework.web.filter.OncePerRequestFilter.doFilter(OncePerRequestFilter.java:116)
	at org.springframework.security.web.ObservationFilterChainDecorator$ObservationFilter.wrapFilter(ObservationFilterChainDecorator.java:241)
	at org.springframework.security.web.ObservationFilterChainDecorator$ObservationFilter.doFilter(ObservationFilterChainDecorator.java:228)
	at org.springframework.security.web.ObservationFilterChainDecorator$VirtualFilterChain.doFilter(ObservationFilterChainDecorator.java:138)
	at org.springframework.security.web.context.SecurityContextHolderFilter.doFilter(SecurityContextHolderFilter.java:82)
	at org.springframework.security.web.context.SecurityContextHolderFilter.doFilter(SecurityContextHolderFilter.java:69)
	at org.springframework.security.web.ObservationFilterChainDecorator$ObservationFilter.wrapFilter(ObservationFilterChainDecorator.java:241)
	at org.springframework.security.web.ObservationFilterChainDecorator$ObservationFilter.doFilter(ObservationFilterChainDecorator.java:228)
	at org.springframework.security.web.ObservationFilterChainDecorator$VirtualFilterChain.doFilter(ObservationFilterChainDecorator.java:138)
	at org.springframework.security.web.context.request.async.WebAsyncManagerIntegrationFilter.doFilterInternal(WebAsyncManagerIntegrationFilter.java:62)
	at org.springframework.web.filter.OncePerRequestFilter.doFilter(OncePerRequestFilter.java:116)
	at org.springframework.security.web.ObservationFilterChainDecorator$ObservationFilter.wrapFilter(ObservationFilterChainDecorator.java:241)
	at org.springframework.security.web.ObservationFilterChainDecorator$ObservationFilter.doFilter(ObservationFilterChainDecorator.java:228)
	at org.springframework.security.web.ObservationFilterChainDecorator$VirtualFilterChain.doFilter(ObservationFilterChainDecorator.java:138)
	at org.springframework.security.web.session.DisableEncodeUrlFilter.doFilterInternal(DisableEncodeUrlFilter.java:42)
	at org.springframework.web.filter.OncePerRequestFilter.doFilter(OncePerRequestFilter.java:116)
	at org.springframework.security.web.ObservationFilterChainDecorator$ObservationFilter.wrapFilter(ObservationFilterChainDecorator.java:241)
	at org.springframework.security.web.ObservationFilterChainDecorator$AroundFilterObservation$SimpleAroundFilterObservation.lambda$wrap$0(ObservationFilterChainDecorator.java:334)
	at org.springframework.security.web.ObservationFilterChainDecorator$ObservationFilter.doFilter(ObservationFilterChainDecorator.java:225)
	at org.springframework.security.web.ObservationFilterChainDecorator$VirtualFilterChain.doFilter(ObservationFilterChainDecorator.java:138)
	at org.springframework.security.web.FilterChainProxy.doFilterInternal(FilterChainProxy.java:233)
	at org.springframework.security.web.FilterChainProxy.doFilter(FilterChainProxy.java:191)
	at org.springframework.web.filter.CompositeFilter$VirtualFilterChain.doFilter(CompositeFilter.java:113)
	at org.springframework.web.filter.ServletRequestPathFilter.doFilter(ServletRequestPathFilter.java:52)
	at org.springframework.web.filter.CompositeFilter$VirtualFilterChain.doFilter(CompositeFilter.java:113)
	at org.springframework.web.filter.CompositeFilter.doFilter(CompositeFilter.java:74)
	at org.springframework.security.config.annotation.web.configuration.WebSecurityConfiguration$CompositeFilterChainProxy.doFilter(WebSecurityConfiguration.java:319)
	at org.springframework.web.filter.CompositeFilter$VirtualFilterChain.doFilter(CompositeFilter.java:113)
	at org.springframework.web.servlet.handler.HandlerMappingIntrospector.lambda$createCacheFilter$4(HandlerMappingIntrospector.java:267)
	at org.springframework.web.filter.CompositeFilter$VirtualFilterChain.doFilter(CompositeFilter.java:113)
	at org.springframework.web.filter.CompositeFilter.doFilter(CompositeFilter.java:74)
	at org.springframework.security.config.annotation.web.configuration.WebMvcSecurityConfiguration$CompositeFilterChainProxy.doFilter(WebMvcSecurityConfiguration.java:240)
	at org.springframework.web.filter.DelegatingFilterProxy.invokeDelegate(DelegatingFilterProxy.java:362)
	at org.springframework.web.filter.DelegatingFilterProxy.doFilter(DelegatingFilterProxy.java:278)
	at org.apache.catalina.core.ApplicationFilterChain.internalDoFilter(ApplicationFilterChain.java:162)
	at org.apache.catalina.core.ApplicationFilterChain.doFilter(ApplicationFilterChain.java:138)
	at org.springframework.web.filter.RequestContextFilter.doFilterInternal(RequestContextFilter.java:100)
	at org.springframework.web.filter.OncePerRequestFilter.doFilter(OncePerRequestFilter.java:116)
	at org.apache.catalina.core.ApplicationFilterChain.internalDoFilter(ApplicationFilterChain.java:162)
	at org.apache.catalina.core.ApplicationFilterChain.doFilter(ApplicationFilterChain.java:138)
	at org.springframework.web.filter.FormContentFilter.doFilterInternal(FormContentFilter.java:93)
	at org.springframework.web.filter.OncePerRequestFilter.doFilter(OncePerRequestFilter.java:116)
	at org.apache.catalina.core.ApplicationFilterChain.internalDoFilter(ApplicationFilterChain.java:162)
	at org.apache.catalina.core.ApplicationFilterChain.doFilter(ApplicationFilterChain.java:138)
	at org.springframework.web.filter.ServerHttpObservationFilter.doFilterInternal(ServerHttpObservationFilter.java:110)
	at org.springframework.web.filter.OncePerRequestFilter.doFilter(OncePerRequestFilter.java:116)
	at org.apache.catalina.core.ApplicationFilterChain.internalDoFilter(ApplicationFilterChain.java:162)
	at org.apache.catalina.core.ApplicationFilterChain.doFilter(ApplicationFilterChain.java:138)
	at org.springframework.web.filter.CharacterEncodingFilter.doFilterInternal(CharacterEncodingFilter.java:201)
	at org.springframework.web.filter.OncePerRequestFilter.doFilter(OncePerRequestFilter.java:116)
	at org.apache.catalina.core.ApplicationFilterChain.internalDoFilter(ApplicationFilterChain.java:162)
	at org.apache.catalina.core.ApplicationFilterChain.doFilter(ApplicationFilterChain.java:138)
	at org.apache.catalina.core.StandardWrapperValve.invoke(StandardWrapperValve.java:165)
	at org.apache.catalina.core.StandardContextValve.invoke(StandardContextValve.java:88)
	at org.apache.catalina.authenticator.AuthenticatorBase.invoke(AuthenticatorBase.java:492)
	at org.apache.catalina.core.StandardHostValve.invoke(StandardHostValve.java:113)
	at org.apache.catalina.valves.ErrorReportValve.invoke(ErrorReportValve.java:83)
	at org.apache.catalina.core.StandardEngineValve.invoke(StandardEngineValve.java:72)
	at org.apache.catalina.connector.CoyoteAdapter.service(CoyoteAdapter.java:342)
	at org.apache.coyote.http11.Http11Processor.service(Http11Processor.java:399)
	at org.apache.coyote.AbstractProcessorLight.process(AbstractProcessorLight.java:63)
	at org.apache.coyote.AbstractProtocol$ConnectionHandler.process(AbstractProtocol.java:903)
	at org.apache.tomcat.util.net.NioEndpoint$SocketProcessor.doRun(NioEndpoint.java:1775)
	at org.apache.tomcat.util.net.SocketProcessorBase.run(SocketProcessorBase.java:52)
	at org.apache.tomcat.util.threads.ThreadPoolExecutor.runWorker(ThreadPoolExecutor.java:973)
	at org.apache.tomcat.util.threads.ThreadPoolExecutor$Worker.run(ThreadPoolExecutor.java:491)
	at org.apache.tomcat.util.threads.TaskThread$WrappingRunnable.run(TaskThread.java:63)
	at java.base/java.lang.Thread.run(Thread.java:1474)
Caused by: org.springframework.core.convert.ConversionFailedException: Failed to convert from type [java.lang.String] to type [@org.springframework.web.bind.annotation.RequestParam @org.springframework.format.annotation.DateTimeFormat java.time.Instant] for value [2026-08-21T00:02]
	at org.springframework.core.convert.support.ConversionUtils.invokeConverter(ConversionUtils.java:47)
	at org.springframework.core.convert.support.GenericConversionService.convert(GenericConversionService.java:182)
	at org.springframework.beans.TypeConverterDelegate.convertIfNecessary(TypeConverterDelegate.java:131)
	at org.springframework.beans.TypeConverterSupport.convertIfNecessary(TypeConverterSupport.java:80)
	at org.springframework.beans.TypeConverterSupport.convertIfNecessary(TypeConverterSupport.java:53)
	at org.springframework.validation.DataBinder.convertIfNecessary(DataBinder.java:867)
	at org.springframework.web.method.annotation.AbstractNamedValueMethodArgumentResolver.convertIfNecessary(AbstractNamedValueMethodArgumentResolver.java:293)
	... 141 common frames omitted
Caused by: java.lang.IllegalArgumentException: Parse attempt failed for value [2026-08-21T00:02]
	at org.springframework.format.support.FormattingConversionService$ParserConverter.convert(FormattingConversionService.java:223)
	at org.springframework.format.support.FormattingConversionService$AnnotationParserConverter.convert(FormattingConversionService.java:338)
	at org.springframework.core.convert.support.ConversionUtils.invokeConverter(ConversionUtils.java:41)
	... 147 common frames omitted
Caused by: java.time.format.DateTimeParseException: Unable to parse date time value "2026-08-21T00:02" using configuration from @org.springframework.format.annotation.DateTimeFormat(pattern="", style="SS", iso=DATE_TIME, fallbackPatterns={})
	at org.springframework.format.datetime.standard.TemporalAccessorParser.parse(TemporalAccessorParser.java:120)
	at org.springframework.format.datetime.standard.TemporalAccessorParser.parse(TemporalAccessorParser.java:56)
	at org.springframework.format.support.FormattingConversionService$ParserConverter.convert(FormattingConversionService.java:217)
	... 149 common frames omitted
Caused by: java.time.format.DateTimeParseException: Text '2026-08-21T00:02' could not be parsed: Unable to obtain Instant from TemporalAccessor: {},ISO resolved to 2026-08-21T00:02 of type java.time.format.Parsed
	at java.base/java.time.format.DateTimeFormatter.createError(DateTimeFormatter.java:2079)
	at java.base/java.time.format.DateTimeFormatter.parse(DateTimeFormatter.java:2014)
	at org.springframework.format.datetime.standard.TemporalAccessorParser.doParse(TemporalAccessorParser.java:130)
	at org.springframework.format.datetime.standard.TemporalAccessorParser.parse(TemporalAccessorParser.java:92)
	... 151 common frames omitted
Caused by: java.time.DateTimeException: Unable to obtain Instant from TemporalAccessor: {},ISO resolved to 2026-08-21T00:02 of type java.time.format.Parsed
	at java.base/java.time.Instant.from(Instant.java:381)
	at java.base/java.time.format.Parsed.query(Parsed.java:247)
	at java.base/java.time.format.DateTimeFormatter.parse(DateTimeFormatter.java:2010)
	... 153 common frames omitted
Caused by: java.time.temporal.UnsupportedTemporalTypeException: Unsupported field: InstantSeconds
	at java.base/java.time.format.Parsed.getLong(Parsed.java:215)
	at java.base/java.time.Instant.from(Instant.java:376)
	... 155 common frames omitted
2026-09-20 03:02:19 [http-nio-8080-exec-2] [] DEBUG o.s.security.web.FilterChainProxy - Securing GET /api/v1/analytics/participants?startDate=2026-08-21T00:02&endDate=2026-09-20T00:02
2026-09-20 03:02:19 [http-nio-8080-exec-7] [] DEBUG c.j.i.s.JwtAuthenticationFilter - Authenticated user: cccccccc-cccc-cccc-cccc-ccccccccccc1, URI: /api/v1/analytics/recordings
2026-09-20 03:02:19 [http-nio-8080-exec-7] [] DEBUG o.s.security.web.FilterChainProxy - Secured GET /api/v1/analytics/recordings?startDate=2026-08-21T00:02&endDate=2026-09-20T00:02
2026-09-20 03:02:19 [http-nio-8080-exec-2] [] DEBUG c.j.i.s.JwtAuthenticationFilter - Authenticated user: cccccccc-cccc-cccc-cccc-ccccccccccc1, URI: /api/v1/analytics/participants
2026-09-20 03:02:19 [http-nio-8080-exec-8] [] DEBUG o.s.security.web.FilterChainProxy - Securing GET /api/v1/analytics/usage-report?startDate=2026-08-21T00:02&endDate=2026-09-20T00:02
2026-09-20 03:02:19 [http-nio-8080-exec-2] [] DEBUG o.s.security.web.FilterChainProxy - Secured GET /api/v1/analytics/participants?startDate=2026-08-21T00:02&endDate=2026-09-20T00:02
2026-09-20 03:02:19 [http-nio-8080-exec-7] [] ERROR c.j.a.advice.GlobalExceptionHandler - Unexpected error: Method parameter 'startDate': Failed to convert value of type 'java.lang.String' to required type 'java.time.Instant'; Failed to convert from type [java.lang.String] to type [@org.springframework.web.bind.annotation.RequestParam @org.springframework.format.annotation.DateTimeFormat java.time.Instant] for value [2026-08-21T00:02]
org.springframework.web.method.annotation.MethodArgumentTypeMismatchException: Method parameter 'startDate': Failed to convert value of type 'java.lang.String' to required type 'java.time.Instant'; Failed to convert from type [java.lang.String] to type [@org.springframework.web.bind.annotation.RequestParam @org.springframework.format.annotation.DateTimeFormat java.time.Instant] for value [2026-08-21T00:02]
	at org.springframework.web.method.annotation.AbstractNamedValueMethodArgumentResolver.convertIfNecessary(AbstractNamedValueMethodArgumentResolver.java:301)
	at org.springframework.web.method.annotation.AbstractNamedValueMethodArgumentResolver.resolveArgument(AbstractNamedValueMethodArgumentResolver.java:136)
	at org.springframework.web.method.support.HandlerMethodArgumentResolverComposite.resolveArgument(HandlerMethodArgumentResolverComposite.java:122)
	at org.springframework.web.method.support.InvocableHandlerMethod.getMethodArgumentValues(InvocableHandlerMethod.java:227)
	at org.springframework.web.method.support.InvocableHandlerMethod.invokeForRequest(InvocableHandlerMethod.java:181)
	at org.springframework.web.servlet.mvc.method.annotation.ServletInvocableHandlerMethod.invokeAndHandle(ServletInvocableHandlerMethod.java:118)
	at org.springframework.web.servlet.mvc.method.annotation.RequestMappingHandlerAdapter.invokeHandlerMethod(RequestMappingHandlerAdapter.java:991)
	at org.springframework.web.servlet.mvc.method.annotation.RequestMappingHandlerAdapter.handleInternal(RequestMappingHandlerAdapter.java:896)
	at org.springframework.web.servlet.mvc.method.AbstractHandlerMethodAdapter.handle(AbstractHandlerMethodAdapter.java:87)
	at org.springframework.web.servlet.DispatcherServlet.doDispatch(DispatcherServlet.java:1089)
	at org.springframework.web.servlet.DispatcherServlet.doService(DispatcherServlet.java:979)
	at org.springframework.web.servlet.FrameworkServlet.processRequest(FrameworkServlet.java:1014)
	at org.springframework.web.servlet.FrameworkServlet.doGet(FrameworkServlet.java:903)
	at jakarta.servlet.http.HttpServlet.service(HttpServlet.java:564)
	at org.springframework.web.servlet.FrameworkServlet.service(FrameworkServlet.java:885)
	at jakarta.servlet.http.HttpServlet.service(HttpServlet.java:658)
	at org.apache.catalina.core.ApplicationFilterChain.internalDoFilter(ApplicationFilterChain.java:193)
	at org.apache.catalina.core.ApplicationFilterChain.doFilter(ApplicationFilterChain.java:138)
	at org.apache.tomcat.websocket.server.WsFilter.doFilter(WsFilter.java:51)
	at org.apache.catalina.core.ApplicationFilterChain.internalDoFilter(ApplicationFilterChain.java:162)
	at org.apache.catalina.core.ApplicationFilterChain.doFilter(ApplicationFilterChain.java:138)
	at org.springframework.web.filter.OncePerRequestFilter.doFilter(OncePerRequestFilter.java:110)
	at org.apache.catalina.core.ApplicationFilterChain.internalDoFilter(ApplicationFilterChain.java:162)
	at org.apache.catalina.core.ApplicationFilterChain.doFilter(ApplicationFilterChain.java:138)
	at org.springframework.web.filter.CompositeFilter$VirtualFilterChain.doFilter(CompositeFilter.java:108)
	at org.springframework.web.filter.CompositeFilter$VirtualFilterChain.doFilter(CompositeFilter.java:108)
	at org.springframework.security.web.FilterChainProxy.lambda$doFilterInternal$3(FilterChainProxy.java:231)
	at org.springframework.security.web.ObservationFilterChainDecorator$FilterObservation$SimpleFilterObservation.lambda$wrap$1(ObservationFilterChainDecorator.java:490)
	at org.springframework.security.web.ObservationFilterChainDecorator$AroundFilterObservation$SimpleAroundFilterObservation.lambda$wrap$1(ObservationFilterChainDecorator.java:351)
	at org.springframework.security.web.ObservationFilterChainDecorator.lambda$wrapSecured$0(ObservationFilterChainDecorator.java:83)
	at org.springframework.security.web.ObservationFilterChainDecorator$VirtualFilterChain.doFilter(ObservationFilterChainDecorator.java:129)
	at org.springframework.security.web.access.intercept.AuthorizationFilter.doFilter(AuthorizationFilter.java:101)
	at org.springframework.security.web.ObservationFilterChainDecorator$ObservationFilter.wrapFilter(ObservationFilterChainDecorator.java:241)
	at org.springframework.security.web.ObservationFilterChainDecorator$ObservationFilter.doFilter(ObservationFilterChainDecorator.java:228)
	at org.springframework.security.web.ObservationFilterChainDecorator$VirtualFilterChain.doFilter(ObservationFilterChainDecorator.java:138)
	at org.springframework.security.web.access.ExceptionTranslationFilter.doFilter(ExceptionTranslationFilter.java:125)
	at org.springframework.security.web.access.ExceptionTranslationFilter.doFilter(ExceptionTranslationFilter.java:119)
	at org.springframework.security.web.ObservationFilterChainDecorator$ObservationFilter.wrapFilter(ObservationFilterChainDecorator.java:241)
	at org.springframework.security.web.ObservationFilterChainDecorator$ObservationFilter.doFilter(ObservationFilterChainDecorator.java:228)
	at org.springframework.security.web.ObservationFilterChainDecorator$VirtualFilterChain.doFilter(ObservationFilterChainDecorator.java:138)
	at org.springframework.security.web.session.SessionManagementFilter.doFilter(SessionManagementFilter.java:131)
	at org.springframework.security.web.session.SessionManagementFilter.doFilter(SessionManagementFilter.java:85)
	at org.springframework.security.web.ObservationFilterChainDecorator$ObservationFilter.wrapFilter(ObservationFilterChainDecorator.java:241)
	at org.springframework.security.web.ObservationFilterChainDecorator$ObservationFilter.doFilter(ObservationFilterChainDecorator.java:228)
	at org.springframework.security.web.ObservationFilterChainDecorator$VirtualFilterChain.doFilter(ObservationFilterChainDecorator.java:138)
	at org.springframework.security.web.authentication.AnonymousAuthenticationFilter.doFilter(AnonymousAuthenticationFilter.java:100)
	at org.springframework.security.web.ObservationFilterChainDecorator$ObservationFilter.wrapFilter(ObservationFilterChainDecorator.java:241)
	at org.springframework.security.web.ObservationFilterChainDecorator$ObservationFilter.doFilter(ObservationFilterChainDecorator.java:228)
	at org.springframework.security.web.ObservationFilterChainDecorator$VirtualFilterChain.doFilter(ObservationFilterChainDecorator.java:138)
	at org.springframework.security.web.servletapi.SecurityContextHolderAwareRequestFilter.doFilter(SecurityContextHolderAwareRequestFilter.java:179)
	at org.springframework.security.web.ObservationFilterChainDecorator$ObservationFilter.wrapFilter(ObservationFilterChainDecorator.java:241)
	at org.springframework.security.web.ObservationFilterChainDecorator$ObservationFilter.doFilter(ObservationFilterChainDecorator.java:228)
	at org.springframework.security.web.ObservationFilterChainDecorator$VirtualFilterChain.doFilter(ObservationFilterChainDecorator.java:138)
	at org.springframework.security.web.savedrequest.RequestCacheAwareFilter.doFilter(RequestCacheAwareFilter.java:63)
	at org.springframework.security.web.ObservationFilterChainDecorator$ObservationFilter.wrapFilter(ObservationFilterChainDecorator.java:241)
	at org.springframework.security.web.ObservationFilterChainDecorator$ObservationFilter.doFilter(ObservationFilterChainDecorator.java:228)
	at org.springframework.security.web.ObservationFilterChainDecorator$VirtualFilterChain.doFilter(ObservationFilterChainDecorator.java:138)
	at com.jmp.infrastructure.security.JwtAuthenticationFilter.doFilterInternal(JwtAuthenticationFilter.java:75)
	at org.springframework.web.filter.OncePerRequestFilter.doFilter(OncePerRequestFilter.java:116)
	at org.springframework.security.web.ObservationFilterChainDecorator$ObservationFilter.wrapFilter(ObservationFilterChainDecorator.java:241)
	at org.springframework.security.web.ObservationFilterChainDecorator$ObservationFilter.doFilter(ObservationFilterChainDecorator.java:228)
	at org.springframework.security.web.ObservationFilterChainDecorator$VirtualFilterChain.doFilter(ObservationFilterChainDecorator.java:138)
	at org.springframework.security.web.authentication.logout.LogoutFilter.doFilter(LogoutFilter.java:107)
	at org.springframework.security.web.authentication.logout.LogoutFilter.doFilter(LogoutFilter.java:93)
	at org.springframework.security.web.ObservationFilterChainDecorator$ObservationFilter.wrapFilter(ObservationFilterChainDecorator.java:241)
	at org.springframework.security.web.ObservationFilterChainDecorator$ObservationFilter.doFilter(ObservationFilterChainDecorator.java:228)
	at org.springframework.security.web.ObservationFilterChainDecorator$VirtualFilterChain.doFilter(ObservationFilterChainDecorator.java:138)
	at org.springframework.web.filter.CorsFilter.doFilterInternal(CorsFilter.java:91)
	at org.springframework.web.filter.OncePerRequestFilter.doFilter(OncePerRequestFilter.java:116)
	at org.springframework.security.web.ObservationFilterChainDecorator$ObservationFilter.wrapFilter(ObservationFilterChainDecorator.java:241)
	at org.springframework.security.web.ObservationFilterChainDecorator$ObservationFilter.doFilter(ObservationFilterChainDecorator.java:228)
	at org.springframework.security.web.ObservationFilterChainDecorator$VirtualFilterChain.doFilter(ObservationFilterChainDecorator.java:138)
	at org.springframework.security.web.header.HeaderWriterFilter.doHeadersAfter(HeaderWriterFilter.java:90)
	at org.springframework.security.web.header.HeaderWriterFilter.doFilterInternal(HeaderWriterFilter.java:75)
	at org.springframework.web.filter.OncePerRequestFilter.doFilter(OncePerRequestFilter.java:116)
	at org.springframework.security.web.ObservationFilterChainDecorator$ObservationFilter.wrapFilter(ObservationFilterChainDecorator.java:241)
	at org.springframework.security.web.ObservationFilterChainDecorator$ObservationFilter.doFilter(ObservationFilterChainDecorator.java:228)
	at org.springframework.security.web.ObservationFilterChainDecorator$VirtualFilterChain.doFilter(ObservationFilterChainDecorator.java:138)
	at org.springframework.security.web.context.SecurityContextHolderFilter.doFilter(SecurityContextHolderFilter.java:82)
	at org.springframework.security.web.context.SecurityContextHolderFilter.doFilter(SecurityContextHolderFilter.java:69)
	at org.springframework.security.web.ObservationFilterChainDecorator$ObservationFilter.wrapFilter(ObservationFilterChainDecorator.java:241)
	at org.springframework.security.web.ObservationFilterChainDecorator$ObservationFilter.doFilter(ObservationFilterChainDecorator.java:228)
	at org.springframework.security.web.ObservationFilterChainDecorator$VirtualFilterChain.doFilter(ObservationFilterChainDecorator.java:138)
	at org.springframework.security.web.context.request.async.WebAsyncManagerIntegrationFilter.doFilterInternal(WebAsyncManagerIntegrationFilter.java:62)
	at org.springframework.web.filter.OncePerRequestFilter.doFilter(OncePerRequestFilter.java:116)
	at org.springframework.security.web.ObservationFilterChainDecorator$ObservationFilter.wrapFilter(ObservationFilterChainDecorator.java:241)
	at org.springframework.security.web.ObservationFilterChainDecorator$ObservationFilter.doFilter(ObservationFilterChainDecorator.java:228)
	at org.springframework.security.web.ObservationFilterChainDecorator$VirtualFilterChain.doFilter(ObservationFilterChainDecorator.java:138)
	at org.springframework.security.web.session.DisableEncodeUrlFilter.doFilterInternal(DisableEncodeUrlFilter.java:42)
	at org.springframework.web.filter.OncePerRequestFilter.doFilter(OncePerRequestFilter.java:116)
	at org.springframework.security.web.ObservationFilterChainDecorator$ObservationFilter.wrapFilter(ObservationFilterChainDecorator.java:241)
	at org.springframework.security.web.ObservationFilterChainDecorator$AroundFilterObservation$SimpleAroundFilterObservation.lambda$wrap$0(ObservationFilterChainDecorator.java:334)
	at org.springframework.security.web.ObservationFilterChainDecorator$ObservationFilter.doFilter(ObservationFilterChainDecorator.java:225)
	at org.springframework.security.web.ObservationFilterChainDecorator$VirtualFilterChain.doFilter(ObservationFilterChainDecorator.java:138)
	at org.springframework.security.web.FilterChainProxy.doFilterInternal(FilterChainProxy.java:233)
	at org.springframework.security.web.FilterChainProxy.doFilter(FilterChainProxy.java:191)
	at org.springframework.web.filter.CompositeFilter$VirtualFilterChain.doFilter(CompositeFilter.java:113)
	at org.springframework.web.filter.ServletRequestPathFilter.doFilter(ServletRequestPathFilter.java:52)
	at org.springframework.web.filter.CompositeFilter$VirtualFilterChain.doFilter(CompositeFilter.java:113)
	at org.springframework.web.filter.CompositeFilter.doFilter(CompositeFilter.java:74)
	at org.springframework.security.config.annotation.web.configuration.WebSecurityConfiguration$CompositeFilterChainProxy.doFilter(WebSecurityConfiguration.java:319)
	at org.springframework.web.filter.CompositeFilter$VirtualFilterChain.doFilter(CompositeFilter.java:113)
	at org.springframework.web.servlet.handler.HandlerMappingIntrospector.lambda$createCacheFilter$4(HandlerMappingIntrospector.java:267)
	at org.springframework.web.filter.CompositeFilter$VirtualFilterChain.doFilter(CompositeFilter.java:113)
	at org.springframework.web.filter.CompositeFilter.doFilter(CompositeFilter.java:74)
	at org.springframework.security.config.annotation.web.configuration.WebMvcSecurityConfiguration$CompositeFilterChainProxy.doFilter(WebMvcSecurityConfiguration.java:240)
	at org.springframework.web.filter.DelegatingFilterProxy.invokeDelegate(DelegatingFilterProxy.java:362)
	at org.springframework.web.filter.DelegatingFilterProxy.doFilter(DelegatingFilterProxy.java:278)
	at org.apache.catalina.core.ApplicationFilterChain.internalDoFilter(ApplicationFilterChain.java:162)
	at org.apache.catalina.core.ApplicationFilterChain.doFilter(ApplicationFilterChain.java:138)
	at org.springframework.web.filter.RequestContextFilter.doFilterInternal(RequestContextFilter.java:100)
	at org.springframework.web.filter.OncePerRequestFilter.doFilter(OncePerRequestFilter.java:116)
	at org.apache.catalina.core.ApplicationFilterChain.internalDoFilter(ApplicationFilterChain.java:162)
	at org.apache.catalina.core.ApplicationFilterChain.doFilter(ApplicationFilterChain.java:138)
	at org.springframework.web.filter.FormContentFilter.doFilterInternal(FormContentFilter.java:93)
	at org.springframework.web.filter.OncePerRequestFilter.doFilter(OncePerRequestFilter.java:116)
	at org.apache.catalina.core.ApplicationFilterChain.internalDoFilter(ApplicationFilterChain.java:162)
	at org.apache.catalina.core.ApplicationFilterChain.doFilter(ApplicationFilterChain.java:138)
	at org.springframework.web.filter.ServerHttpObservationFilter.doFilterInternal(ServerHttpObservationFilter.java:110)
	at org.springframework.web.filter.OncePerRequestFilter.doFilter(OncePerRequestFilter.java:116)
	at org.apache.catalina.core.ApplicationFilterChain.internalDoFilter(ApplicationFilterChain.java:162)
	at org.apache.catalina.core.ApplicationFilterChain.doFilter(ApplicationFilterChain.java:138)
	at org.springframework.web.filter.CharacterEncodingFilter.doFilterInternal(CharacterEncodingFilter.java:201)
	at org.springframework.web.filter.OncePerRequestFilter.doFilter(OncePerRequestFilter.java:116)
	at org.apache.catalina.core.ApplicationFilterChain.internalDoFilter(ApplicationFilterChain.java:162)
	at org.apache.catalina.core.ApplicationFilterChain.doFilter(ApplicationFilterChain.java:138)
	at org.apache.catalina.core.StandardWrapperValve.invoke(StandardWrapperValve.java:165)
	at org.apache.catalina.core.StandardContextValve.invoke(StandardContextValve.java:88)
	at org.apache.catalina.authenticator.AuthenticatorBase.invoke(AuthenticatorBase.java:492)
	at org.apache.catalina.core.StandardHostValve.invoke(StandardHostValve.java:113)
	at org.apache.catalina.valves.ErrorReportValve.invoke(ErrorReportValve.java:83)
	at org.apache.catalina.core.StandardEngineValve.invoke(StandardEngineValve.java:72)
	at org.apache.catalina.connector.CoyoteAdapter.service(CoyoteAdapter.java:342)
	at org.apache.coyote.http11.Http11Processor.service(Http11Processor.java:399)
	at org.apache.coyote.AbstractProcessorLight.process(AbstractProcessorLight.java:63)
	at org.apache.coyote.AbstractProtocol$ConnectionHandler.process(AbstractProtocol.java:903)
	at org.apache.tomcat.util.net.NioEndpoint$SocketProcessor.doRun(NioEndpoint.java:1775)
	at org.apache.tomcat.util.net.SocketProcessorBase.run(SocketProcessorBase.java:52)
	at org.apache.tomcat.util.threads.ThreadPoolExecutor.runWorker(ThreadPoolExecutor.java:973)
	at org.apache.tomcat.util.threads.ThreadPoolExecutor$Worker.run(ThreadPoolExecutor.java:491)
	at org.apache.tomcat.util.threads.TaskThread$WrappingRunnable.run(TaskThread.java:63)
	at java.base/java.lang.Thread.run(Thread.java:1474)
Caused by: org.springframework.core.convert.ConversionFailedException: Failed to convert from type [java.lang.String] to type [@org.springframework.web.bind.annotation.RequestParam @org.springframework.format.annotation.DateTimeFormat java.time.Instant] for value [2026-08-21T00:02]
	at org.springframework.core.convert.support.ConversionUtils.invokeConverter(ConversionUtils.java:47)
	at org.springframework.core.convert.support.GenericConversionService.convert(GenericConversionService.java:182)
	at org.springframework.beans.TypeConverterDelegate.convertIfNecessary(TypeConverterDelegate.java:131)
	at org.springframework.beans.TypeConverterSupport.convertIfNecessary(TypeConverterSupport.java:80)
	at org.springframework.beans.TypeConverterSupport.convertIfNecessary(TypeConverterSupport.java:53)
	at org.springframework.validation.DataBinder.convertIfNecessary(DataBinder.java:867)
	at org.springframework.web.method.annotation.AbstractNamedValueMethodArgumentResolver.convertIfNecessary(AbstractNamedValueMethodArgumentResolver.java:293)
	... 141 common frames omitted
Caused by: java.lang.IllegalArgumentException: Parse attempt failed for value [2026-08-21T00:02]
	at org.springframework.format.support.FormattingConversionService$ParserConverter.convert(FormattingConversionService.java:223)
	at org.springframework.format.support.FormattingConversionService$AnnotationParserConverter.convert(FormattingConversionService.java:338)
	at org.springframework.core.convert.support.ConversionUtils.invokeConverter(ConversionUtils.java:41)
	... 147 common frames omitted
Caused by: java.time.format.DateTimeParseException: Unable to parse date time value "2026-08-21T00:02" using configuration from @org.springframework.format.annotation.DateTimeFormat(pattern="", style="SS", iso=DATE_TIME, fallbackPatterns={})
	at org.springframework.format.datetime.standard.TemporalAccessorParser.parse(TemporalAccessorParser.java:120)
	at org.springframework.format.datetime.standard.TemporalAccessorParser.parse(TemporalAccessorParser.java:56)
	at org.springframework.format.support.FormattingConversionService$ParserConverter.convert(FormattingConversionService.java:217)
	... 149 common frames omitted
Caused by: java.time.format.DateTimeParseException: Text '2026-08-21T00:02' could not be parsed: Unable to obtain Instant from TemporalAccessor: {},ISO resolved to 2026-08-21T00:02 of type java.time.format.Parsed
	at java.base/java.time.format.DateTimeFormatter.createError(DateTimeFormatter.java:2079)
	at java.base/java.time.format.DateTimeFormatter.parse(DateTimeFormatter.java:2014)
	at org.springframework.format.datetime.standard.TemporalAccessorParser.doParse(TemporalAccessorParser.java:130)
	at org.springframework.format.datetime.standard.TemporalAccessorParser.parse(TemporalAccessorParser.java:92)
	... 151 common frames omitted
Caused by: java.time.DateTimeException: Unable to obtain Instant from TemporalAccessor: {},ISO resolved to 2026-08-21T00:02 of type java.time.format.Parsed
	at java.base/java.time.Instant.from(Instant.java:381)
	at java.base/java.time.format.Parsed.query(Parsed.java:247)
	at java.base/java.time.format.DateTimeFormatter.parse(DateTimeFormatter.java:2010)
	... 153 common frames omitted
Caused by: java.time.temporal.UnsupportedTemporalTypeException: Unsupported field: InstantSeconds
	at java.base/java.time.format.Parsed.getLong(Parsed.java:215)
	at java.base/java.time.Instant.from(Instant.java:376)
	... 155 common frames omitted
2026-09-20 03:02:19 [http-nio-8080-exec-8] [] DEBUG c.j.i.s.JwtAuthenticationFilter - Authenticated user: cccccccc-cccc-cccc-cccc-ccccccccccc1, URI: /api/v1/analytics/usage-report
2026-09-20 03:02:19 [http-nio-8080-exec-8] [] DEBUG o.s.security.web.FilterChainProxy - Secured GET /api/v1/analytics/usage-report?startDate=2026-08-21T00:02&endDate=2026-09-20T00:02
2026-09-20 03:02:19 [http-nio-8080-exec-2] [] ERROR c.j.a.advice.GlobalExceptionHandler - Unexpected error: Method parameter 'startDate': Failed to convert value of type 'java.lang.String' to required type 'java.time.Instant'; Failed to convert from type [java.lang.String] to type [@org.springframework.web.bind.annotation.RequestParam @org.springframework.format.annotation.DateTimeFormat java.time.Instant] for value [2026-08-21T00:02]
org.springframework.web.method.annotation.MethodArgumentTypeMismatchException: Method parameter 'startDate': Failed to convert value of type 'java.lang.String' to required type 'java.time.Instant'; Failed to convert from type [java.lang.String] to type [@org.springframework.web.bind.annotation.RequestParam @org.springframework.format.annotation.DateTimeFormat java.time.Instant] for value [2026-08-21T00:02]
	at org.springframework.web.method.annotation.AbstractNamedValueMethodArgumentResolver.convertIfNecessary(AbstractNamedValueMethodArgumentResolver.java:301)
	at org.springframework.web.method.annotation.AbstractNamedValueMethodArgumentResolver.resolveArgument(AbstractNamedValueMethodArgumentResolver.java:136)
	at org.springframework.web.method.support.HandlerMethodArgumentResolverComposite.resolveArgument(HandlerMethodArgumentResolverComposite.java:122)
	at org.springframework.web.method.support.InvocableHandlerMethod.getMethodArgumentValues(InvocableHandlerMethod.java:227)
	at org.springframework.web.method.support.InvocableHandlerMethod.invokeForRequest(InvocableHandlerMethod.java:181)
	at org.springframework.web.servlet.mvc.method.annotation.ServletInvocableHandlerMethod.invokeAndHandle(ServletInvocableHandlerMethod.java:118)
	at org.springframework.web.servlet.mvc.method.annotation.RequestMappingHandlerAdapter.invokeHandlerMethod(RequestMappingHandlerAdapter.java:991)
	at org.springframework.web.servlet.mvc.method.annotation.RequestMappingHandlerAdapter.handleInternal(RequestMappingHandlerAdapter.java:896)
	at org.springframework.web.servlet.mvc.method.AbstractHandlerMethodAdapter.handle(AbstractHandlerMethodAdapter.java:87)
	at org.springframework.web.servlet.DispatcherServlet.doDispatch(DispatcherServlet.java:1089)
	at org.springframework.web.servlet.DispatcherServlet.doService(DispatcherServlet.java:979)
	at org.springframework.web.servlet.FrameworkServlet.processRequest(FrameworkServlet.java:1014)
	at org.springframework.web.servlet.FrameworkServlet.doGet(FrameworkServlet.java:903)
	at jakarta.servlet.http.HttpServlet.service(HttpServlet.java:564)
	at org.springframework.web.servlet.FrameworkServlet.service(FrameworkServlet.java:885)
	at jakarta.servlet.http.HttpServlet.service(HttpServlet.java:658)
	at org.apache.catalina.core.ApplicationFilterChain.internalDoFilter(ApplicationFilterChain.java:193)
	at org.apache.catalina.core.ApplicationFilterChain.doFilter(ApplicationFilterChain.java:138)
	at org.apache.tomcat.websocket.server.WsFilter.doFilter(WsFilter.java:51)
	at org.apache.catalina.core.ApplicationFilterChain.internalDoFilter(ApplicationFilterChain.java:162)
	at org.apache.catalina.core.ApplicationFilterChain.doFilter(ApplicationFilterChain.java:138)
	at org.springframework.web.filter.OncePerRequestFilter.doFilter(OncePerRequestFilter.java:110)
	at org.apache.catalina.core.ApplicationFilterChain.internalDoFilter(ApplicationFilterChain.java:162)
	at org.apache.catalina.core.ApplicationFilterChain.doFilter(ApplicationFilterChain.java:138)
	at org.springframework.web.filter.CompositeFilter$VirtualFilterChain.doFilter(CompositeFilter.java:108)
	at org.springframework.web.filter.CompositeFilter$VirtualFilterChain.doFilter(CompositeFilter.java:108)
	at org.springframework.security.web.FilterChainProxy.lambda$doFilterInternal$3(FilterChainProxy.java:231)
	at org.springframework.security.web.ObservationFilterChainDecorator$FilterObservation$SimpleFilterObservation.lambda$wrap$1(ObservationFilterChainDecorator.java:490)
	at org.springframework.security.web.ObservationFilterChainDecorator$AroundFilterObservation$SimpleAroundFilterObservation.lambda$wrap$1(ObservationFilterChainDecorator.java:351)
	at org.springframework.security.web.ObservationFilterChainDecorator.lambda$wrapSecured$0(ObservationFilterChainDecorator.java:83)
	at org.springframework.security.web.ObservationFilterChainDecorator$VirtualFilterChain.doFilter(ObservationFilterChainDecorator.java:129)
	at org.springframework.security.web.access.intercept.AuthorizationFilter.doFilter(AuthorizationFilter.java:101)
	at org.springframework.security.web.ObservationFilterChainDecorator$ObservationFilter.wrapFilter(ObservationFilterChainDecorator.java:241)
	at org.springframework.security.web.ObservationFilterChainDecorator$ObservationFilter.doFilter(ObservationFilterChainDecorator.java:228)
	at org.springframework.security.web.ObservationFilterChainDecorator$VirtualFilterChain.doFilter(ObservationFilterChainDecorator.java:138)
	at org.springframework.security.web.access.ExceptionTranslationFilter.doFilter(ExceptionTranslationFilter.java:125)
	at org.springframework.security.web.access.ExceptionTranslationFilter.doFilter(ExceptionTranslationFilter.java:119)
	at org.springframework.security.web.ObservationFilterChainDecorator$ObservationFilter.wrapFilter(ObservationFilterChainDecorator.java:241)
	at org.springframework.security.web.ObservationFilterChainDecorator$ObservationFilter.doFilter(ObservationFilterChainDecorator.java:228)
	at org.springframework.security.web.ObservationFilterChainDecorator$VirtualFilterChain.doFilter(ObservationFilterChainDecorator.java:138)
	at org.springframework.security.web.session.SessionManagementFilter.doFilter(SessionManagementFilter.java:131)
	at org.springframework.security.web.session.SessionManagementFilter.doFilter(SessionManagementFilter.java:85)
	at org.springframework.security.web.ObservationFilterChainDecorator$ObservationFilter.wrapFilter(ObservationFilterChainDecorator.java:241)
	at org.springframework.security.web.ObservationFilterChainDecorator$ObservationFilter.doFilter(ObservationFilterChainDecorator.java:228)
	at org.springframework.security.web.ObservationFilterChainDecorator$VirtualFilterChain.doFilter(ObservationFilterChainDecorator.java:138)
	at org.springframework.security.web.authentication.AnonymousAuthenticationFilter.doFilter(AnonymousAuthenticationFilter.java:100)
	at org.springframework.security.web.ObservationFilterChainDecorator$ObservationFilter.wrapFilter(ObservationFilterChainDecorator.java:241)
	at org.springframework.security.web.ObservationFilterChainDecorator$ObservationFilter.doFilter(ObservationFilterChainDecorator.java:228)
	at org.springframework.security.web.ObservationFilterChainDecorator$VirtualFilterChain.doFilter(ObservationFilterChainDecorator.java:138)
	at org.springframework.security.web.servletapi.SecurityContextHolderAwareRequestFilter.doFilter(SecurityContextHolderAwareRequestFilter.java:179)
	at org.springframework.security.web.ObservationFilterChainDecorator$ObservationFilter.wrapFilter(ObservationFilterChainDecorator.java:241)
	at org.springframework.security.web.ObservationFilterChainDecorator$ObservationFilter.doFilter(ObservationFilterChainDecorator.java:228)
	at org.springframework.security.web.ObservationFilterChainDecorator$VirtualFilterChain.doFilter(ObservationFilterChainDecorator.java:138)
	at org.springframework.security.web.savedrequest.RequestCacheAwareFilter.doFilter(RequestCacheAwareFilter.java:63)
	at org.springframework.security.web.ObservationFilterChainDecorator$ObservationFilter.wrapFilter(ObservationFilterChainDecorator.java:241)
	at org.springframework.security.web.ObservationFilterChainDecorator$ObservationFilter.doFilter(ObservationFilterChainDecorator.java:228)
	at org.springframework.security.web.ObservationFilterChainDecorator$VirtualFilterChain.doFilter(ObservationFilterChainDecorator.java:138)
	at com.jmp.infrastructure.security.JwtAuthenticationFilter.doFilterInternal(JwtAuthenticationFilter.java:75)
	at org.springframework.web.filter.OncePerRequestFilter.doFilter(OncePerRequestFilter.java:116)
	at org.springframework.security.web.ObservationFilterChainDecorator$ObservationFilter.wrapFilter(ObservationFilterChainDecorator.java:241)
	at org.springframework.security.web.ObservationFilterChainDecorator$ObservationFilter.doFilter(ObservationFilterChainDecorator.java:228)
	at org.springframework.security.web.ObservationFilterChainDecorator$VirtualFilterChain.doFilter(ObservationFilterChainDecorator.java:138)
	at org.springframework.security.web.authentication.logout.LogoutFilter.doFilter(LogoutFilter.java:107)
	at org.springframework.security.web.authentication.logout.LogoutFilter.doFilter(LogoutFilter.java:93)
	at org.springframework.security.web.ObservationFilterChainDecorator$ObservationFilter.wrapFilter(ObservationFilterChainDecorator.java:241)
	at org.springframework.security.web.ObservationFilterChainDecorator$ObservationFilter.doFilter(ObservationFilterChainDecorator.java:228)
	at org.springframework.security.web.ObservationFilterChainDecorator$VirtualFilterChain.doFilter(ObservationFilterChainDecorator.java:138)
	at org.springframework.web.filter.CorsFilter.doFilterInternal(CorsFilter.java:91)
	at org.springframework.web.filter.OncePerRequestFilter.doFilter(OncePerRequestFilter.java:116)
	at org.springframework.security.web.ObservationFilterChainDecorator$ObservationFilter.wrapFilter(ObservationFilterChainDecorator.java:241)
	at org.springframework.security.web.ObservationFilterChainDecorator$ObservationFilter.doFilter(ObservationFilterChainDecorator.java:228)
	at org.springframework.security.web.ObservationFilterChainDecorator$VirtualFilterChain.doFilter(ObservationFilterChainDecorator.java:138)
	at org.springframework.security.web.header.HeaderWriterFilter.doHeadersAfter(HeaderWriterFilter.java:90)
	at org.springframework.security.web.header.HeaderWriterFilter.doFilterInternal(HeaderWriterFilter.java:75)
	at org.springframework.web.filter.OncePerRequestFilter.doFilter(OncePerRequestFilter.java:116)
	at org.springframework.security.web.ObservationFilterChainDecorator$ObservationFilter.wrapFilter(ObservationFilterChainDecorator.java:241)
	at org.springframework.security.web.ObservationFilterChainDecorator$ObservationFilter.doFilter(ObservationFilterChainDecorator.java:228)
	at org.springframework.security.web.ObservationFilterChainDecorator$VirtualFilterChain.doFilter(ObservationFilterChainDecorator.java:138)
	at org.springframework.security.web.context.SecurityContextHolderFilter.doFilter(SecurityContextHolderFilter.java:82)
	at org.springframework.security.web.context.SecurityContextHolderFilter.doFilter(SecurityContextHolderFilter.java:69)
	at org.springframework.security.web.ObservationFilterChainDecorator$ObservationFilter.wrapFilter(ObservationFilterChainDecorator.java:241)
	at org.springframework.security.web.ObservationFilterChainDecorator$ObservationFilter.doFilter(ObservationFilterChainDecorator.java:228)
	at org.springframework.security.web.ObservationFilterChainDecorator$VirtualFilterChain.doFilter(ObservationFilterChainDecorator.java:138)
	at org.springframework.security.web.context.request.async.WebAsyncManagerIntegrationFilter.doFilterInternal(WebAsyncManagerIntegrationFilter.java:62)
	at org.springframework.web.filter.OncePerRequestFilter.doFilter(OncePerRequestFilter.java:116)
	at org.springframework.security.web.ObservationFilterChainDecorator$ObservationFilter.wrapFilter(ObservationFilterChainDecorator.java:241)
	at org.springframework.security.web.ObservationFilterChainDecorator$ObservationFilter.doFilter(ObservationFilterChainDecorator.java:228)
	at org.springframework.security.web.ObservationFilterChainDecorator$VirtualFilterChain.doFilter(ObservationFilterChainDecorator.java:138)
	at org.springframework.security.web.session.DisableEncodeUrlFilter.doFilterInternal(DisableEncodeUrlFilter.java:42)
	at org.springframework.web.filter.OncePerRequestFilter.doFilter(OncePerRequestFilter.java:116)
	at org.springframework.security.web.ObservationFilterChainDecorator$ObservationFilter.wrapFilter(ObservationFilterChainDecorator.java:241)
	at org.springframework.security.web.ObservationFilterChainDecorator$AroundFilterObservation$SimpleAroundFilterObservation.lambda$wrap$0(ObservationFilterChainDecorator.java:334)
	at org.springframework.security.web.ObservationFilterChainDecorator$ObservationFilter.doFilter(ObservationFilterChainDecorator.java:225)
	at org.springframework.security.web.ObservationFilterChainDecorator$VirtualFilterChain.doFilter(ObservationFilterChainDecorator.java:138)
	at org.springframework.security.web.FilterChainProxy.doFilterInternal(FilterChainProxy.java:233)
	at org.springframework.security.web.FilterChainProxy.doFilter(FilterChainProxy.java:191)
	at org.springframework.web.filter.CompositeFilter$VirtualFilterChain.doFilter(CompositeFilter.java:113)
	at org.springframework.web.filter.ServletRequestPathFilter.doFilter(ServletRequestPathFilter.java:52)
	at org.springframework.web.filter.CompositeFilter$VirtualFilterChain.doFilter(CompositeFilter.java:113)
	at org.springframework.web.filter.CompositeFilter.doFilter(CompositeFilter.java:74)
	at org.springframework.security.config.annotation.web.configuration.WebSecurityConfiguration$CompositeFilterChainProxy.doFilter(WebSecurityConfiguration.java:319)
	at org.springframework.web.filter.CompositeFilter$VirtualFilterChain.doFilter(CompositeFilter.java:113)
	at org.springframework.web.servlet.handler.HandlerMappingIntrospector.lambda$createCacheFilter$4(HandlerMappingIntrospector.java:267)
	at org.springframework.web.filter.CompositeFilter$VirtualFilterChain.doFilter(CompositeFilter.java:113)
	at org.springframework.web.filter.CompositeFilter.doFilter(CompositeFilter.java:74)
	at org.springframework.security.config.annotation.web.configuration.WebMvcSecurityConfiguration$CompositeFilterChainProxy.doFilter(WebMvcSecurityConfiguration.java:240)
	at org.springframework.web.filter.DelegatingFilterProxy.invokeDelegate(DelegatingFilterProxy.java:362)
	at org.springframework.web.filter.DelegatingFilterProxy.doFilter(DelegatingFilterProxy.java:278)
	at org.apache.catalina.core.ApplicationFilterChain.internalDoFilter(ApplicationFilterChain.java:162)
	at org.apache.catalina.core.ApplicationFilterChain.doFilter(ApplicationFilterChain.java:138)
	at org.springframework.web.filter.RequestContextFilter.doFilterInternal(RequestContextFilter.java:100)
	at org.springframework.web.filter.OncePerRequestFilter.doFilter(OncePerRequestFilter.java:116)
	at org.apache.catalina.core.ApplicationFilterChain.internalDoFilter(ApplicationFilterChain.java:162)
	at org.apache.catalina.core.ApplicationFilterChain.doFilter(ApplicationFilterChain.java:138)
	at org.springframework.web.filter.FormContentFilter.doFilterInternal(FormContentFilter.java:93)
	at org.springframework.web.filter.OncePerRequestFilter.doFilter(OncePerRequestFilter.java:116)
	at org.apache.catalina.core.ApplicationFilterChain.internalDoFilter(ApplicationFilterChain.java:162)
	at org.apache.catalina.core.ApplicationFilterChain.doFilter(ApplicationFilterChain.java:138)
	at org.springframework.web.filter.ServerHttpObservationFilter.doFilterInternal(ServerHttpObservationFilter.java:110)
	at org.springframework.web.filter.OncePerRequestFilter.doFilter(OncePerRequestFilter.java:116)
	at org.apache.catalina.core.ApplicationFilterChain.internalDoFilter(ApplicationFilterChain.java:162)
	at org.apache.catalina.core.ApplicationFilterChain.doFilter(ApplicationFilterChain.java:138)
	at org.springframework.web.filter.CharacterEncodingFilter.doFilterInternal(CharacterEncodingFilter.java:201)
	at org.springframework.web.filter.OncePerRequestFilter.doFilter(OncePerRequestFilter.java:116)
	at org.apache.catalina.core.ApplicationFilterChain.internalDoFilter(ApplicationFilterChain.java:162)
	at org.apache.catalina.core.ApplicationFilterChain.doFilter(ApplicationFilterChain.java:138)
	at org.apache.catalina.core.StandardWrapperValve.invoke(StandardWrapperValve.java:165)
	at org.apache.catalina.core.StandardContextValve.invoke(StandardContextValve.java:88)
	at org.apache.catalina.authenticator.AuthenticatorBase.invoke(AuthenticatorBase.java:492)
	at org.apache.catalina.core.StandardHostValve.invoke(StandardHostValve.java:113)
	at org.apache.catalina.valves.ErrorReportValve.invoke(ErrorReportValve.java:83)
	at org.apache.catalina.core.StandardEngineValve.invoke(StandardEngineValve.java:72)
	at org.apache.catalina.connector.CoyoteAdapter.service(CoyoteAdapter.java:342)
	at org.apache.coyote.http11.Http11Processor.service(Http11Processor.java:399)
	at org.apache.coyote.AbstractProcessorLight.process(AbstractProcessorLight.java:63)
	at org.apache.coyote.AbstractProtocol$ConnectionHandler.process(AbstractProtocol.java:903)
	at org.apache.tomcat.util.net.NioEndpoint$SocketProcessor.doRun(NioEndpoint.java:1775)
	at org.apache.tomcat.util.net.SocketProcessorBase.run(SocketProcessorBase.java:52)
	at org.apache.tomcat.util.threads.ThreadPoolExecutor.runWorker(ThreadPoolExecutor.java:973)
	at org.apache.tomcat.util.threads.ThreadPoolExecutor$Worker.run(ThreadPoolExecutor.java:491)
	at org.apache.tomcat.util.threads.TaskThread$WrappingRunnable.run(TaskThread.java:63)
	at java.base/java.lang.Thread.run(Thread.java:1474)
Caused by: org.springframework.core.convert.ConversionFailedException: Failed to convert from type [java.lang.String] to type [@org.springframework.web.bind.annotation.RequestParam @org.springframework.format.annotation.DateTimeFormat java.time.Instant] for value [2026-08-21T00:02]
	at org.springframework.core.convert.support.ConversionUtils.invokeConverter(ConversionUtils.java:47)
	at org.springframework.core.convert.support.GenericConversionService.convert(GenericConversionService.java:182)
	at org.springframework.beans.TypeConverterDelegate.convertIfNecessary(TypeConverterDelegate.java:131)
	at org.springframework.beans.TypeConverterSupport.convertIfNecessary(TypeConverterSupport.java:80)
	at org.springframework.beans.TypeConverterSupport.convertIfNecessary(TypeConverterSupport.java:53)
	at org.springframework.validation.DataBinder.convertIfNecessary(DataBinder.java:867)
	at org.springframework.web.method.annotation.AbstractNamedValueMethodArgumentResolver.convertIfNecessary(AbstractNamedValueMethodArgumentResolver.java:293)
	... 141 common frames omitted
Caused by: java.lang.IllegalArgumentException: Parse attempt failed for value [2026-08-21T00:02]
	at org.springframework.format.support.FormattingConversionService$ParserConverter.convert(FormattingConversionService.java:223)
	at org.springframework.format.support.FormattingConversionService$AnnotationParserConverter.convert(FormattingConversionService.java:338)
	at org.springframework.core.convert.support.ConversionUtils.invokeConverter(ConversionUtils.java:41)
	... 147 common frames omitted
Caused by: java.time.format.DateTimeParseException: Unable to parse date time value "2026-08-21T00:02" using configuration from @org.springframework.format.annotation.DateTimeFormat(pattern="", style="SS", iso=DATE_TIME, fallbackPatterns={})
	at org.springframework.format.datetime.standard.TemporalAccessorParser.parse(TemporalAccessorParser.java:120)
	at org.springframework.format.datetime.standard.TemporalAccessorParser.parse(TemporalAccessorParser.java:56)
	at org.springframework.format.support.FormattingConversionService$ParserConverter.convert(FormattingConversionService.java:217)
	... 149 common frames omitted
Caused by: java.time.format.DateTimeParseException: Text '2026-08-21T00:02' could not be parsed: Unable to obtain Instant from TemporalAccessor: {},ISO resolved to 2026-08-21T00:02 of type java.time.format.Parsed
	at java.base/java.time.format.DateTimeFormatter.createError(DateTimeFormatter.java:2079)
	at java.base/java.time.format.DateTimeFormatter.parse(DateTimeFormatter.java:2014)
	at org.springframework.format.datetime.standard.TemporalAccessorParser.doParse(TemporalAccessorParser.java:130)
	at org.springframework.format.datetime.standard.TemporalAccessorParser.parse(TemporalAccessorParser.java:92)
	... 151 common frames omitted
Caused by: java.time.DateTimeException: Unable to obtain Instant from TemporalAccessor: {},ISO resolved to 2026-08-21T00:02 of type java.time.format.Parsed
	at java.base/java.time.Instant.from(Instant.java:381)
	at java.base/java.time.format.Parsed.query(Parsed.java:247)
	at java.base/java.time.format.DateTimeFormatter.parse(DateTimeFormatter.java:2010)
	... 153 common frames omitted
Caused by: java.time.temporal.UnsupportedTemporalTypeException: Unsupported field: InstantSeconds
	at java.base/java.time.format.Parsed.getLong(Parsed.java:215)
	at java.base/java.time.Instant.from(Instant.java:376)
	... 155 common frames omitted
2026-09-20 03:02:19 [http-nio-8080-exec-2] [] DEBUG o.s.security.web.FilterChainProxy - Securing GET /api/v1/analytics/recordings?startDate=2026-08-21T00:02&endDate=2026-09-20T00:02
2026-09-20 03:02:19 [http-nio-8080-exec-1] [] DEBUG o.s.security.web.FilterChainProxy - Securing GET /api/v1/analytics/dashboard
2026-09-20 03:02:19 [http-nio-8080-exec-8] [] ERROR c.j.a.advice.GlobalExceptionHandler - Unexpected error: Method parameter 'startDate': Failed to convert value of type 'java.lang.String' to required type 'java.time.Instant'; Failed to convert from type [java.lang.String] to type [@org.springframework.web.bind.annotation.RequestParam @org.springframework.format.annotation.DateTimeFormat java.time.Instant] for value [2026-08-21T00:02]
org.springframework.web.method.annotation.MethodArgumentTypeMismatchException: Method parameter 'startDate': Failed to convert value of type 'java.lang.String' to required type 'java.time.Instant'; Failed to convert from type [java.lang.String] to type [@org.springframework.web.bind.annotation.RequestParam @org.springframework.format.annotation.DateTimeFormat java.time.Instant] for value [2026-08-21T00:02]
	at org.springframework.web.method.annotation.AbstractNamedValueMethodArgumentResolver.convertIfNecessary(AbstractNamedValueMethodArgumentResolver.java:301)
	at org.springframework.web.method.annotation.AbstractNamedValueMethodArgumentResolver.resolveArgument(AbstractNamedValueMethodArgumentResolver.java:136)
	at org.springframework.web.method.support.HandlerMethodArgumentResolverComposite.resolveArgument(HandlerMethodArgumentResolverComposite.java:122)
	at org.springframework.web.method.support.InvocableHandlerMethod.getMethodArgumentValues(InvocableHandlerMethod.java:227)
	at org.springframework.web.method.support.InvocableHandlerMethod.invokeForRequest(InvocableHandlerMethod.java:181)
	at org.springframework.web.servlet.mvc.method.annotation.ServletInvocableHandlerMethod.invokeAndHandle(ServletInvocableHandlerMethod.java:118)
	at org.springframework.web.servlet.mvc.method.annotation.RequestMappingHandlerAdapter.invokeHandlerMethod(RequestMappingHandlerAdapter.java:991)
	at org.springframework.web.servlet.mvc.method.annotation.RequestMappingHandlerAdapter.handleInternal(RequestMappingHandlerAdapter.java:896)
	at org.springframework.web.servlet.mvc.method.AbstractHandlerMethodAdapter.handle(AbstractHandlerMethodAdapter.java:87)
	at org.springframework.web.servlet.DispatcherServlet.doDispatch(DispatcherServlet.java:1089)
	at org.springframework.web.servlet.DispatcherServlet.doService(DispatcherServlet.java:979)
	at org.springframework.web.servlet.FrameworkServlet.processRequest(FrameworkServlet.java:1014)
	at org.springframework.web.servlet.FrameworkServlet.doGet(FrameworkServlet.java:903)
	at jakarta.servlet.http.HttpServlet.service(HttpServlet.java:564)
	at org.springframework.web.servlet.FrameworkServlet.service(FrameworkServlet.java:885)
	at jakarta.servlet.http.HttpServlet.service(HttpServlet.java:658)
	at org.apache.catalina.core.ApplicationFilterChain.internalDoFilter(ApplicationFilterChain.java:193)
	at org.apache.catalina.core.ApplicationFilterChain.doFilter(ApplicationFilterChain.java:138)
	at org.apache.tomcat.websocket.server.WsFilter.doFilter(WsFilter.java:51)
	at org.apache.catalina.core.ApplicationFilterChain.internalDoFilter(ApplicationFilterChain.java:162)
	at org.apache.catalina.core.ApplicationFilterChain.doFilter(ApplicationFilterChain.java:138)
	at org.springframework.web.filter.OncePerRequestFilter.doFilter(OncePerRequestFilter.java:110)
	at org.apache.catalina.core.ApplicationFilterChain.internalDoFilter(ApplicationFilterChain.java:162)
	at org.apache.catalina.core.ApplicationFilterChain.doFilter(ApplicationFilterChain.java:138)
	at org.springframework.web.filter.CompositeFilter$VirtualFilterChain.doFilter(CompositeFilter.java:108)
	at org.springframework.web.filter.CompositeFilter$VirtualFilterChain.doFilter(CompositeFilter.java:108)
	at org.springframework.security.web.FilterChainProxy.lambda$doFilterInternal$3(FilterChainProxy.java:231)
	at org.springframework.security.web.ObservationFilterChainDecorator$FilterObservation$SimpleFilterObservation.lambda$wrap$1(ObservationFilterChainDecorator.java:490)
	at org.springframework.security.web.ObservationFilterChainDecorator$AroundFilterObservation$SimpleAroundFilterObservation.lambda$wrap$1(ObservationFilterChainDecorator.java:351)
	at org.springframework.security.web.ObservationFilterChainDecorator.lambda$wrapSecured$0(ObservationFilterChainDecorator.java:83)
	at org.springframework.security.web.ObservationFilterChainDecorator$VirtualFilterChain.doFilter(ObservationFilterChainDecorator.java:129)
	at org.springframework.security.web.access.intercept.AuthorizationFilter.doFilter(AuthorizationFilter.java:101)
	at org.springframework.security.web.ObservationFilterChainDecorator$ObservationFilter.wrapFilter(ObservationFilterChainDecorator.java:241)
	at org.springframework.security.web.ObservationFilterChainDecorator$ObservationFilter.doFilter(ObservationFilterChainDecorator.java:228)
	at org.springframework.security.web.ObservationFilterChainDecorator$VirtualFilterChain.doFilter(ObservationFilterChainDecorator.java:138)
	at org.springframework.security.web.access.ExceptionTranslationFilter.doFilter(ExceptionTranslationFilter.java:125)
	at org.springframework.security.web.access.ExceptionTranslationFilter.doFilter(ExceptionTranslationFilter.java:119)
	at org.springframework.security.web.ObservationFilterChainDecorator$ObservationFilter.wrapFilter(ObservationFilterChainDecorator.java:241)
	at org.springframework.security.web.ObservationFilterChainDecorator$ObservationFilter.doFilter(ObservationFilterChainDecorator.java:228)
	at org.springframework.security.web.ObservationFilterChainDecorator$VirtualFilterChain.doFilter(ObservationFilterChainDecorator.java:138)
	at org.springframework.security.web.session.SessionManagementFilter.doFilter(SessionManagementFilter.java:131)
	at org.springframework.security.web.session.SessionManagementFilter.doFilter(SessionManagementFilter.java:85)
	at org.springframework.security.web.ObservationFilterChainDecorator$ObservationFilter.wrapFilter(ObservationFilterChainDecorator.java:241)
	at org.springframework.security.web.ObservationFilterChainDecorator$ObservationFilter.doFilter(ObservationFilterChainDecorator.java:228)
	at org.springframework.security.web.ObservationFilterChainDecorator$VirtualFilterChain.doFilter(ObservationFilterChainDecorator.java:138)
	at org.springframework.security.web.authentication.AnonymousAuthenticationFilter.doFilter(AnonymousAuthenticationFilter.java:100)
	at org.springframework.security.web.ObservationFilterChainDecorator$ObservationFilter.wrapFilter(ObservationFilterChainDecorator.java:241)
	at org.springframework.security.web.ObservationFilterChainDecorator$ObservationFilter.doFilter(ObservationFilterChainDecorator.java:228)
	at org.springframework.security.web.ObservationFilterChainDecorator$VirtualFilterChain.doFilter(ObservationFilterChainDecorator.java:138)
	at org.springframework.security.web.servletapi.SecurityContextHolderAwareRequestFilter.doFilter(SecurityContextHolderAwareRequestFilter.java:179)
	at org.springframework.security.web.ObservationFilterChainDecorator$ObservationFilter.wrapFilter(ObservationFilterChainDecorator.java:241)
	at org.springframework.security.web.ObservationFilterChainDecorator$ObservationFilter.doFilter(ObservationFilterChainDecorator.java:228)
	at org.springframework.security.web.ObservationFilterChainDecorator$VirtualFilterChain.doFilter(ObservationFilterChainDecorator.java:138)
	at org.springframework.security.web.savedrequest.RequestCacheAwareFilter.doFilter(RequestCacheAwareFilter.java:63)
	at org.springframework.security.web.ObservationFilterChainDecorator$ObservationFilter.wrapFilter(ObservationFilterChainDecorator.java:241)
	at org.springframework.security.web.ObservationFilterChainDecorator$ObservationFilter.doFilter(ObservationFilterChainDecorator.java:228)
	at org.springframework.security.web.ObservationFilterChainDecorator$VirtualFilterChain.doFilter(ObservationFilterChainDecorator.java:138)
	at com.jmp.infrastructure.security.JwtAuthenticationFilter.doFilterInternal(JwtAuthenticationFilter.java:75)
	at org.springframework.web.filter.OncePerRequestFilter.doFilter(OncePerRequestFilter.java:116)
	at org.springframework.security.web.ObservationFilterChainDecorator$ObservationFilter.wrapFilter(ObservationFilterChainDecorator.java:241)
	at org.springframework.security.web.ObservationFilterChainDecorator$ObservationFilter.doFilter(ObservationFilterChainDecorator.java:228)
	at org.springframework.security.web.ObservationFilterChainDecorator$VirtualFilterChain.doFilter(ObservationFilterChainDecorator.java:138)
	at org.springframework.security.web.authentication.logout.LogoutFilter.doFilter(LogoutFilter.java:107)
	at org.springframework.security.web.authentication.logout.LogoutFilter.doFilter(LogoutFilter.java:93)
	at org.springframework.security.web.ObservationFilterChainDecorator$ObservationFilter.wrapFilter(ObservationFilterChainDecorator.java:241)
	at org.springframework.security.web.ObservationFilterChainDecorator$ObservationFilter.doFilter(ObservationFilterChainDecorator.java:228)
	at org.springframework.security.web.ObservationFilterChainDecorator$VirtualFilterChain.doFilter(ObservationFilterChainDecorator.java:138)
	at org.springframework.web.filter.CorsFilter.doFilterInternal(CorsFilter.java:91)
	at org.springframework.web.filter.OncePerRequestFilter.doFilter(OncePerRequestFilter.java:116)
	at org.springframework.security.web.ObservationFilterChainDecorator$ObservationFilter.wrapFilter(ObservationFilterChainDecorator.java:241)
	at org.springframework.security.web.ObservationFilterChainDecorator$ObservationFilter.doFilter(ObservationFilterChainDecorator.java:228)
	at org.springframework.security.web.ObservationFilterChainDecorator$VirtualFilterChain.doFilter(ObservationFilterChainDecorator.java:138)
	at org.springframework.security.web.header.HeaderWriterFilter.doHeadersAfter(HeaderWriterFilter.java:90)
	at org.springframework.security.web.header.HeaderWriterFilter.doFilterInternal(HeaderWriterFilter.java:75)
	at org.springframework.web.filter.OncePerRequestFilter.doFilter(OncePerRequestFilter.java:116)
	at org.springframework.security.web.ObservationFilterChainDecorator$ObservationFilter.wrapFilter(ObservationFilterChainDecorator.java:241)
	at org.springframework.security.web.ObservationFilterChainDecorator$ObservationFilter.doFilter(ObservationFilterChainDecorator.java:228)
	at org.springframework.security.web.ObservationFilterChainDecorator$VirtualFilterChain.doFilter(ObservationFilterChainDecorator.java:138)
	at org.springframework.security.web.context.SecurityContextHolderFilter.doFilter(SecurityContextHolderFilter.java:82)
	at org.springframework.security.web.context.SecurityContextHolderFilter.doFilter(SecurityContextHolderFilter.java:69)
	at org.springframework.security.web.ObservationFilterChainDecorator$ObservationFilter.wrapFilter(ObservationFilterChainDecorator.java:241)
	at org.springframework.security.web.ObservationFilterChainDecorator$ObservationFilter.doFilter(ObservationFilterChainDecorator.java:228)
	at org.springframework.security.web.ObservationFilterChainDecorator$VirtualFilterChain.doFilter(ObservationFilterChainDecorator.java:138)
	at org.springframework.security.web.context.request.async.WebAsyncManagerIntegrationFilter.doFilterInternal(WebAsyncManagerIntegrationFilter.java:62)
	at org.springframework.web.filter.OncePerRequestFilter.doFilter(OncePerRequestFilter.java:116)
	at org.springframework.security.web.ObservationFilterChainDecorator$ObservationFilter.wrapFilter(ObservationFilterChainDecorator.java:241)
	at org.springframework.security.web.ObservationFilterChainDecorator$ObservationFilter.doFilter(ObservationFilterChainDecorator.java:228)
	at org.springframework.security.web.ObservationFilterChainDecorator$VirtualFilterChain.doFilter(ObservationFilterChainDecorator.java:138)
	at org.springframework.security.web.session.DisableEncodeUrlFilter.doFilterInternal(DisableEncodeUrlFilter.java:42)
	at org.springframework.web.filter.OncePerRequestFilter.doFilter(OncePerRequestFilter.java:116)
	at org.springframework.security.web.ObservationFilterChainDecorator$ObservationFilter.wrapFilter(ObservationFilterChainDecorator.java:241)
	at org.springframework.security.web.ObservationFilterChainDecorator$AroundFilterObservation$SimpleAroundFilterObservation.lambda$wrap$0(ObservationFilterChainDecorator.java:334)
	at org.springframework.security.web.ObservationFilterChainDecorator$ObservationFilter.doFilter(ObservationFilterChainDecorator.java:225)
	at org.springframework.security.web.ObservationFilterChainDecorator$VirtualFilterChain.doFilter(ObservationFilterChainDecorator.java:138)
	at org.springframework.security.web.FilterChainProxy.doFilterInternal(FilterChainProxy.java:233)
	at org.springframework.security.web.FilterChainProxy.doFilter(FilterChainProxy.java:191)
	at org.springframework.web.filter.CompositeFilter$VirtualFilterChain.doFilter(CompositeFilter.java:113)
	at org.springframework.web.filter.ServletRequestPathFilter.doFilter(ServletRequestPathFilter.java:52)
	at org.springframework.web.filter.CompositeFilter$VirtualFilterChain.doFilter(CompositeFilter.java:113)
	at org.springframework.web.filter.CompositeFilter.doFilter(CompositeFilter.java:74)
	at org.springframework.security.config.annotation.web.configuration.WebSecurityConfiguration$CompositeFilterChainProxy.doFilter(WebSecurityConfiguration.java:319)
	at org.springframework.web.filter.CompositeFilter$VirtualFilterChain.doFilter(CompositeFilter.java:113)
	at org.springframework.web.servlet.handler.HandlerMappingIntrospector.lambda$createCacheFilter$4(HandlerMappingIntrospector.java:267)
	at org.springframework.web.filter.CompositeFilter$VirtualFilterChain.doFilter(CompositeFilter.java:113)
	at org.springframework.web.filter.CompositeFilter.doFilter(CompositeFilter.java:74)
	at org.springframework.security.config.annotation.web.configuration.WebMvcSecurityConfiguration$CompositeFilterChainProxy.doFilter(WebMvcSecurityConfiguration.java:240)
	at org.springframework.web.filter.DelegatingFilterProxy.invokeDelegate(DelegatingFilterProxy.java:362)
	at org.springframework.web.filter.DelegatingFilterProxy.doFilter(DelegatingFilterProxy.java:278)
	at org.apache.catalina.core.ApplicationFilterChain.internalDoFilter(ApplicationFilterChain.java:162)
	at org.apache.catalina.core.ApplicationFilterChain.doFilter(ApplicationFilterChain.java:138)
	at org.springframework.web.filter.RequestContextFilter.doFilterInternal(RequestContextFilter.java:100)
	at org.springframework.web.filter.OncePerRequestFilter.doFilter(OncePerRequestFilter.java:116)
	at org.apache.catalina.core.ApplicationFilterChain.internalDoFilter(ApplicationFilterChain.java:162)
	at org.apache.catalina.core.ApplicationFilterChain.doFilter(ApplicationFilterChain.java:138)
	at org.springframework.web.filter.FormContentFilter.doFilterInternal(FormContentFilter.java:93)
	at org.springframework.web.filter.OncePerRequestFilter.doFilter(OncePerRequestFilter.java:116)
	at org.apache.catalina.core.ApplicationFilterChain.internalDoFilter(ApplicationFilterChain.java:162)
	at org.apache.catalina.core.ApplicationFilterChain.doFilter(ApplicationFilterChain.java:138)
	at org.springframework.web.filter.ServerHttpObservationFilter.doFilterInternal(ServerHttpObservationFilter.java:110)
	at org.springframework.web.filter.OncePerRequestFilter.doFilter(OncePerRequestFilter.java:116)
	at org.apache.catalina.core.ApplicationFilterChain.internalDoFilter(ApplicationFilterChain.java:162)
	at org.apache.catalina.core.ApplicationFilterChain.doFilter(ApplicationFilterChain.java:138)
	at org.springframework.web.filter.CharacterEncodingFilter.doFilterInternal(CharacterEncodingFilter.java:201)
	at org.springframework.web.filter.OncePerRequestFilter.doFilter(OncePerRequestFilter.java:116)
	at org.apache.catalina.core.ApplicationFilterChain.internalDoFilter(ApplicationFilterChain.java:162)
	at org.apache.catalina.core.ApplicationFilterChain.doFilter(ApplicationFilterChain.java:138)
	at org.apache.catalina.core.StandardWrapperValve.invoke(StandardWrapperValve.java:165)
	at org.apache.catalina.core.StandardContextValve.invoke(StandardContextValve.java:88)
	at org.apache.catalina.authenticator.AuthenticatorBase.invoke(AuthenticatorBase.java:492)
	at org.apache.catalina.core.StandardHostValve.invoke(StandardHostValve.java:113)
	at org.apache.catalina.valves.ErrorReportValve.invoke(ErrorReportValve.java:83)
	at org.apache.catalina.core.StandardEngineValve.invoke(StandardEngineValve.java:72)
	at org.apache.catalina.connector.CoyoteAdapter.service(CoyoteAdapter.java:342)
	at org.apache.coyote.http11.Http11Processor.service(Http11Processor.java:399)
	at org.apache.coyote.AbstractProcessorLight.process(AbstractProcessorLight.java:63)
	at org.apache.coyote.AbstractProtocol$ConnectionHandler.process(AbstractProtocol.java:903)
	at org.apache.tomcat.util.net.NioEndpoint$SocketProcessor.doRun(NioEndpoint.java:1775)
	at org.apache.tomcat.util.net.SocketProcessorBase.run(SocketProcessorBase.java:52)
	at org.apache.tomcat.util.threads.ThreadPoolExecutor.runWorker(ThreadPoolExecutor.java:973)
	at org.apache.tomcat.util.threads.ThreadPoolExecutor$Worker.run(ThreadPoolExecutor.java:491)
	at org.apache.tomcat.util.threads.TaskThread$WrappingRunnable.run(TaskThread.java:63)
	at java.base/java.lang.Thread.run(Thread.java:1474)
Caused by: org.springframework.core.convert.ConversionFailedException: Failed to convert from type [java.lang.String] to type [@org.springframework.web.bind.annotation.RequestParam @org.springframework.format.annotation.DateTimeFormat java.time.Instant] for value [2026-08-21T00:02]
	at org.springframework.core.convert.support.ConversionUtils.invokeConverter(ConversionUtils.java:47)
	at org.springframework.core.convert.support.GenericConversionService.convert(GenericConversionService.java:182)
	at org.springframework.beans.TypeConverterDelegate.convertIfNecessary(TypeConverterDelegate.java:131)
	at org.springframework.beans.TypeConverterSupport.convertIfNecessary(TypeConverterSupport.java:80)
	at org.springframework.beans.TypeConverterSupport.convertIfNecessary(TypeConverterSupport.java:53)
	at org.springframework.validation.DataBinder.convertIfNecessary(DataBinder.java:867)
	at org.springframework.web.method.annotation.AbstractNamedValueMethodArgumentResolver.convertIfNecessary(AbstractNamedValueMethodArgumentResolver.java:293)
	... 141 common frames omitted
Caused by: java.lang.IllegalArgumentException: Parse attempt failed for value [2026-08-21T00:02]
	at org.springframework.format.support.FormattingConversionService$ParserConverter.convert(FormattingConversionService.java:223)
	at org.springframework.format.support.FormattingConversionService$AnnotationParserConverter.convert(FormattingConversionService.java:338)
	at org.springframework.core.convert.support.ConversionUtils.invokeConverter(ConversionUtils.java:41)
	... 147 common frames omitted
Caused by: java.time.format.DateTimeParseException: Unable to parse date time value "2026-08-21T00:02" using configuration from @org.springframework.format.annotation.DateTimeFormat(pattern="", style="SS", iso=DATE_TIME, fallbackPatterns={})
	at org.springframework.format.datetime.standard.TemporalAccessorParser.parse(TemporalAccessorParser.java:120)
	at org.springframework.format.datetime.standard.TemporalAccessorParser.parse(TemporalAccessorParser.java:56)
	at org.springframework.format.support.FormattingConversionService$ParserConverter.convert(FormattingConversionService.java:217)
	... 149 common frames omitted
Caused by: java.time.format.DateTimeParseException: Text '2026-08-21T00:02' could not be parsed: Unable to obtain Instant from TemporalAccessor: {},ISO resolved to 2026-08-21T00:02 of type java.time.format.Parsed
	at java.base/java.time.format.DateTimeFormatter.createError(DateTimeFormatter.java:2079)
	at java.base/java.time.format.DateTimeFormatter.parse(DateTimeFormatter.java:2014)
	at org.springframework.format.datetime.standard.TemporalAccessorParser.doParse(TemporalAccessorParser.java:130)
	at org.springframework.format.datetime.standard.TemporalAccessorParser.parse(TemporalAccessorParser.java:92)
	... 151 common frames omitted
Caused by: java.time.DateTimeException: Unable to obtain Instant from TemporalAccessor: {},ISO resolved to 2026-08-21T00:02 of type java.time.format.Parsed
	at java.base/java.time.Instant.from(Instant.java:381)
	at java.base/java.time.format.Parsed.query(Parsed.java:247)
	at java.base/java.time.format.DateTimeFormatter.parse(DateTimeFormatter.java:2010)
	... 153 common frames omitted
Caused by: java.time.temporal.UnsupportedTemporalTypeException: Unsupported field: InstantSeconds
	at java.base/java.time.format.Parsed.getLong(Parsed.java:215)
	at java.base/java.time.Instant.from(Instant.java:376)
	... 155 common frames omitted
2026-09-20 03:02:19 [http-nio-8080-exec-1] [] DEBUG c.j.i.s.JwtAuthenticationFilter - Authenticated user: cccccccc-cccc-cccc-cccc-ccccccccccc1, URI: /api/v1/analytics/dashboard
2026-09-20 03:02:19 [http-nio-8080-exec-2] [] DEBUG c.j.i.s.JwtAuthenticationFilter - Authenticated user: cccccccc-cccc-cccc-cccc-ccccccccccc1, URI: /api/v1/analytics/recordings
2026-09-20 03:02:19 [http-nio-8080-exec-1] [] DEBUG o.s.security.web.FilterChainProxy - Secured GET /api/v1/analytics/dashboard
2026-09-20 03:02:19 [http-nio-8080-exec-2] [] DEBUG o.s.security.web.FilterChainProxy - Secured GET /api/v1/analytics/recordings?startDate=2026-08-21T00:02&endDate=2026-09-20T00:02
2026-09-20 03:02:19 [http-nio-8080-exec-1] [] DEBUG o.s.s.a.m.AuthorizationManagerBeforeMethodInterceptor - Authorizing method invocation ReflectiveMethodInvocation: public org.springframework.http.ResponseEntity com.jmp.api.controller.AnalyticsController.getDashboardMetrics(org.springframework.security.core.Authentication); target is of class [com.jmp.api.controller.AnalyticsController]
2026-09-20 03:02:19 [http-nio-8080-exec-1] [] DEBUG o.s.s.a.m.AuthorizationManagerBeforeMethodInterceptor - Authorized method invocation ReflectiveMethodInvocation: public org.springframework.http.ResponseEntity com.jmp.api.controller.AnalyticsController.getDashboardMetrics(org.springframework.security.core.Authentication); target is of class [com.jmp.api.controller.AnalyticsController]
2026-09-20 03:02:19 [http-nio-8080-exec-2] [] ERROR c.j.a.advice.GlobalExceptionHandler - Unexpected error: Method parameter 'startDate': Failed to convert value of type 'java.lang.String' to required type 'java.time.Instant'; Failed to convert from type [java.lang.String] to type [@org.springframework.web.bind.annotation.RequestParam @org.springframework.format.annotation.DateTimeFormat java.time.Instant] for value [2026-08-21T00:02]
org.springframework.web.method.annotation.MethodArgumentTypeMismatchException: Method parameter 'startDate': Failed to convert value of type 'java.lang.String' to required type 'java.time.Instant'; Failed to convert from type [java.lang.String] to type [@org.springframework.web.bind.annotation.RequestParam @org.springframework.format.annotation.DateTimeFormat java.time.Instant] for value [2026-08-21T00:02]
	at org.springframework.web.method.annotation.AbstractNamedValueMethodArgumentResolver.convertIfNecessary(AbstractNamedValueMethodArgumentResolver.java:301)
	at org.springframework.web.method.annotation.AbstractNamedValueMethodArgumentResolver.resolveArgument(AbstractNamedValueMethodArgumentResolver.java:136)
	at org.springframework.web.method.support.HandlerMethodArgumentResolverComposite.resolveArgument(HandlerMethodArgumentResolverComposite.java:122)
	at org.springframework.web.method.support.InvocableHandlerMethod.getMethodArgumentValues(InvocableHandlerMethod.java:227)
	at org.springframework.web.method.support.InvocableHandlerMethod.invokeForRequest(InvocableHandlerMethod.java:181)
	at org.springframework.web.servlet.mvc.method.annotation.ServletInvocableHandlerMethod.invokeAndHandle(ServletInvocableHandlerMethod.java:118)
	at org.springframework.web.servlet.mvc.method.annotation.RequestMappingHandlerAdapter.invokeHandlerMethod(RequestMappingHandlerAdapter.java:991)
	at org.springframework.web.servlet.mvc.method.annotation.RequestMappingHandlerAdapter.handleInternal(RequestMappingHandlerAdapter.java:896)
	at org.springframework.web.servlet.mvc.method.AbstractHandlerMethodAdapter.handle(AbstractHandlerMethodAdapter.java:87)
	at org.springframework.web.servlet.DispatcherServlet.doDispatch(DispatcherServlet.java:1089)
	at org.springframework.web.servlet.DispatcherServlet.doService(DispatcherServlet.java:979)
	at org.springframework.web.servlet.FrameworkServlet.processRequest(FrameworkServlet.java:1014)
	at org.springframework.web.servlet.FrameworkServlet.doGet(FrameworkServlet.java:903)
	at jakarta.servlet.http.HttpServlet.service(HttpServlet.java:564)
	at org.springframework.web.servlet.FrameworkServlet.service(FrameworkServlet.java:885)
	at jakarta.servlet.http.HttpServlet.service(HttpServlet.java:658)
	at org.apache.catalina.core.ApplicationFilterChain.internalDoFilter(ApplicationFilterChain.java:193)
	at org.apache.catalina.core.ApplicationFilterChain.doFilter(ApplicationFilterChain.java:138)
	at org.apache.tomcat.websocket.server.WsFilter.doFilter(WsFilter.java:51)
	at org.apache.catalina.core.ApplicationFilterChain.internalDoFilter(ApplicationFilterChain.java:162)
	at org.apache.catalina.core.ApplicationFilterChain.doFilter(ApplicationFilterChain.java:138)
	at org.springframework.web.filter.OncePerRequestFilter.doFilter(OncePerRequestFilter.java:110)
	at org.apache.catalina.core.ApplicationFilterChain.internalDoFilter(ApplicationFilterChain.java:162)
	at org.apache.catalina.core.ApplicationFilterChain.doFilter(ApplicationFilterChain.java:138)
	at org.springframework.web.filter.CompositeFilter$VirtualFilterChain.doFilter(CompositeFilter.java:108)
	at org.springframework.web.filter.CompositeFilter$VirtualFilterChain.doFilter(CompositeFilter.java:108)
	at org.springframework.security.web.FilterChainProxy.lambda$doFilterInternal$3(FilterChainProxy.java:231)
	at org.springframework.security.web.ObservationFilterChainDecorator$FilterObservation$SimpleFilterObservation.lambda$wrap$1(ObservationFilterChainDecorator.java:490)
	at org.springframework.security.web.ObservationFilterChainDecorator$AroundFilterObservation$SimpleAroundFilterObservation.lambda$wrap$1(ObservationFilterChainDecorator.java:351)
	at org.springframework.security.web.ObservationFilterChainDecorator.lambda$wrapSecured$0(ObservationFilterChainDecorator.java:83)
	at org.springframework.security.web.ObservationFilterChainDecorator$VirtualFilterChain.doFilter(ObservationFilterChainDecorator.java:129)
	at org.springframework.security.web.access.intercept.AuthorizationFilter.doFilter(AuthorizationFilter.java:101)
	at org.springframework.security.web.ObservationFilterChainDecorator$ObservationFilter.wrapFilter(ObservationFilterChainDecorator.java:241)
	at org.springframework.security.web.ObservationFilterChainDecorator$ObservationFilter.doFilter(ObservationFilterChainDecorator.java:228)
	at org.springframework.security.web.ObservationFilterChainDecorator$VirtualFilterChain.doFilter(ObservationFilterChainDecorator.java:138)
	at org.springframework.security.web.access.ExceptionTranslationFilter.doFilter(ExceptionTranslationFilter.java:125)
	at org.springframework.security.web.access.ExceptionTranslationFilter.doFilter(ExceptionTranslationFilter.java:119)
	at org.springframework.security.web.ObservationFilterChainDecorator$ObservationFilter.wrapFilter(ObservationFilterChainDecorator.java:241)
	at org.springframework.security.web.ObservationFilterChainDecorator$ObservationFilter.doFilter(ObservationFilterChainDecorator.java:228)
	at org.springframework.security.web.ObservationFilterChainDecorator$VirtualFilterChain.doFilter(ObservationFilterChainDecorator.java:138)
	at org.springframework.security.web.session.SessionManagementFilter.doFilter(SessionManagementFilter.java:131)
	at org.springframework.security.web.session.SessionManagementFilter.doFilter(SessionManagementFilter.java:85)
	at org.springframework.security.web.ObservationFilterChainDecorator$ObservationFilter.wrapFilter(ObservationFilterChainDecorator.java:241)
	at org.springframework.security.web.ObservationFilterChainDecorator$ObservationFilter.doFilter(ObservationFilterChainDecorator.java:228)
	at org.springframework.security.web.ObservationFilterChainDecorator$VirtualFilterChain.doFilter(ObservationFilterChainDecorator.java:138)
	at org.springframework.security.web.authentication.AnonymousAuthenticationFilter.doFilter(AnonymousAuthenticationFilter.java:100)
	at org.springframework.security.web.ObservationFilterChainDecorator$ObservationFilter.wrapFilter(ObservationFilterChainDecorator.java:241)
	at org.springframework.security.web.ObservationFilterChainDecorator$ObservationFilter.doFilter(ObservationFilterChainDecorator.java:228)
	at org.springframework.security.web.ObservationFilterChainDecorator$VirtualFilterChain.doFilter(ObservationFilterChainDecorator.java:138)
	at org.springframework.security.web.servletapi.SecurityContextHolderAwareRequestFilter.doFilter(SecurityContextHolderAwareRequestFilter.java:179)
	at org.springframework.security.web.ObservationFilterChainDecorator$ObservationFilter.wrapFilter(ObservationFilterChainDecorator.java:241)
	at org.springframework.security.web.ObservationFilterChainDecorator$ObservationFilter.doFilter(ObservationFilterChainDecorator.java:228)
	at org.springframework.security.web.ObservationFilterChainDecorator$VirtualFilterChain.doFilter(ObservationFilterChainDecorator.java:138)
	at org.springframework.security.web.savedrequest.RequestCacheAwareFilter.doFilter(RequestCacheAwareFilter.java:63)
	at org.springframework.security.web.ObservationFilterChainDecorator$ObservationFilter.wrapFilter(ObservationFilterChainDecorator.java:241)
	at org.springframework.security.web.ObservationFilterChainDecorator$ObservationFilter.doFilter(ObservationFilterChainDecorator.java:228)
	at org.springframework.security.web.ObservationFilterChainDecorator$VirtualFilterChain.doFilter(ObservationFilterChainDecorator.java:138)
	at com.jmp.infrastructure.security.JwtAuthenticationFilter.doFilterInternal(JwtAuthenticationFilter.java:75)
	at org.springframework.web.filter.OncePerRequestFilter.doFilter(OncePerRequestFilter.java:116)
	at org.springframework.security.web.ObservationFilterChainDecorator$ObservationFilter.wrapFilter(ObservationFilterChainDecorator.java:241)
	at org.springframework.security.web.ObservationFilterChainDecorator$ObservationFilter.doFilter(ObservationFilterChainDecorator.java:228)
	at org.springframework.security.web.ObservationFilterChainDecorator$VirtualFilterChain.doFilter(ObservationFilterChainDecorator.java:138)
	at org.springframework.security.web.authentication.logout.LogoutFilter.doFilter(LogoutFilter.java:107)
	at org.springframework.security.web.authentication.logout.LogoutFilter.doFilter(LogoutFilter.java:93)
	at org.springframework.security.web.ObservationFilterChainDecorator$ObservationFilter.wrapFilter(ObservationFilterChainDecorator.java:241)
	at org.springframework.security.web.ObservationFilterChainDecorator$ObservationFilter.doFilter(ObservationFilterChainDecorator.java:228)
	at org.springframework.security.web.ObservationFilterChainDecorator$VirtualFilterChain.doFilter(ObservationFilterChainDecorator.java:138)
	at org.springframework.web.filter.CorsFilter.doFilterInternal(CorsFilter.java:91)
	at org.springframework.web.filter.OncePerRequestFilter.doFilter(OncePerRequestFilter.java:116)
	at org.springframework.security.web.ObservationFilterChainDecorator$ObservationFilter.wrapFilter(ObservationFilterChainDecorator.java:241)
	at org.springframework.security.web.ObservationFilterChainDecorator$ObservationFilter.doFilter(ObservationFilterChainDecorator.java:228)
	at org.springframework.security.web.ObservationFilterChainDecorator$VirtualFilterChain.doFilter(ObservationFilterChainDecorator.java:138)
	at org.springframework.security.web.header.HeaderWriterFilter.doHeadersAfter(HeaderWriterFilter.java:90)
	at org.springframework.security.web.header.HeaderWriterFilter.doFilterInternal(HeaderWriterFilter.java:75)
	at org.springframework.web.filter.OncePerRequestFilter.doFilter(OncePerRequestFilter.java:116)
	at org.springframework.security.web.ObservationFilterChainDecorator$ObservationFilter.wrapFilter(ObservationFilterChainDecorator.java:241)
	at org.springframework.security.web.ObservationFilterChainDecorator$ObservationFilter.doFilter(ObservationFilterChainDecorator.java:228)
	at org.springframework.security.web.ObservationFilterChainDecorator$VirtualFilterChain.doFilter(ObservationFilterChainDecorator.java:138)
	at org.springframework.security.web.context.SecurityContextHolderFilter.doFilter(SecurityContextHolderFilter.java:82)
	at org.springframework.security.web.context.SecurityContextHolderFilter.doFilter(SecurityContextHolderFilter.java:69)
	at org.springframework.security.web.ObservationFilterChainDecorator$ObservationFilter.wrapFilter(ObservationFilterChainDecorator.java:241)
	at org.springframework.security.web.ObservationFilterChainDecorator$ObservationFilter.doFilter(ObservationFilterChainDecorator.java:228)
	at org.springframework.security.web.ObservationFilterChainDecorator$VirtualFilterChain.doFilter(ObservationFilterChainDecorator.java:138)
	at org.springframework.security.web.context.request.async.WebAsyncManagerIntegrationFilter.doFilterInternal(WebAsyncManagerIntegrationFilter.java:62)
	at org.springframework.web.filter.OncePerRequestFilter.doFilter(OncePerRequestFilter.java:116)
	at org.springframework.security.web.ObservationFilterChainDecorator$ObservationFilter.wrapFilter(ObservationFilterChainDecorator.java:241)
	at org.springframework.security.web.ObservationFilterChainDecorator$ObservationFilter.doFilter(ObservationFilterChainDecorator.java:228)
	at org.springframework.security.web.ObservationFilterChainDecorator$VirtualFilterChain.doFilter(ObservationFilterChainDecorator.java:138)
	at org.springframework.security.web.session.DisableEncodeUrlFilter.doFilterInternal(DisableEncodeUrlFilter.java:42)
	at org.springframework.web.filter.OncePerRequestFilter.doFilter(OncePerRequestFilter.java:116)
	at org.springframework.security.web.ObservationFilterChainDecorator$ObservationFilter.wrapFilter(ObservationFilterChainDecorator.java:241)
	at org.springframework.security.web.ObservationFilterChainDecorator$AroundFilterObservation$SimpleAroundFilterObservation.lambda$wrap$0(ObservationFilterChainDecorator.java:334)
	at org.springframework.security.web.ObservationFilterChainDecorator$ObservationFilter.doFilter(ObservationFilterChainDecorator.java:225)
	at org.springframework.security.web.ObservationFilterChainDecorator$VirtualFilterChain.doFilter(ObservationFilterChainDecorator.java:138)
	at org.springframework.security.web.FilterChainProxy.doFilterInternal(FilterChainProxy.java:233)
	at org.springframework.security.web.FilterChainProxy.doFilter(FilterChainProxy.java:191)
	at org.springframework.web.filter.CompositeFilter$VirtualFilterChain.doFilter(CompositeFilter.java:113)
	at org.springframework.web.filter.ServletRequestPathFilter.doFilter(ServletRequestPathFilter.java:52)
	at org.springframework.web.filter.CompositeFilter$VirtualFilterChain.doFilter(CompositeFilter.java:113)
	at org.springframework.web.filter.CompositeFilter.doFilter(CompositeFilter.java:74)
	at org.springframework.security.config.annotation.web.configuration.WebSecurityConfiguration$CompositeFilterChainProxy.doFilter(WebSecurityConfiguration.java:319)
	at org.springframework.web.filter.CompositeFilter$VirtualFilterChain.doFilter(CompositeFilter.java:113)
	at org.springframework.web.servlet.handler.HandlerMappingIntrospector.lambda$createCacheFilter$4(HandlerMappingIntrospector.java:267)
	at org.springframework.web.filter.CompositeFilter$VirtualFilterChain.doFilter(CompositeFilter.java:113)
	at org.springframework.web.filter.CompositeFilter.doFilter(CompositeFilter.java:74)
	at org.springframework.security.config.annotation.web.configuration.WebMvcSecurityConfiguration$CompositeFilterChainProxy.doFilter(WebMvcSecurityConfiguration.java:240)
	at org.springframework.web.filter.DelegatingFilterProxy.invokeDelegate(DelegatingFilterProxy.java:362)
	at org.springframework.web.filter.DelegatingFilterProxy.doFilter(DelegatingFilterProxy.java:278)
	at org.apache.catalina.core.ApplicationFilterChain.internalDoFilter(ApplicationFilterChain.java:162)
	at org.apache.catalina.core.ApplicationFilterChain.doFilter(ApplicationFilterChain.java:138)
	at org.springframework.web.filter.RequestContextFilter.doFilterInternal(RequestContextFilter.java:100)
	at org.springframework.web.filter.OncePerRequestFilter.doFilter(OncePerRequestFilter.java:116)
	at org.apache.catalina.core.ApplicationFilterChain.internalDoFilter(ApplicationFilterChain.java:162)
	at org.apache.catalina.core.ApplicationFilterChain.doFilter(ApplicationFilterChain.java:138)
	at org.springframework.web.filter.FormContentFilter.doFilterInternal(FormContentFilter.java:93)
	at org.springframework.web.filter.OncePerRequestFilter.doFilter(OncePerRequestFilter.java:116)
	at org.apache.catalina.core.ApplicationFilterChain.internalDoFilter(ApplicationFilterChain.java:162)
	at org.apache.catalina.core.ApplicationFilterChain.doFilter(ApplicationFilterChain.java:138)
	at org.springframework.web.filter.ServerHttpObservationFilter.doFilterInternal(ServerHttpObservationFilter.java:110)
	at org.springframework.web.filter.OncePerRequestFilter.doFilter(OncePerRequestFilter.java:116)
	at org.apache.catalina.core.ApplicationFilterChain.internalDoFilter(ApplicationFilterChain.java:162)
	at org.apache.catalina.core.ApplicationFilterChain.doFilter(ApplicationFilterChain.java:138)
	at org.springframework.web.filter.CharacterEncodingFilter.doFilterInternal(CharacterEncodingFilter.java:201)
	at org.springframework.web.filter.OncePerRequestFilter.doFilter(OncePerRequestFilter.java:116)
	at org.apache.catalina.core.ApplicationFilterChain.internalDoFilter(ApplicationFilterChain.java:162)
	at org.apache.catalina.core.ApplicationFilterChain.doFilter(ApplicationFilterChain.java:138)
	at org.apache.catalina.core.StandardWrapperValve.invoke(StandardWrapperValve.java:165)
	at org.apache.catalina.core.StandardContextValve.invoke(StandardContextValve.java:88)
	at org.apache.catalina.authenticator.AuthenticatorBase.invoke(AuthenticatorBase.java:492)
	at org.apache.catalina.core.StandardHostValve.invoke(StandardHostValve.java:113)
	at org.apache.catalina.valves.ErrorReportValve.invoke(ErrorReportValve.java:83)
	at org.apache.catalina.core.StandardEngineValve.invoke(StandardEngineValve.java:72)
	at org.apache.catalina.connector.CoyoteAdapter.service(CoyoteAdapter.java:342)
	at org.apache.coyote.http11.Http11Processor.service(Http11Processor.java:399)
	at org.apache.coyote.AbstractProcessorLight.process(AbstractProcessorLight.java:63)
	at org.apache.coyote.AbstractProtocol$ConnectionHandler.process(AbstractProtocol.java:903)
	at org.apache.tomcat.util.net.NioEndpoint$SocketProcessor.doRun(NioEndpoint.java:1775)
	at org.apache.tomcat.util.net.SocketProcessorBase.run(SocketProcessorBase.java:52)
	at org.apache.tomcat.util.threads.ThreadPoolExecutor.runWorker(ThreadPoolExecutor.java:973)
	at org.apache.tomcat.util.threads.ThreadPoolExecutor$Worker.run(ThreadPoolExecutor.java:491)
	at org.apache.tomcat.util.threads.TaskThread$WrappingRunnable.run(TaskThread.java:63)
	at java.base/java.lang.Thread.run(Thread.java:1474)
Caused by: org.springframework.core.convert.ConversionFailedException: Failed to convert from type [java.lang.String] to type [@org.springframework.web.bind.annotation.RequestParam @org.springframework.format.annotation.DateTimeFormat java.time.Instant] for value [2026-08-21T00:02]
	at org.springframework.core.convert.support.ConversionUtils.invokeConverter(ConversionUtils.java:47)
	at org.springframework.core.convert.support.GenericConversionService.convert(GenericConversionService.java:182)
	at org.springframework.beans.TypeConverterDelegate.convertIfNecessary(TypeConverterDelegate.java:131)
	at org.springframework.beans.TypeConverterSupport.convertIfNecessary(TypeConverterSupport.java:80)
	at org.springframework.beans.TypeConverterSupport.convertIfNecessary(TypeConverterSupport.java:53)
	at org.springframework.validation.DataBinder.convertIfNecessary(DataBinder.java:867)
	at org.springframework.web.method.annotation.AbstractNamedValueMethodArgumentResolver.convertIfNecessary(AbstractNamedValueMethodArgumentResolver.java:293)
	... 141 common frames omitted
Caused by: java.lang.IllegalArgumentException: Parse attempt failed for value [2026-08-21T00:02]
	at org.springframework.format.support.FormattingConversionService$ParserConverter.convert(FormattingConversionService.java:223)
	at org.springframework.format.support.FormattingConversionService$AnnotationParserConverter.convert(FormattingConversionService.java:338)
	at org.springframework.core.convert.support.ConversionUtils.invokeConverter(ConversionUtils.java:41)
	... 147 common frames omitted
Caused by: java.time.format.DateTimeParseException: Unable to parse date time value "2026-08-21T00:02" using configuration from @org.springframework.format.annotation.DateTimeFormat(pattern="", style="SS", iso=DATE_TIME, fallbackPatterns={})
	at org.springframework.format.datetime.standard.TemporalAccessorParser.parse(TemporalAccessorParser.java:120)
	at org.springframework.format.datetime.standard.TemporalAccessorParser.parse(TemporalAccessorParser.java:56)
	at org.springframework.format.support.FormattingConversionService$ParserConverter.convert(FormattingConversionService.java:217)
	... 149 common frames omitted
Caused by: java.time.format.DateTimeParseException: Text '2026-08-21T00:02' could not be parsed: Unable to obtain Instant from TemporalAccessor: {},ISO resolved to 2026-08-21T00:02 of type java.time.format.Parsed
	at java.base/java.time.format.DateTimeFormatter.createError(DateTimeFormatter.java:2079)
	at java.base/java.time.format.DateTimeFormatter.parse(DateTimeFormatter.java:2014)
	at org.springframework.format.datetime.standard.TemporalAccessorParser.doParse(TemporalAccessorParser.java:130)
	at org.springframework.format.datetime.standard.TemporalAccessorParser.parse(TemporalAccessorParser.java:92)
	... 151 common frames omitted
Caused by: java.time.DateTimeException: Unable to obtain Instant from TemporalAccessor: {},ISO resolved to 2026-08-21T00:02 of type java.time.format.Parsed
	at java.base/java.time.Instant.from(Instant.java:381)
	at java.base/java.time.format.Parsed.query(Parsed.java:247)
	at java.base/java.time.format.DateTimeFormatter.parse(DateTimeFormatter.java:2010)
	... 153 common frames omitted
Caused by: java.time.temporal.UnsupportedTemporalTypeException: Unsupported field: InstantSeconds
	at java.base/java.time.format.Parsed.getLong(Parsed.java:215)
	at java.base/java.time.Instant.from(Instant.java:376)
	... 155 common frames omitted
2026-09-20 03:02:21 [http-nio-8080-exec-4] [] DEBUG o.s.security.web.FilterChainProxy - Securing GET /actuator/prometheus
2026-09-20 03:02:21 [http-nio-8080-exec-4] [] DEBUG o.s.s.w.a.AnonymousAuthenticationFilter - Set SecurityContextHolder to anonymous SecurityContext
2026-09-20 03:02:21 [http-nio-8080-exec-4] [] DEBUG o.s.s.w.a.Http403ForbiddenEntryPoint - Pre-authenticated entry point called. Rejecting access
2026-09-20 03:02:21 [http-nio-8080-exec-4] [] DEBUG o.s.security.web.FilterChainProxy - Securing GET /error
2026-09-20 03:02:21 [http-nio-8080-exec-4] [] DEBUG o.s.s.w.a.AnonymousAuthenticationFilter - Set SecurityContextHolder to anonymous SecurityContext
2026-09-20 03:02:21 [http-nio-8080-exec-4] [] DEBUG o.s.s.w.a.Http403ForbiddenEntryPoint - Pre-authenticated entry point called. Rejecting access
2026-09-20 03:02:22 [http-nio-8080-exec-10] [] DEBUG o.s.security.web.FilterChainProxy - Securing GET /api/v1/conferences?search=
2026-09-20 03:02:22 [http-nio-8080-exec-10] [] DEBUG c.j.i.s.JwtAuthenticationFilter - Authenticated user: cccccccc-cccc-cccc-cccc-ccccccccccc1, URI: /api/v1/conferences
2026-09-20 03:02:22 [http-nio-8080-exec-10] [] DEBUG o.s.security.web.FilterChainProxy - Secured GET /api/v1/conferences?search=
2026-09-20 03:02:22 [http-nio-8080-exec-10] [] DEBUG o.s.s.a.m.AuthorizationManagerBeforeMethodInterceptor - Authorizing method invocation ReflectiveMethodInvocation: public org.springframework.http.ResponseEntity com.jmp.api.controller.ConferenceController.listConferences(org.springframework.data.domain.Pageable,java.lang.String,org.springframework.security.core.Authentication); target is of class [com.jmp.api.controller.ConferenceController]
2026-09-20 03:02:22 [http-nio-8080-exec-10] [] DEBUG o.s.s.a.m.AuthorizationManagerBeforeMethodInterceptor - Authorized method invocation ReflectiveMethodInvocation: public org.springframework.http.ResponseEntity com.jmp.api.controller.ConferenceController.listConferences(org.springframework.data.domain.Pageable,java.lang.String,org.springframework.security.core.Authentication); target is of class [com.jmp.api.controller.ConferenceController]
2026-09-20 03:02:22 [http-nio-8080-exec-5] [] DEBUG o.s.security.web.FilterChainProxy - Securing GET /api/v1/conferences?search=
2026-09-20 03:02:22 [http-nio-8080-exec-5] [] DEBUG c.j.i.s.JwtAuthenticationFilter - Authenticated user: cccccccc-cccc-cccc-cccc-ccccccccccc1, URI: /api/v1/conferences
2026-09-20 03:02:22 [http-nio-8080-exec-5] [] DEBUG o.s.security.web.FilterChainProxy - Secured GET /api/v1/conferences?search=
2026-09-20 03:02:22 [http-nio-8080-exec-5] [] DEBUG o.s.s.a.m.AuthorizationManagerBeforeMethodInterceptor - Authorizing method invocation ReflectiveMethodInvocation: public org.springframework.http.ResponseEntity com.jmp.api.controller.ConferenceController.listConferences(org.springframework.data.domain.Pageable,java.lang.String,org.springframework.security.core.Authentication); target is of class [com.jmp.api.controller.ConferenceController]
2026-09-20 03:02:22 [http-nio-8080-exec-5] [] DEBUG o.s.s.a.m.AuthorizationManagerBeforeMethodInterceptor - Authorized method invocation ReflectiveMethodInvocation: public org.springframework.http.ResponseEntity com.jmp.api.controller.ConferenceController.listConferences(org.springframework.data.domain.Pageable,java.lang.String,org.springframework.security.core.Authentication); target is of class [com.jmp.api.controller.ConferenceController]
2026-09-20 03:02:26 [http-nio-8080-exec-3] [] DEBUG o.s.security.web.FilterChainProxy - Securing GET /actuator/prometheus
2026-09-20 03:02:26 [http-nio-8080-exec-3] [] DEBUG o.s.s.w.a.AnonymousAuthenticationFilter - Set SecurityContextHolder to anonymous SecurityContext
2026-09-20 03:02:26 [http-nio-8080-exec-3] [] DEBUG o.s.s.w.a.Http403ForbiddenEntryPoint - Pre-authenticated entry point called. Rejecting access
2026-09-20 03:02:26 [http-nio-8080-exec-3] [] DEBUG o.s.security.web.FilterChainProxy - Securing GET /error
2026-09-20 03:02:26 [http-nio-8080-exec-3] [] DEBUG o.s.s.w.a.AnonymousAuthenticationFilter - Set SecurityContextHolder to anonymous SecurityContext
2026-09-20 03:02:26 [http-nio-8080-exec-3] [] DEBUG o.s.s.w.a.Http403ForbiddenEntryPoint - Pre-authenticated entry point called. Rejecting access
2026-09-20 03:02:27 [http-nio-8080-exec-7] [] DEBUG o.s.security.web.FilterChainProxy - Securing GET /api/v1/tenants
2026-09-20 03:02:27 [http-nio-8080-exec-7] [] DEBUG c.j.i.s.JwtAuthenticationFilter - Authenticated user: cccccccc-cccc-cccc-cccc-ccccccccccc1, URI: /api/v1/tenants
2026-09-20 03:02:27 [http-nio-8080-exec-7] [] DEBUG o.s.security.web.FilterChainProxy - Secured GET /api/v1/tenants
2026-09-20 03:02:27 [http-nio-8080-exec-7] [] DEBUG o.s.s.a.m.AuthorizationManagerBeforeMethodInterceptor - Authorizing method invocation ReflectiveMethodInvocation: public org.springframework.http.ResponseEntity com.jmp.api.controller.TenantController.listTenants(org.springframework.data.domain.Pageable,java.lang.String); target is of class [com.jmp.api.controller.TenantController]
2026-09-20 03:02:27 [http-nio-8080-exec-7] [] DEBUG o.s.s.a.m.AuthorizationManagerBeforeMethodInterceptor - Authorized method invocation ReflectiveMethodInvocation: public org.springframework.http.ResponseEntity com.jmp.api.controller.TenantController.listTenants(org.springframework.data.domain.Pageable,java.lang.String); target is of class [com.jmp.api.controller.TenantController]
2026-09-20 03:02:27 [http-nio-8080-exec-9] [] DEBUG o.s.security.web.FilterChainProxy - Securing GET /api/v1/tenants
2026-09-20 03:02:27 [http-nio-8080-exec-9] [] DEBUG c.j.i.s.JwtAuthenticationFilter - Authenticated user: cccccccc-cccc-cccc-cccc-ccccccccccc1, URI: /api/v1/tenants
2026-09-20 03:02:27 [http-nio-8080-exec-9] [] DEBUG o.s.security.web.FilterChainProxy - Secured GET /api/v1/tenants
2026-09-20 03:02:27 [http-nio-8080-exec-9] [] DEBUG o.s.s.a.m.AuthorizationManagerBeforeMethodInterceptor - Authorizing method invocation ReflectiveMethodInvocation: public org.springframework.http.ResponseEntity com.jmp.api.controller.TenantController.listTenants(org.springframework.data.domain.Pageable,java.lang.String); target is of class [com.jmp.api.controller.TenantController]
2026-09-20 03:02:27 [http-nio-8080-exec-9] [] DEBUG o.s.s.a.m.AuthorizationManagerBeforeMethodInterceptor - Authorized method invocation ReflectiveMethodInvocation: public org.springframework.http.ResponseEntity com.jmp.api.controller.TenantController.listTenants(org.springframework.data.domain.Pageable,java.lang.String); target is of class [com.jmp.api.controller.TenantController]
2026-09-20 03:02:31 [http-nio-8080-exec-6] [] DEBUG o.s.security.web.FilterChainProxy - Securing GET /actuator/prometheus
2026-09-20 03:02:31 [http-nio-8080-exec-6] [] DEBUG o.s.s.w.a.AnonymousAuthenticationFilter - Set SecurityContextHolder to anonymous SecurityContext
2026-09-20 03:02:31 [http-nio-8080-exec-6] [] DEBUG o.s.s.w.a.Http403ForbiddenEntryPoint - Pre-authenticated entry point called. Rejecting access
2026-09-20 03:02:31 [http-nio-8080-exec-6] [] DEBUG o.s.security.web.FilterChainProxy - Securing GET /error
2026-09-20 03:02:31 [http-nio-8080-exec-6] [] DEBUG o.s.s.w.a.AnonymousAuthenticationFilter - Set SecurityContextHolder to anonymous SecurityContext
2026-09-20 03:02:31 [http-nio-8080-exec-6] [] DEBUG o.s.s.w.a.Http403ForbiddenEntryPoint - Pre-authenticated entry point called. Rejecting access
2026-09-20 03:02:36 [http-nio-8080-exec-8] [] DEBUG o.s.security.web.FilterChainProxy - Securing GET /actuator/prometheus
2026-09-20 03:02:36 [http-nio-8080-exec-8] [] DEBUG o.s.s.w.a.AnonymousAuthenticationFilter - Set SecurityContextHolder to anonymous SecurityContext
2026-09-20 03:02:36 [http-nio-8080-exec-8] [] DEBUG o.s.s.w.a.Http403ForbiddenEntryPoint - Pre-authenticated entry point called. Rejecting access
2026-09-20 03:02:36 [http-nio-8080-exec-8] [] DEBUG o.s.security.web.FilterChainProxy - Securing GET /error
2026-09-20 03:02:36 [http-nio-8080-exec-8] [] DEBUG o.s.s.w.a.AnonymousAuthenticationFilter - Set SecurityContextHolder to anonymous SecurityContext
2026-09-20 03:02:36 [http-nio-8080-exec-8] [] DEBUG o.s.s.w.a.Http403ForbiddenEntryPoint - Pre-authenticated entry point called. Rejecting access
2026-09-20 03:02:41 [http-nio-8080-exec-2] [] DEBUG o.s.security.web.FilterChainProxy - Securing GET /actuator/prometheus
2026-09-20 03:02:41 [http-nio-8080-exec-2] [] DEBUG o.s.s.w.a.AnonymousAuthenticationFilter - Set SecurityContextHolder to anonymous SecurityContext
2026-09-20 03:02:41 [http-nio-8080-exec-2] [] DEBUG o.s.s.w.a.Http403ForbiddenEntryPoint - Pre-authenticated entry point called. Rejecting access
2026-09-20 03:02:41 [http-nio-8080-exec-2] [] DEBUG o.s.security.web.FilterChainProxy - Securing GET /error
2026-09-20 03:02:41 [http-nio-8080-exec-2] [] DEBUG o.s.s.w.a.AnonymousAuthenticationFilter - Set SecurityContextHolder to anonymous SecurityContext
2026-09-20 03:02:41 [http-nio-8080-exec-2] [] DEBUG o.s.s.w.a.Http403ForbiddenEntryPoint - Pre-authenticated entry point called. Rejecting access
2026-09-20 03:02:46 [http-nio-8080-exec-1] [] DEBUG o.s.security.web.FilterChainProxy - Securing GET /actuator/prometheus
2026-09-20 03:02:46 [http-nio-8080-exec-1] [] DEBUG o.s.s.w.a.AnonymousAuthenticationFilter - Set SecurityContextHolder to anonymous SecurityContext
2026-09-20 03:02:46 [http-nio-8080-exec-1] [] DEBUG o.s.s.w.a.Http403ForbiddenEntryPoint - Pre-authenticated entry point called. Rejecting access
2026-09-20 03:02:46 [http-nio-8080-exec-1] [] DEBUG o.s.security.web.FilterChainProxy - Securing GET /error
2026-09-20 03:02:46 [http-nio-8080-exec-1] [] DEBUG o.s.s.w.a.AnonymousAuthenticationFilter - Set SecurityContextHolder to anonymous SecurityContext
2026-09-20 03:02:46 [http-nio-8080-exec-1] [] DEBUG o.s.s.w.a.Http403ForbiddenEntryPoint - Pre-authenticated entry point called. Rejecting access
2026-09-20 03:02:51 [http-nio-8080-exec-4] [] DEBUG o.s.security.web.FilterChainProxy - Securing GET /actuator/prometheus
2026-09-20 03:02:51 [http-nio-8080-exec-4] [] DEBUG o.s.s.w.a.AnonymousAuthenticationFilter - Set SecurityContextHolder to anonymous SecurityContext
2026-09-20 03:02:51 [http-nio-8080-exec-4] [] DEBUG o.s.s.w.a.Http403ForbiddenEntryPoint - Pre-authenticated entry point called. Rejecting access
2026-09-20 03:02:51 [http-nio-8080-exec-4] [] DEBUG o.s.security.web.FilterChainProxy - Securing GET /error
2026-09-20 03:02:51 [http-nio-8080-exec-4] [] DEBUG o.s.s.w.a.AnonymousAuthenticationFilter - Set SecurityContextHolder to anonymous SecurityContext
2026-09-20 03:02:51 [http-nio-8080-exec-4] [] DEBUG o.s.s.w.a.Http403ForbiddenEntryPoint - Pre-authenticated entry point called. Rejecting access
2026-09-20 03:02:56 [http-nio-8080-exec-10] [] DEBUG o.s.security.web.FilterChainProxy - Securing GET /actuator/prometheus
2026-09-20 03:02:56 [http-nio-8080-exec-10] [] DEBUG o.s.s.w.a.AnonymousAuthenticationFilter - Set SecurityContextHolder to anonymous SecurityContext
2026-09-20 03:02:56 [http-nio-8080-exec-10] [] DEBUG o.s.s.w.a.Http403ForbiddenEntryPoint - Pre-authenticated entry point called. Rejecting access
2026-09-20 03:02:56 [http-nio-8080-exec-10] [] DEBUG o.s.security.web.FilterChainProxy - Securing GET /error
2026-09-20 03:02:56 [http-nio-8080-exec-10] [] DEBUG o.s.s.w.a.AnonymousAuthenticationFilter - Set SecurityContextHolder to anonymous SecurityContext
2026-09-20 03:02:56 [http-nio-8080-exec-10] [] DEBUG o.s.s.w.a.Http403ForbiddenEntryPoint - Pre-authenticated entry point called. Rejecting access
2026-09-20 03:03:01 [http-nio-8080-exec-5] [] DEBUG o.s.security.web.FilterChainProxy - Securing GET /actuator/prometheus
2026-09-20 03:03:01 [http-nio-8080-exec-5] [] DEBUG o.s.s.w.a.AnonymousAuthenticationFilter - Set SecurityContextHolder to anonymous SecurityContext
2026-09-20 03:03:01 [http-nio-8080-exec-5] [] DEBUG o.s.s.w.a.Http403ForbiddenEntryPoint - Pre-authenticated entry point called. Rejecting access
2026-09-20 03:03:01 [http-nio-8080-exec-5] [] DEBUG o.s.security.web.FilterChainProxy - Securing GET /error
2026-09-20 03:03:01 [http-nio-8080-exec-5] [] DEBUG o.s.s.w.a.AnonymousAuthenticationFilter - Set SecurityContextHolder to anonymous SecurityContext
2026-09-20 03:03:01 [http-nio-8080-exec-5] [] DEBUG o.s.s.w.a.Http403ForbiddenEntryPoint - Pre-authenticated entry point called. Rejecting access
2026-09-20 03:03:06 [http-nio-8080-exec-3] [] DEBUG o.s.security.web.FilterChainProxy - Securing GET /actuator/prometheus
2026-09-20 03:03:06 [http-nio-8080-exec-3] [] DEBUG o.s.s.w.a.AnonymousAuthenticationFilter - Set SecurityContextHolder to anonymous SecurityContext
2026-09-20 03:03:06 [http-nio-8080-exec-3] [] DEBUG o.s.s.w.a.Http403ForbiddenEntryPoint - Pre-authenticated entry point called. Rejecting access
2026-09-20 03:03:06 [http-nio-8080-exec-3] [] DEBUG o.s.security.web.FilterChainProxy - Securing GET /error
2026-09-20 03:03:06 [http-nio-8080-exec-3] [] DEBUG o.s.s.w.a.AnonymousAuthenticationFilter - Set SecurityContextHolder to anonymous SecurityContext
2026-09-20 03:03:06 [http-nio-8080-exec-3] [] DEBUG o.s.s.w.a.Http403ForbiddenEntryPoint - Pre-authenticated entry point called. Rejecting access
2026-09-20 03:03:11 [http-nio-8080-exec-7] [] DEBUG o.s.security.web.FilterChainProxy - Securing GET /actuator/prometheus
2026-09-20 03:03:11 [http-nio-8080-exec-7] [] DEBUG o.s.s.w.a.AnonymousAuthenticationFilter - Set SecurityContextHolder to anonymous SecurityContext
2026-09-20 03:03:11 [http-nio-8080-exec-7] [] DEBUG o.s.s.w.a.Http403ForbiddenEntryPoint - Pre-authenticated entry point called. Rejecting access
2026-09-20 03:03:11 [http-nio-8080-exec-7] [] DEBUG o.s.security.web.FilterChainProxy - Securing GET /error
2026-09-20 03:03:11 [http-nio-8080-exec-7] [] DEBUG o.s.s.w.a.AnonymousAuthenticationFilter - Set SecurityContextHolder to anonymous SecurityContext
2026-09-20 03:03:11 [http-nio-8080-exec-7] [] DEBUG o.s.s.w.a.Http403ForbiddenEntryPoint - Pre-authenticated entry point called. Rejecting access
2026-09-20 03:03:16 [http-nio-8080-exec-9] [] DEBUG o.s.security.web.FilterChainProxy - Securing GET /actuator/prometheus
2026-09-20 03:03:16 [http-nio-8080-exec-9] [] DEBUG o.s.s.w.a.AnonymousAuthenticationFilter - Set SecurityContextHolder to anonymous SecurityContext
2026-09-20 03:03:16 [http-nio-8080-exec-9] [] DEBUG o.s.s.w.a.Http403ForbiddenEntryPoint - Pre-authenticated entry point called. Rejecting access
2026-09-20 03:03:16 [http-nio-8080-exec-9] [] DEBUG o.s.security.web.FilterChainProxy - Securing GET /error
2026-09-20 03:03:16 [http-nio-8080-exec-9] [] DEBUG o.s.s.w.a.AnonymousAuthenticationFilter - Set SecurityContextHolder to anonymous SecurityContext
2026-09-20 03:03:16 [http-nio-8080-exec-9] [] DEBUG o.s.s.w.a.Http403ForbiddenEntryPoint - Pre-authenticated entry point called. Rejecting access
2026-09-20 03:03:21 [http-nio-8080-exec-6] [] DEBUG o.s.security.web.FilterChainProxy - Securing GET /actuator/prometheus
2026-09-20 03:03:21 [http-nio-8080-exec-6] [] DEBUG o.s.s.w.a.AnonymousAuthenticationFilter - Set SecurityContextHolder to anonymous SecurityContext
2026-09-20 03:03:21 [http-nio-8080-exec-6] [] DEBUG o.s.s.w.a.Http403ForbiddenEntryPoint - Pre-authenticated entry point called. Rejecting access
2026-09-20 03:03:21 [http-nio-8080-exec-6] [] DEBUG o.s.security.web.FilterChainProxy - Securing GET /error
2026-09-20 03:03:21 [http-nio-8080-exec-6] [] DEBUG o.s.s.w.a.AnonymousAuthenticationFilter - Set SecurityContextHolder to anonymous SecurityContext
2026-09-20 03:03:21 [http-nio-8080-exec-6] [] DEBUG o.s.s.w.a.Http403ForbiddenEntryPoint - Pre-authenticated entry point called. Rejecting access
2026-09-20 03:03:26 [http-nio-8080-exec-8] [] DEBUG o.s.security.web.FilterChainProxy - Securing GET /actuator/prometheus
2026-09-20 03:03:26 [http-nio-8080-exec-8] [] DEBUG o.s.s.w.a.AnonymousAuthenticationFilter - Set SecurityContextHolder to anonymous SecurityContext
2026-09-20 03:03:26 [http-nio-8080-exec-8] [] DEBUG o.s.s.w.a.Http403ForbiddenEntryPoint - Pre-authenticated entry point called. Rejecting access
2026-09-20 03:03:26 [http-nio-8080-exec-8] [] DEBUG o.s.security.web.FilterChainProxy - Securing GET /error
2026-09-20 03:03:26 [http-nio-8080-exec-8] [] DEBUG o.s.s.w.a.AnonymousAuthenticationFilter - Set SecurityContextHolder to anonymous SecurityContext
2026-09-20 03:03:26 [http-nio-8080-exec-8] [] DEBUG o.s.s.w.a.Http403ForbiddenEntryPoint - Pre-authenticated entry point called. Rejecting access
2026-09-20 03:03:31 [http-nio-8080-exec-2] [] DEBUG o.s.security.web.FilterChainProxy - Securing GET /actuator/prometheus
2026-09-20 03:03:31 [http-nio-8080-exec-2] [] DEBUG o.s.s.w.a.AnonymousAuthenticationFilter - Set SecurityContextHolder to anonymous SecurityContext
2026-09-20 03:03:31 [http-nio-8080-exec-2] [] DEBUG o.s.s.w.a.Http403ForbiddenEntryPoint - Pre-authenticated entry point called. Rejecting access
2026-09-20 03:03:31 [http-nio-8080-exec-2] [] DEBUG o.s.security.web.FilterChainProxy - Securing GET /error
2026-09-20 03:03:31 [http-nio-8080-exec-2] [] DEBUG o.s.s.w.a.AnonymousAuthenticationFilter - Set SecurityContextHolder to anonymous SecurityContext
2026-09-20 03:03:31 [http-nio-8080-exec-2] [] DEBUG o.s.s.w.a.Http403ForbiddenEntryPoint - Pre-authenticated entry point called. Rejecting access
2026-09-20 03:03:36 [http-nio-8080-exec-1] [] DEBUG o.s.security.web.FilterChainProxy - Securing GET /actuator/prometheus
2026-09-20 03:03:36 [http-nio-8080-exec-1] [] DEBUG o.s.s.w.a.AnonymousAuthenticationFilter - Set SecurityContextHolder to anonymous SecurityContext
2026-09-20 03:03:36 [http-nio-8080-exec-1] [] DEBUG o.s.s.w.a.Http403ForbiddenEntryPoint - Pre-authenticated entry point called. Rejecting access
2026-09-20 03:03:36 [http-nio-8080-exec-1] [] DEBUG o.s.security.web.FilterChainProxy - Securing GET /error
2026-09-20 03:03:36 [http-nio-8080-exec-1] [] DEBUG o.s.s.w.a.AnonymousAuthenticationFilter - Set SecurityContextHolder to anonymous SecurityContext
2026-09-20 03:03:36 [http-nio-8080-exec-1] [] DEBUG o.s.s.w.a.Http403ForbiddenEntryPoint - Pre-authenticated entry point called. Rejecting access
2026-09-20 03:03:41 [http-nio-8080-exec-4] [] DEBUG o.s.security.web.FilterChainProxy - Securing GET /actuator/prometheus
2026-09-20 03:03:41 [http-nio-8080-exec-4] [] DEBUG o.s.s.w.a.AnonymousAuthenticationFilter - Set SecurityContextHolder to anonymous SecurityContext
2026-09-20 03:03:41 [http-nio-8080-exec-4] [] DEBUG o.s.s.w.a.Http403ForbiddenEntryPoint - Pre-authenticated entry point called. Rejecting access
2026-09-20 03:03:41 [http-nio-8080-exec-4] [] DEBUG o.s.security.web.FilterChainProxy - Securing GET /error
2026-09-20 03:03:41 [http-nio-8080-exec-4] [] DEBUG o.s.s.w.a.AnonymousAuthenticationFilter - Set SecurityContextHolder to anonymous SecurityContext
2026-09-20 03:03:41 [http-nio-8080-exec-4] [] DEBUG o.s.s.w.a.Http403ForbiddenEntryPoint - Pre-authenticated entry point called. Rejecting access
2026-09-20 03:03:46 [http-nio-8080-exec-10] [] DEBUG o.s.security.web.FilterChainProxy - Securing GET /actuator/prometheus
2026-09-20 03:03:46 [http-nio-8080-exec-10] [] DEBUG o.s.s.w.a.AnonymousAuthenticationFilter - Set SecurityContextHolder to anonymous SecurityContext
2026-09-20 03:03:46 [http-nio-8080-exec-10] [] DEBUG o.s.s.w.a.Http403ForbiddenEntryPoint - Pre-authenticated entry point called. Rejecting access
2026-09-20 03:03:46 [http-nio-8080-exec-10] [] DEBUG o.s.security.web.FilterChainProxy - Securing GET /error
2026-09-20 03:03:46 [http-nio-8080-exec-10] [] DEBUG o.s.s.w.a.AnonymousAuthenticationFilter - Set SecurityContextHolder to anonymous SecurityContext
2026-09-20 03:03:46 [http-nio-8080-exec-10] [] DEBUG o.s.s.w.a.Http403ForbiddenEntryPoint - Pre-authenticated entry point called. Rejecting access
2026-09-20 03:03:47 [http-nio-8080-exec-3] [] DEBUG o.s.security.web.FilterChainProxy - Securing GET /api/v1/conferences/active
2026-09-20 03:03:47 [http-nio-8080-exec-5] [] DEBUG o.s.security.web.FilterChainProxy - Securing GET /api/v1/conferences/upcoming
2026-09-20 03:03:47 [http-nio-8080-exec-7] [] DEBUG o.s.security.web.FilterChainProxy - Securing GET /api/v1/analytics/dashboard
2026-09-20 03:03:47 [http-nio-8080-exec-3] [] DEBUG c.j.i.s.JwtAuthenticationFilter - Authenticated user: cccccccc-cccc-cccc-cccc-ccccccccccc1, URI: /api/v1/conferences/active
2026-09-20 03:03:47 [http-nio-8080-exec-3] [] DEBUG o.s.security.web.FilterChainProxy - Secured GET /api/v1/conferences/active
2026-09-20 03:03:47 [http-nio-8080-exec-3] [] DEBUG o.s.s.a.m.AuthorizationManagerBeforeMethodInterceptor - Authorizing method invocation ReflectiveMethodInvocation: public org.springframework.http.ResponseEntity com.jmp.api.controller.ConferenceController.getActiveConferences(org.springframework.security.core.Authentication); target is of class [com.jmp.api.controller.ConferenceController]
2026-09-20 03:03:47 [http-nio-8080-exec-3] [] DEBUG o.s.s.a.m.AuthorizationManagerBeforeMethodInterceptor - Authorized method invocation ReflectiveMethodInvocation: public org.springframework.http.ResponseEntity com.jmp.api.controller.ConferenceController.getActiveConferences(org.springframework.security.core.Authentication); target is of class [com.jmp.api.controller.ConferenceController]
2026-09-20 03:03:47 [http-nio-8080-exec-5] [] DEBUG c.j.i.s.JwtAuthenticationFilter - Authenticated user: cccccccc-cccc-cccc-cccc-ccccccccccc1, URI: /api/v1/conferences/upcoming
2026-09-20 03:03:47 [http-nio-8080-exec-7] [] DEBUG c.j.i.s.JwtAuthenticationFilter - Authenticated user: cccccccc-cccc-cccc-cccc-ccccccccccc1, URI: /api/v1/analytics/dashboard
2026-09-20 03:03:47 [http-nio-8080-exec-5] [] DEBUG o.s.security.web.FilterChainProxy - Secured GET /api/v1/conferences/upcoming
2026-09-20 03:03:47 [http-nio-8080-exec-5] [] DEBUG o.s.s.a.m.AuthorizationManagerBeforeMethodInterceptor - Authorizing method invocation ReflectiveMethodInvocation: public org.springframework.http.ResponseEntity com.jmp.api.controller.ConferenceController.getUpcomingConferences(org.springframework.security.core.Authentication); target is of class [com.jmp.api.controller.ConferenceController]
2026-09-20 03:03:47 [http-nio-8080-exec-7] [] DEBUG o.s.security.web.FilterChainProxy - Secured GET /api/v1/analytics/dashboard
2026-09-20 03:03:47 [http-nio-8080-exec-7] [] DEBUG o.s.s.a.m.AuthorizationManagerBeforeMethodInterceptor - Authorizing method invocation ReflectiveMethodInvocation: public org.springframework.http.ResponseEntity com.jmp.api.controller.AnalyticsController.getDashboardMetrics(org.springframework.security.core.Authentication); target is of class [com.jmp.api.controller.AnalyticsController]
2026-09-20 03:03:47 [http-nio-8080-exec-5] [] DEBUG o.s.s.a.m.AuthorizationManagerBeforeMethodInterceptor - Authorized method invocation ReflectiveMethodInvocation: public org.springframework.http.ResponseEntity com.jmp.api.controller.ConferenceController.getUpcomingConferences(org.springframework.security.core.Authentication); target is of class [com.jmp.api.controller.ConferenceController]
2026-09-20 03:03:47 [http-nio-8080-exec-7] [] DEBUG o.s.s.a.m.AuthorizationManagerBeforeMethodInterceptor - Authorized method invocation ReflectiveMethodInvocation: public org.springframework.http.ResponseEntity com.jmp.api.controller.AnalyticsController.getDashboardMetrics(org.springframework.security.core.Authentication); target is of class [com.jmp.api.controller.AnalyticsController]
2026-09-20 03:03:47 [http-nio-8080-exec-9] [] DEBUG o.s.security.web.FilterChainProxy - Securing GET /api/v1/conferences/active
2026-09-20 03:03:47 [http-nio-8080-exec-6] [] DEBUG o.s.security.web.FilterChainProxy - Securing GET /api/v1/conferences/upcoming
2026-09-20 03:03:47 [http-nio-8080-exec-9] [] DEBUG c.j.i.s.JwtAuthenticationFilter - Authenticated user: cccccccc-cccc-cccc-cccc-ccccccccccc1, URI: /api/v1/conferences/active
2026-09-20 03:03:47 [http-nio-8080-exec-9] [] DEBUG o.s.security.web.FilterChainProxy - Secured GET /api/v1/conferences/active
2026-09-20 03:03:47 [http-nio-8080-exec-9] [] DEBUG o.s.s.a.m.AuthorizationManagerBeforeMethodInterceptor - Authorizing method invocation ReflectiveMethodInvocation: public org.springframework.http.ResponseEntity com.jmp.api.controller.ConferenceController.getActiveConferences(org.springframework.security.core.Authentication); target is of class [com.jmp.api.controller.ConferenceController]
2026-09-20 03:03:47 [http-nio-8080-exec-9] [] DEBUG o.s.s.a.m.AuthorizationManagerBeforeMethodInterceptor - Authorized method invocation ReflectiveMethodInvocation: public org.springframework.http.ResponseEntity com.jmp.api.controller.ConferenceController.getActiveConferences(org.springframework.security.core.Authentication); target is of class [com.jmp.api.controller.ConferenceController]
2026-09-20 03:03:47 [http-nio-8080-exec-6] [] DEBUG c.j.i.s.JwtAuthenticationFilter - Authenticated user: cccccccc-cccc-cccc-cccc-ccccccccccc1, URI: /api/v1/conferences/upcoming
2026-09-20 03:03:47 [http-nio-8080-exec-6] [] DEBUG o.s.security.web.FilterChainProxy - Secured GET /api/v1/conferences/upcoming
2026-09-20 03:03:47 [http-nio-8080-exec-6] [] DEBUG o.s.s.a.m.AuthorizationManagerBeforeMethodInterceptor - Authorizing method invocation ReflectiveMethodInvocation: public org.springframework.http.ResponseEntity com.jmp.api.controller.ConferenceController.getUpcomingConferences(org.springframework.security.core.Authentication); target is of class [com.jmp.api.controller.ConferenceController]
2026-09-20 03:03:47 [http-nio-8080-exec-6] [] DEBUG o.s.s.a.m.AuthorizationManagerBeforeMethodInterceptor - Authorized method invocation ReflectiveMethodInvocation: public org.springframework.http.ResponseEntity com.jmp.api.controller.ConferenceController.getUpcomingConferences(org.springframework.security.core.Authentication); target is of class [com.jmp.api.controller.ConferenceController]
2026-09-20 03:03:47 [http-nio-8080-exec-8] [] DEBUG o.s.security.web.FilterChainProxy - Securing GET /api/v1/analytics/dashboard
2026-09-20 03:03:47 [http-nio-8080-exec-2] [] DEBUG o.s.security.web.FilterChainProxy - Securing GET /api/v1/analytics/system-health
2026-09-20 03:03:47 [http-nio-8080-exec-8] [] DEBUG c.j.i.s.JwtAuthenticationFilter - Authenticated user: cccccccc-cccc-cccc-cccc-ccccccccccc1, URI: /api/v1/analytics/dashboard
2026-09-20 03:03:47 [http-nio-8080-exec-8] [] DEBUG o.s.security.web.FilterChainProxy - Secured GET /api/v1/analytics/dashboard
2026-09-20 03:03:47 [http-nio-8080-exec-8] [] DEBUG o.s.s.a.m.AuthorizationManagerBeforeMethodInterceptor - Authorizing method invocation ReflectiveMethodInvocation: public org.springframework.http.ResponseEntity com.jmp.api.controller.AnalyticsController.getDashboardMetrics(org.springframework.security.core.Authentication); target is of class [com.jmp.api.controller.AnalyticsController]
2026-09-20 03:03:47 [http-nio-8080-exec-8] [] DEBUG o.s.s.a.m.AuthorizationManagerBeforeMethodInterceptor - Authorized method invocation ReflectiveMethodInvocation: public org.springframework.http.ResponseEntity com.jmp.api.controller.AnalyticsController.getDashboardMetrics(org.springframework.security.core.Authentication); target is of class [com.jmp.api.controller.AnalyticsController]
2026-09-20 03:03:47 [http-nio-8080-exec-2] [] DEBUG c.j.i.s.JwtAuthenticationFilter - Authenticated user: cccccccc-cccc-cccc-cccc-ccccccccccc1, URI: /api/v1/analytics/system-health
2026-09-20 03:03:47 [http-nio-8080-exec-2] [] DEBUG o.s.security.web.FilterChainProxy - Secured GET /api/v1/analytics/system-health
2026-09-20 03:03:47 [http-nio-8080-exec-2] [] DEBUG o.s.s.a.m.AuthorizationManagerBeforeMethodInterceptor - Authorizing method invocation ReflectiveMethodInvocation: public org.springframework.http.ResponseEntity com.jmp.api.controller.AnalyticsController.getSystemHealthMetrics(); target is of class [com.jmp.api.controller.AnalyticsController]
2026-09-20 03:03:47 [http-nio-8080-exec-2] [] DEBUG o.s.s.a.m.AuthorizationManagerBeforeMethodInterceptor - Authorized method invocation ReflectiveMethodInvocation: public org.springframework.http.ResponseEntity com.jmp.api.controller.AnalyticsController.getSystemHealthMetrics(); target is of class [com.jmp.api.controller.AnalyticsController]
2026-09-20 03:03:48 [http-nio-8080-exec-1] [] DEBUG o.s.security.web.FilterChainProxy - Securing GET /api/v1/analytics/system-health
2026-09-20 03:03:48 [http-nio-8080-exec-1] [] DEBUG c.j.i.s.JwtAuthenticationFilter - Authenticated user: cccccccc-cccc-cccc-cccc-ccccccccccc1, URI: /api/v1/analytics/system-health
2026-09-20 03:03:48 [http-nio-8080-exec-1] [] DEBUG o.s.security.web.FilterChainProxy - Secured GET /api/v1/analytics/system-health
2026-09-20 03:03:48 [http-nio-8080-exec-1] [] DEBUG o.s.s.a.m.AuthorizationManagerBeforeMethodInterceptor - Authorizing method invocation ReflectiveMethodInvocation: public org.springframework.http.ResponseEntity com.jmp.api.controller.AnalyticsController.getSystemHealthMetrics(); target is of class [com.jmp.api.controller.AnalyticsController]
2026-09-20 03:03:48 [http-nio-8080-exec-1] [] DEBUG o.s.s.a.m.AuthorizationManagerBeforeMethodInterceptor - Authorized method invocation ReflectiveMethodInvocation: public org.springframework.http.ResponseEntity com.jmp.api.controller.AnalyticsController.getSystemHealthMetrics(); target is of class [com.jmp.api.controller.AnalyticsController]
2026-09-20 03:03:51 [http-nio-8080-exec-4] [] DEBUG o.s.security.web.FilterChainProxy - Securing GET /api/v1/conferences?search=
2026-09-20 03:03:51 [http-nio-8080-exec-4] [] DEBUG c.j.i.s.JwtAuthenticationFilter - Authenticated user: cccccccc-cccc-cccc-cccc-ccccccccccc1, URI: /api/v1/conferences
2026-09-20 03:03:51 [http-nio-8080-exec-4] [] DEBUG o.s.security.web.FilterChainProxy - Secured GET /api/v1/conferences?search=
2026-09-20 03:03:51 [http-nio-8080-exec-4] [] DEBUG o.s.s.a.m.AuthorizationManagerBeforeMethodInterceptor - Authorizing method invocation ReflectiveMethodInvocation: public org.springframework.http.ResponseEntity com.jmp.api.controller.ConferenceController.listConferences(org.springframework.data.domain.Pageable,java.lang.String,org.springframework.security.core.Authentication); target is of class [com.jmp.api.controller.ConferenceController]
2026-09-20 03:03:51 [http-nio-8080-exec-4] [] DEBUG o.s.s.a.m.AuthorizationManagerBeforeMethodInterceptor - Authorized method invocation ReflectiveMethodInvocation: public org.springframework.http.ResponseEntity com.jmp.api.controller.ConferenceController.listConferences(org.springframework.data.domain.Pageable,java.lang.String,org.springframework.security.core.Authentication); target is of class [com.jmp.api.controller.ConferenceController]
2026-09-20 03:03:51 [http-nio-8080-exec-10] [] DEBUG o.s.security.web.FilterChainProxy - Securing GET /api/v1/conferences?search=
2026-09-20 03:03:51 [http-nio-8080-exec-10] [] DEBUG c.j.i.s.JwtAuthenticationFilter - Authenticated user: cccccccc-cccc-cccc-cccc-ccccccccccc1, URI: /api/v1/conferences
2026-09-20 03:03:51 [http-nio-8080-exec-10] [] DEBUG o.s.security.web.FilterChainProxy - Secured GET /api/v1/conferences?search=
2026-09-20 03:03:51 [http-nio-8080-exec-10] [] DEBUG o.s.s.a.m.AuthorizationManagerBeforeMethodInterceptor - Authorizing method invocation ReflectiveMethodInvocation: public org.springframework.http.ResponseEntity com.jmp.api.controller.ConferenceController.listConferences(org.springframework.data.domain.Pageable,java.lang.String,org.springframework.security.core.Authentication); target is of class [com.jmp.api.controller.ConferenceController]
2026-09-20 03:03:51 [http-nio-8080-exec-10] [] DEBUG o.s.s.a.m.AuthorizationManagerBeforeMethodInterceptor - Authorized method invocation ReflectiveMethodInvocation: public org.springframework.http.ResponseEntity com.jmp.api.controller.ConferenceController.listConferences(org.springframework.data.domain.Pageable,java.lang.String,org.springframework.security.core.Authentication); target is of class [com.jmp.api.controller.ConferenceController]
2026-09-20 03:03:51 [http-nio-8080-exec-3] [] DEBUG o.s.security.web.FilterChainProxy - Securing GET /actuator/prometheus
2026-09-20 03:03:51 [http-nio-8080-exec-3] [] DEBUG o.s.s.w.a.AnonymousAuthenticationFilter - Set SecurityContextHolder to anonymous SecurityContext
2026-09-20 03:03:51 [http-nio-8080-exec-3] [] DEBUG o.s.s.w.a.Http403ForbiddenEntryPoint - Pre-authenticated entry point called. Rejecting access
2026-09-20 03:03:51 [http-nio-8080-exec-3] [] DEBUG o.s.security.web.FilterChainProxy - Securing GET /error
2026-09-20 03:03:51 [http-nio-8080-exec-3] [] DEBUG o.s.s.w.a.AnonymousAuthenticationFilter - Set SecurityContextHolder to anonymous SecurityContext
2026-09-20 03:03:51 [http-nio-8080-exec-3] [] DEBUG o.s.s.w.a.Http403ForbiddenEntryPoint - Pre-authenticated entry point called. Rejecting access
2026-09-20 03:03:54 [http-nio-8080-exec-5] [] DEBUG o.s.security.web.FilterChainProxy - Securing GET /api/v1/analytics/dashboard
2026-09-20 03:03:54 [http-nio-8080-exec-7] [] DEBUG o.s.security.web.FilterChainProxy - Securing GET /api/v1/analytics/recordings?startDate=2026-08-21T00:03&endDate=2026-09-20T00:03
2026-09-20 03:03:54 [http-nio-8080-exec-9] [] DEBUG o.s.security.web.FilterChainProxy - Securing GET /api/v1/analytics/usage-report?startDate=2026-08-21T00:03&endDate=2026-09-20T00:03
2026-09-20 03:03:54 [http-nio-8080-exec-6] [] DEBUG o.s.security.web.FilterChainProxy - Securing GET /api/v1/analytics/participants?startDate=2026-08-21T00:03&endDate=2026-09-20T00:03
2026-09-20 03:03:54 [http-nio-8080-exec-5] [] DEBUG c.j.i.s.JwtAuthenticationFilter - Authenticated user: cccccccc-cccc-cccc-cccc-ccccccccccc1, URI: /api/v1/analytics/dashboard
2026-09-20 03:03:54 [http-nio-8080-exec-5] [] DEBUG o.s.security.web.FilterChainProxy - Secured GET /api/v1/analytics/dashboard
2026-09-20 03:03:54 [http-nio-8080-exec-5] [] DEBUG o.s.s.a.m.AuthorizationManagerBeforeMethodInterceptor - Authorizing method invocation ReflectiveMethodInvocation: public org.springframework.http.ResponseEntity com.jmp.api.controller.AnalyticsController.getDashboardMetrics(org.springframework.security.core.Authentication); target is of class [com.jmp.api.controller.AnalyticsController]
2026-09-20 03:03:54 [http-nio-8080-exec-5] [] DEBUG o.s.s.a.m.AuthorizationManagerBeforeMethodInterceptor - Authorized method invocation ReflectiveMethodInvocation: public org.springframework.http.ResponseEntity com.jmp.api.controller.AnalyticsController.getDashboardMetrics(org.springframework.security.core.Authentication); target is of class [com.jmp.api.controller.AnalyticsController]
2026-09-20 03:03:54 [http-nio-8080-exec-7] [] DEBUG c.j.i.s.JwtAuthenticationFilter - Authenticated user: cccccccc-cccc-cccc-cccc-ccccccccccc1, URI: /api/v1/analytics/recordings
2026-09-20 03:03:54 [http-nio-8080-exec-7] [] DEBUG o.s.security.web.FilterChainProxy - Secured GET /api/v1/analytics/recordings?startDate=2026-08-21T00:03&endDate=2026-09-20T00:03
2026-09-20 03:03:54 [http-nio-8080-exec-9] [] DEBUG c.j.i.s.JwtAuthenticationFilter - Authenticated user: cccccccc-cccc-cccc-cccc-ccccccccccc1, URI: /api/v1/analytics/usage-report
2026-09-20 03:03:54 [http-nio-8080-exec-9] [] DEBUG o.s.security.web.FilterChainProxy - Secured GET /api/v1/analytics/usage-report?startDate=2026-08-21T00:03&endDate=2026-09-20T00:03
2026-09-20 03:03:54 [http-nio-8080-exec-6] [] DEBUG c.j.i.s.JwtAuthenticationFilter - Authenticated user: cccccccc-cccc-cccc-cccc-ccccccccccc1, URI: /api/v1/analytics/participants
2026-09-20 03:03:54 [http-nio-8080-exec-6] [] DEBUG o.s.security.web.FilterChainProxy - Secured GET /api/v1/analytics/participants?startDate=2026-08-21T00:03&endDate=2026-09-20T00:03
2026-09-20 03:03:54 [http-nio-8080-exec-7] [] ERROR c.j.a.advice.GlobalExceptionHandler - Unexpected error: Method parameter 'startDate': Failed to convert value of type 'java.lang.String' to required type 'java.time.Instant'; Failed to convert from type [java.lang.String] to type [@org.springframework.web.bind.annotation.RequestParam @org.springframework.format.annotation.DateTimeFormat java.time.Instant] for value [2026-08-21T00:03]
org.springframework.web.method.annotation.MethodArgumentTypeMismatchException: Method parameter 'startDate': Failed to convert value of type 'java.lang.String' to required type 'java.time.Instant'; Failed to convert from type [java.lang.String] to type [@org.springframework.web.bind.annotation.RequestParam @org.springframework.format.annotation.DateTimeFormat java.time.Instant] for value [2026-08-21T00:03]
	at org.springframework.web.method.annotation.AbstractNamedValueMethodArgumentResolver.convertIfNecessary(AbstractNamedValueMethodArgumentResolver.java:301)
	at org.springframework.web.method.annotation.AbstractNamedValueMethodArgumentResolver.resolveArgument(AbstractNamedValueMethodArgumentResolver.java:136)
	at org.springframework.web.method.support.HandlerMethodArgumentResolverComposite.resolveArgument(HandlerMethodArgumentResolverComposite.java:122)
	at org.springframework.web.method.support.InvocableHandlerMethod.getMethodArgumentValues(InvocableHandlerMethod.java:227)
	at org.springframework.web.method.support.InvocableHandlerMethod.invokeForRequest(InvocableHandlerMethod.java:181)
	at org.springframework.web.servlet.mvc.method.annotation.ServletInvocableHandlerMethod.invokeAndHandle(ServletInvocableHandlerMethod.java:118)
	at org.springframework.web.servlet.mvc.method.annotation.RequestMappingHandlerAdapter.invokeHandlerMethod(RequestMappingHandlerAdapter.java:991)
	at org.springframework.web.servlet.mvc.method.annotation.RequestMappingHandlerAdapter.handleInternal(RequestMappingHandlerAdapter.java:896)
	at org.springframework.web.servlet.mvc.method.AbstractHandlerMethodAdapter.handle(AbstractHandlerMethodAdapter.java:87)
	at org.springframework.web.servlet.DispatcherServlet.doDispatch(DispatcherServlet.java:1089)
	at org.springframework.web.servlet.DispatcherServlet.doService(DispatcherServlet.java:979)
	at org.springframework.web.servlet.FrameworkServlet.processRequest(FrameworkServlet.java:1014)
	at org.springframework.web.servlet.FrameworkServlet.doGet(FrameworkServlet.java:903)
	at jakarta.servlet.http.HttpServlet.service(HttpServlet.java:564)
	at org.springframework.web.servlet.FrameworkServlet.service(FrameworkServlet.java:885)
	at jakarta.servlet.http.HttpServlet.service(HttpServlet.java:658)
	at org.apache.catalina.core.ApplicationFilterChain.internalDoFilter(ApplicationFilterChain.java:193)
	at org.apache.catalina.core.ApplicationFilterChain.doFilter(ApplicationFilterChain.java:138)
	at org.apache.tomcat.websocket.server.WsFilter.doFilter(WsFilter.java:51)
	at org.apache.catalina.core.ApplicationFilterChain.internalDoFilter(ApplicationFilterChain.java:162)
	at org.apache.catalina.core.ApplicationFilterChain.doFilter(ApplicationFilterChain.java:138)
	at org.springframework.web.filter.OncePerRequestFilter.doFilter(OncePerRequestFilter.java:110)
	at org.apache.catalina.core.ApplicationFilterChain.internalDoFilter(ApplicationFilterChain.java:162)
	at org.apache.catalina.core.ApplicationFilterChain.doFilter(ApplicationFilterChain.java:138)
	at org.springframework.web.filter.CompositeFilter$VirtualFilterChain.doFilter(CompositeFilter.java:108)
	at org.springframework.web.filter.CompositeFilter$VirtualFilterChain.doFilter(CompositeFilter.java:108)
	at org.springframework.security.web.FilterChainProxy.lambda$doFilterInternal$3(FilterChainProxy.java:231)
	at org.springframework.security.web.ObservationFilterChainDecorator$FilterObservation$SimpleFilterObservation.lambda$wrap$1(ObservationFilterChainDecorator.java:490)
	at org.springframework.security.web.ObservationFilterChainDecorator$AroundFilterObservation$SimpleAroundFilterObservation.lambda$wrap$1(ObservationFilterChainDecorator.java:351)
	at org.springframework.security.web.ObservationFilterChainDecorator.lambda$wrapSecured$0(ObservationFilterChainDecorator.java:83)
	at org.springframework.security.web.ObservationFilterChainDecorator$VirtualFilterChain.doFilter(ObservationFilterChainDecorator.java:129)
	at org.springframework.security.web.access.intercept.AuthorizationFilter.doFilter(AuthorizationFilter.java:101)
	at org.springframework.security.web.ObservationFilterChainDecorator$ObservationFilter.wrapFilter(ObservationFilterChainDecorator.java:241)
	at org.springframework.security.web.ObservationFilterChainDecorator$ObservationFilter.doFilter(ObservationFilterChainDecorator.java:228)
	at org.springframework.security.web.ObservationFilterChainDecorator$VirtualFilterChain.doFilter(ObservationFilterChainDecorator.java:138)
	at org.springframework.security.web.access.ExceptionTranslationFilter.doFilter(ExceptionTranslationFilter.java:125)
	at org.springframework.security.web.access.ExceptionTranslationFilter.doFilter(ExceptionTranslationFilter.java:119)
	at org.springframework.security.web.ObservationFilterChainDecorator$ObservationFilter.wrapFilter(ObservationFilterChainDecorator.java:241)
	at org.springframework.security.web.ObservationFilterChainDecorator$ObservationFilter.doFilter(ObservationFilterChainDecorator.java:228)
	at org.springframework.security.web.ObservationFilterChainDecorator$VirtualFilterChain.doFilter(ObservationFilterChainDecorator.java:138)
	at org.springframework.security.web.session.SessionManagementFilter.doFilter(SessionManagementFilter.java:131)
	at org.springframework.security.web.session.SessionManagementFilter.doFilter(SessionManagementFilter.java:85)
	at org.springframework.security.web.ObservationFilterChainDecorator$ObservationFilter.wrapFilter(ObservationFilterChainDecorator.java:241)
	at org.springframework.security.web.ObservationFilterChainDecorator$ObservationFilter.doFilter(ObservationFilterChainDecorator.java:228)
	at org.springframework.security.web.ObservationFilterChainDecorator$VirtualFilterChain.doFilter(ObservationFilterChainDecorator.java:138)
	at org.springframework.security.web.authentication.AnonymousAuthenticationFilter.doFilter(AnonymousAuthenticationFilter.java:100)
	at org.springframework.security.web.ObservationFilterChainDecorator$ObservationFilter.wrapFilter(ObservationFilterChainDecorator.java:241)
	at org.springframework.security.web.ObservationFilterChainDecorator$ObservationFilter.doFilter(ObservationFilterChainDecorator.java:228)
	at org.springframework.security.web.ObservationFilterChainDecorator$VirtualFilterChain.doFilter(ObservationFilterChainDecorator.java:138)
	at org.springframework.security.web.servletapi.SecurityContextHolderAwareRequestFilter.doFilter(SecurityContextHolderAwareRequestFilter.java:179)
	at org.springframework.security.web.ObservationFilterChainDecorator$ObservationFilter.wrapFilter(ObservationFilterChainDecorator.java:241)
	at org.springframework.security.web.ObservationFilterChainDecorator$ObservationFilter.doFilter(ObservationFilterChainDecorator.java:228)
	at org.springframework.security.web.ObservationFilterChainDecorator$VirtualFilterChain.doFilter(ObservationFilterChainDecorator.java:138)
	at org.springframework.security.web.savedrequest.RequestCacheAwareFilter.doFilter(RequestCacheAwareFilter.java:63)
	at org.springframework.security.web.ObservationFilterChainDecorator$ObservationFilter.wrapFilter(ObservationFilterChainDecorator.java:241)
	at org.springframework.security.web.ObservationFilterChainDecorator$ObservationFilter.doFilter(ObservationFilterChainDecorator.java:228)
	at org.springframework.security.web.ObservationFilterChainDecorator$VirtualFilterChain.doFilter(ObservationFilterChainDecorator.java:138)
	at com.jmp.infrastructure.security.JwtAuthenticationFilter.doFilterInternal(JwtAuthenticationFilter.java:75)
	at org.springframework.web.filter.OncePerRequestFilter.doFilter(OncePerRequestFilter.java:116)
	at org.springframework.security.web.ObservationFilterChainDecorator$ObservationFilter.wrapFilter(ObservationFilterChainDecorator.java:241)
	at org.springframework.security.web.ObservationFilterChainDecorator$ObservationFilter.doFilter(ObservationFilterChainDecorator.java:228)
	at org.springframework.security.web.ObservationFilterChainDecorator$VirtualFilterChain.doFilter(ObservationFilterChainDecorator.java:138)
	at org.springframework.security.web.authentication.logout.LogoutFilter.doFilter(LogoutFilter.java:107)
	at org.springframework.security.web.authentication.logout.LogoutFilter.doFilter(LogoutFilter.java:93)
	at org.springframework.security.web.ObservationFilterChainDecorator$ObservationFilter.wrapFilter(ObservationFilterChainDecorator.java:241)
	at org.springframework.security.web.ObservationFilterChainDecorator$ObservationFilter.doFilter(ObservationFilterChainDecorator.java:228)
	at org.springframework.security.web.ObservationFilterChainDecorator$VirtualFilterChain.doFilter(ObservationFilterChainDecorator.java:138)
	at org.springframework.web.filter.CorsFilter.doFilterInternal(CorsFilter.java:91)
	at org.springframework.web.filter.OncePerRequestFilter.doFilter(OncePerRequestFilter.java:116)
	at org.springframework.security.web.ObservationFilterChainDecorator$ObservationFilter.wrapFilter(ObservationFilterChainDecorator.java:241)
	at org.springframework.security.web.ObservationFilterChainDecorator$ObservationFilter.doFilter(ObservationFilterChainDecorator.java:228)
	at org.springframework.security.web.ObservationFilterChainDecorator$VirtualFilterChain.doFilter(ObservationFilterChainDecorator.java:138)
	at org.springframework.security.web.header.HeaderWriterFilter.doHeadersAfter(HeaderWriterFilter.java:90)
	at org.springframework.security.web.header.HeaderWriterFilter.doFilterInternal(HeaderWriterFilter.java:75)
	at org.springframework.web.filter.OncePerRequestFilter.doFilter(OncePerRequestFilter.java:116)
	at org.springframework.security.web.ObservationFilterChainDecorator$ObservationFilter.wrapFilter(ObservationFilterChainDecorator.java:241)
	at org.springframework.security.web.ObservationFilterChainDecorator$ObservationFilter.doFilter(ObservationFilterChainDecorator.java:228)
	at org.springframework.security.web.ObservationFilterChainDecorator$VirtualFilterChain.doFilter(ObservationFilterChainDecorator.java:138)
	at org.springframework.security.web.context.SecurityContextHolderFilter.doFilter(SecurityContextHolderFilter.java:82)
	at org.springframework.security.web.context.SecurityContextHolderFilter.doFilter(SecurityContextHolderFilter.java:69)
	at org.springframework.security.web.ObservationFilterChainDecorator$ObservationFilter.wrapFilter(ObservationFilterChainDecorator.java:241)
	at org.springframework.security.web.ObservationFilterChainDecorator$ObservationFilter.doFilter(ObservationFilterChainDecorator.java:228)
	at org.springframework.security.web.ObservationFilterChainDecorator$VirtualFilterChain.doFilter(ObservationFilterChainDecorator.java:138)
	at org.springframework.security.web.context.request.async.WebAsyncManagerIntegrationFilter.doFilterInternal(WebAsyncManagerIntegrationFilter.java:62)
	at org.springframework.web.filter.OncePerRequestFilter.doFilter(OncePerRequestFilter.java:116)
	at org.springframework.security.web.ObservationFilterChainDecorator$ObservationFilter.wrapFilter(ObservationFilterChainDecorator.java:241)
	at org.springframework.security.web.ObservationFilterChainDecorator$ObservationFilter.doFilter(ObservationFilterChainDecorator.java:228)
	at org.springframework.security.web.ObservationFilterChainDecorator$VirtualFilterChain.doFilter(ObservationFilterChainDecorator.java:138)
	at org.springframework.security.web.session.DisableEncodeUrlFilter.doFilterInternal(DisableEncodeUrlFilter.java:42)
	at org.springframework.web.filter.OncePerRequestFilter.doFilter(OncePerRequestFilter.java:116)
	at org.springframework.security.web.ObservationFilterChainDecorator$ObservationFilter.wrapFilter(ObservationFilterChainDecorator.java:241)
	at org.springframework.security.web.ObservationFilterChainDecorator$AroundFilterObservation$SimpleAroundFilterObservation.lambda$wrap$0(ObservationFilterChainDecorator.java:334)
	at org.springframework.security.web.ObservationFilterChainDecorator$ObservationFilter.doFilter(ObservationFilterChainDecorator.java:225)
	at org.springframework.security.web.ObservationFilterChainDecorator$VirtualFilterChain.doFilter(ObservationFilterChainDecorator.java:138)
	at org.springframework.security.web.FilterChainProxy.doFilterInternal(FilterChainProxy.java:233)
	at org.springframework.security.web.FilterChainProxy.doFilter(FilterChainProxy.java:191)
	at org.springframework.web.filter.CompositeFilter$VirtualFilterChain.doFilter(CompositeFilter.java:113)
	at org.springframework.web.filter.ServletRequestPathFilter.doFilter(ServletRequestPathFilter.java:52)
	at org.springframework.web.filter.CompositeFilter$VirtualFilterChain.doFilter(CompositeFilter.java:113)
	at org.springframework.web.filter.CompositeFilter.doFilter(CompositeFilter.java:74)
	at org.springframework.security.config.annotation.web.configuration.WebSecurityConfiguration$CompositeFilterChainProxy.doFilter(WebSecurityConfiguration.java:319)
	at org.springframework.web.filter.CompositeFilter$VirtualFilterChain.doFilter(CompositeFilter.java:113)
	at org.springframework.web.servlet.handler.HandlerMappingIntrospector.lambda$createCacheFilter$4(HandlerMappingIntrospector.java:267)
	at org.springframework.web.filter.CompositeFilter$VirtualFilterChain.doFilter(CompositeFilter.java:113)
	at org.springframework.web.filter.CompositeFilter.doFilter(CompositeFilter.java:74)
	at org.springframework.security.config.annotation.web.configuration.WebMvcSecurityConfiguration$CompositeFilterChainProxy.doFilter(WebMvcSecurityConfiguration.java:240)
	at org.springframework.web.filter.DelegatingFilterProxy.invokeDelegate(DelegatingFilterProxy.java:362)
	at org.springframework.web.filter.DelegatingFilterProxy.doFilter(DelegatingFilterProxy.java:278)
	at org.apache.catalina.core.ApplicationFilterChain.internalDoFilter(ApplicationFilterChain.java:162)
	at org.apache.catalina.core.ApplicationFilterChain.doFilter(ApplicationFilterChain.java:138)
	at org.springframework.web.filter.RequestContextFilter.doFilterInternal(RequestContextFilter.java:100)
	at org.springframework.web.filter.OncePerRequestFilter.doFilter(OncePerRequestFilter.java:116)
	at org.apache.catalina.core.ApplicationFilterChain.internalDoFilter(ApplicationFilterChain.java:162)
	at org.apache.catalina.core.ApplicationFilterChain.doFilter(ApplicationFilterChain.java:138)
	at org.springframework.web.filter.FormContentFilter.doFilterInternal(FormContentFilter.java:93)
	at org.springframework.web.filter.OncePerRequestFilter.doFilter(OncePerRequestFilter.java:116)
	at org.apache.catalina.core.ApplicationFilterChain.internalDoFilter(ApplicationFilterChain.java:162)
	at org.apache.catalina.core.ApplicationFilterChain.doFilter(ApplicationFilterChain.java:138)
	at org.springframework.web.filter.ServerHttpObservationFilter.doFilterInternal(ServerHttpObservationFilter.java:110)
	at org.springframework.web.filter.OncePerRequestFilter.doFilter(OncePerRequestFilter.java:116)
	at org.apache.catalina.core.ApplicationFilterChain.internalDoFilter(ApplicationFilterChain.java:162)
	at org.apache.catalina.core.ApplicationFilterChain.doFilter(ApplicationFilterChain.java:138)
	at org.springframework.web.filter.CharacterEncodingFilter.doFilterInternal(CharacterEncodingFilter.java:201)
	at org.springframework.web.filter.OncePerRequestFilter.doFilter(OncePerRequestFilter.java:116)
	at org.apache.catalina.core.ApplicationFilterChain.internalDoFilter(ApplicationFilterChain.java:162)
	at org.apache.catalina.core.ApplicationFilterChain.doFilter(ApplicationFilterChain.java:138)
	at org.apache.catalina.core.StandardWrapperValve.invoke(StandardWrapperValve.java:165)
	at org.apache.catalina.core.StandardContextValve.invoke(StandardContextValve.java:88)
	at org.apache.catalina.authenticator.AuthenticatorBase.invoke(AuthenticatorBase.java:492)
	at org.apache.catalina.core.StandardHostValve.invoke(StandardHostValve.java:113)
	at org.apache.catalina.valves.ErrorReportValve.invoke(ErrorReportValve.java:83)
	at org.apache.catalina.core.StandardEngineValve.invoke(StandardEngineValve.java:72)
	at org.apache.catalina.connector.CoyoteAdapter.service(CoyoteAdapter.java:342)
	at org.apache.coyote.http11.Http11Processor.service(Http11Processor.java:399)
	at org.apache.coyote.AbstractProcessorLight.process(AbstractProcessorLight.java:63)
	at org.apache.coyote.AbstractProtocol$ConnectionHandler.process(AbstractProtocol.java:903)
	at org.apache.tomcat.util.net.NioEndpoint$SocketProcessor.doRun(NioEndpoint.java:1775)
	at org.apache.tomcat.util.net.SocketProcessorBase.run(SocketProcessorBase.java:52)
	at org.apache.tomcat.util.threads.ThreadPoolExecutor.runWorker(ThreadPoolExecutor.java:973)
	at org.apache.tomcat.util.threads.ThreadPoolExecutor$Worker.run(ThreadPoolExecutor.java:491)
	at org.apache.tomcat.util.threads.TaskThread$WrappingRunnable.run(TaskThread.java:63)
	at java.base/java.lang.Thread.run(Thread.java:1474)
Caused by: org.springframework.core.convert.ConversionFailedException: Failed to convert from type [java.lang.String] to type [@org.springframework.web.bind.annotation.RequestParam @org.springframework.format.annotation.DateTimeFormat java.time.Instant] for value [2026-08-21T00:03]
	at org.springframework.core.convert.support.ConversionUtils.invokeConverter(ConversionUtils.java:47)
	at org.springframework.core.convert.support.GenericConversionService.convert(GenericConversionService.java:182)
	at org.springframework.beans.TypeConverterDelegate.convertIfNecessary(TypeConverterDelegate.java:131)
	at org.springframework.beans.TypeConverterSupport.convertIfNecessary(TypeConverterSupport.java:80)
	at org.springframework.beans.TypeConverterSupport.convertIfNecessary(TypeConverterSupport.java:53)
	at org.springframework.validation.DataBinder.convertIfNecessary(DataBinder.java:867)
	at org.springframework.web.method.annotation.AbstractNamedValueMethodArgumentResolver.convertIfNecessary(AbstractNamedValueMethodArgumentResolver.java:293)
	... 141 common frames omitted
Caused by: java.lang.IllegalArgumentException: Parse attempt failed for value [2026-08-21T00:03]
	at org.springframework.format.support.FormattingConversionService$ParserConverter.convert(FormattingConversionService.java:223)
	at org.springframework.format.support.FormattingConversionService$AnnotationParserConverter.convert(FormattingConversionService.java:338)
	at org.springframework.core.convert.support.ConversionUtils.invokeConverter(ConversionUtils.java:41)
	... 147 common frames omitted
Caused by: java.time.format.DateTimeParseException: Unable to parse date time value "2026-08-21T00:03" using configuration from @org.springframework.format.annotation.DateTimeFormat(pattern="", style="SS", iso=DATE_TIME, fallbackPatterns={})
	at org.springframework.format.datetime.standard.TemporalAccessorParser.parse(TemporalAccessorParser.java:120)
	at org.springframework.format.datetime.standard.TemporalAccessorParser.parse(TemporalAccessorParser.java:56)
	at org.springframework.format.support.FormattingConversionService$ParserConverter.convert(FormattingConversionService.java:217)
	... 149 common frames omitted
Caused by: java.time.format.DateTimeParseException: Text '2026-08-21T00:03' could not be parsed: Unable to obtain Instant from TemporalAccessor: {},ISO resolved to 2026-08-21T00:03 of type java.time.format.Parsed
	at java.base/java.time.format.DateTimeFormatter.createError(DateTimeFormatter.java:2079)
	at java.base/java.time.format.DateTimeFormatter.parse(DateTimeFormatter.java:2014)
	at org.springframework.format.datetime.standard.TemporalAccessorParser.doParse(TemporalAccessorParser.java:130)
	at org.springframework.format.datetime.standard.TemporalAccessorParser.parse(TemporalAccessorParser.java:92)
	... 151 common frames omitted
Caused by: java.time.DateTimeException: Unable to obtain Instant from TemporalAccessor: {},ISO resolved to 2026-08-21T00:03 of type java.time.format.Parsed
	at java.base/java.time.Instant.from(Instant.java:381)
	at java.base/java.time.format.Parsed.query(Parsed.java:247)
	at java.base/java.time.format.DateTimeFormatter.parse(DateTimeFormatter.java:2010)
	... 153 common frames omitted
Caused by: java.time.temporal.UnsupportedTemporalTypeException: Unsupported field: InstantSeconds
	at java.base/java.time.format.Parsed.getLong(Parsed.java:215)
	at java.base/java.time.Instant.from(Instant.java:376)
	... 155 common frames omitted
2026-09-20 03:03:54 [http-nio-8080-exec-6] [] ERROR c.j.a.advice.GlobalExceptionHandler - Unexpected error: Method parameter 'startDate': Failed to convert value of type 'java.lang.String' to required type 'java.time.Instant'; Failed to convert from type [java.lang.String] to type [@org.springframework.web.bind.annotation.RequestParam @org.springframework.format.annotation.DateTimeFormat java.time.Instant] for value [2026-08-21T00:03]
org.springframework.web.method.annotation.MethodArgumentTypeMismatchException: Method parameter 'startDate': Failed to convert value of type 'java.lang.String' to required type 'java.time.Instant'; Failed to convert from type [java.lang.String] to type [@org.springframework.web.bind.annotation.RequestParam @org.springframework.format.annotation.DateTimeFormat java.time.Instant] for value [2026-08-21T00:03]
	at org.springframework.web.method.annotation.AbstractNamedValueMethodArgumentResolver.convertIfNecessary(AbstractNamedValueMethodArgumentResolver.java:301)
	at org.springframework.web.method.annotation.AbstractNamedValueMethodArgumentResolver.resolveArgument(AbstractNamedValueMethodArgumentResolver.java:136)
	at org.springframework.web.method.support.HandlerMethodArgumentResolverComposite.resolveArgument(HandlerMethodArgumentResolverComposite.java:122)
	at org.springframework.web.method.support.InvocableHandlerMethod.getMethodArgumentValues(InvocableHandlerMethod.java:227)
	at org.springframework.web.method.support.InvocableHandlerMethod.invokeForRequest(InvocableHandlerMethod.java:181)
	at org.springframework.web.servlet.mvc.method.annotation.ServletInvocableHandlerMethod.invokeAndHandle(ServletInvocableHandlerMethod.java:118)
	at org.springframework.web.servlet.mvc.method.annotation.RequestMappingHandlerAdapter.invokeHandlerMethod(RequestMappingHandlerAdapter.java:991)
	at org.springframework.web.servlet.mvc.method.annotation.RequestMappingHandlerAdapter.handleInternal(RequestMappingHandlerAdapter.java:896)
	at org.springframework.web.servlet.mvc.method.AbstractHandlerMethodAdapter.handle(AbstractHandlerMethodAdapter.java:87)
	at org.springframework.web.servlet.DispatcherServlet.doDispatch(DispatcherServlet.java:1089)
	at org.springframework.web.servlet.DispatcherServlet.doService(DispatcherServlet.java:979)
	at org.springframework.web.servlet.FrameworkServlet.processRequest(FrameworkServlet.java:1014)
	at org.springframework.web.servlet.FrameworkServlet.doGet(FrameworkServlet.java:903)
	at jakarta.servlet.http.HttpServlet.service(HttpServlet.java:564)
	at org.springframework.web.servlet.FrameworkServlet.service(FrameworkServlet.java:885)
	at jakarta.servlet.http.HttpServlet.service(HttpServlet.java:658)
	at org.apache.catalina.core.ApplicationFilterChain.internalDoFilter(ApplicationFilterChain.java:193)
	at org.apache.catalina.core.ApplicationFilterChain.doFilter(ApplicationFilterChain.java:138)
	at org.apache.tomcat.websocket.server.WsFilter.doFilter(WsFilter.java:51)
	at org.apache.catalina.core.ApplicationFilterChain.internalDoFilter(ApplicationFilterChain.java:162)
	at org.apache.catalina.core.ApplicationFilterChain.doFilter(ApplicationFilterChain.java:138)
	at org.springframework.web.filter.OncePerRequestFilter.doFilter(OncePerRequestFilter.java:110)
	at org.apache.catalina.core.ApplicationFilterChain.internalDoFilter(ApplicationFilterChain.java:162)
	at org.apache.catalina.core.ApplicationFilterChain.doFilter(ApplicationFilterChain.java:138)
	at org.springframework.web.filter.CompositeFilter$VirtualFilterChain.doFilter(CompositeFilter.java:108)
	at org.springframework.web.filter.CompositeFilter$VirtualFilterChain.doFilter(CompositeFilter.java:108)
	at org.springframework.security.web.FilterChainProxy.lambda$doFilterInternal$3(FilterChainProxy.java:231)
	at org.springframework.security.web.ObservationFilterChainDecorator$FilterObservation$SimpleFilterObservation.lambda$wrap$1(ObservationFilterChainDecorator.java:490)
	at org.springframework.security.web.ObservationFilterChainDecorator$AroundFilterObservation$SimpleAroundFilterObservation.lambda$wrap$1(ObservationFilterChainDecorator.java:351)
	at org.springframework.security.web.ObservationFilterChainDecorator.lambda$wrapSecured$0(ObservationFilterChainDecorator.java:83)
	at org.springframework.security.web.ObservationFilterChainDecorator$VirtualFilterChain.doFilter(ObservationFilterChainDecorator.java:129)
	at org.springframework.security.web.access.intercept.AuthorizationFilter.doFilter(AuthorizationFilter.java:101)
	at org.springframework.security.web.ObservationFilterChainDecorator$ObservationFilter.wrapFilter(ObservationFilterChainDecorator.java:241)
	at org.springframework.security.web.ObservationFilterChainDecorator$ObservationFilter.doFilter(ObservationFilterChainDecorator.java:228)
	at org.springframework.security.web.ObservationFilterChainDecorator$VirtualFilterChain.doFilter(ObservationFilterChainDecorator.java:138)
	at org.springframework.security.web.access.ExceptionTranslationFilter.doFilter(ExceptionTranslationFilter.java:125)
	at org.springframework.security.web.access.ExceptionTranslationFilter.doFilter(ExceptionTranslationFilter.java:119)
	at org.springframework.security.web.ObservationFilterChainDecorator$ObservationFilter.wrapFilter(ObservationFilterChainDecorator.java:241)
	at org.springframework.security.web.ObservationFilterChainDecorator$ObservationFilter.doFilter(ObservationFilterChainDecorator.java:228)
	at org.springframework.security.web.ObservationFilterChainDecorator$VirtualFilterChain.doFilter(ObservationFilterChainDecorator.java:138)
	at org.springframework.security.web.session.SessionManagementFilter.doFilter(SessionManagementFilter.java:131)
	at org.springframework.security.web.session.SessionManagementFilter.doFilter(SessionManagementFilter.java:85)
	at org.springframework.security.web.ObservationFilterChainDecorator$ObservationFilter.wrapFilter(ObservationFilterChainDecorator.java:241)
	at org.springframework.security.web.ObservationFilterChainDecorator$ObservationFilter.doFilter(ObservationFilterChainDecorator.java:228)
	at org.springframework.security.web.ObservationFilterChainDecorator$VirtualFilterChain.doFilter(ObservationFilterChainDecorator.java:138)
	at org.springframework.security.web.authentication.AnonymousAuthenticationFilter.doFilter(AnonymousAuthenticationFilter.java:100)
	at org.springframework.security.web.ObservationFilterChainDecorator$ObservationFilter.wrapFilter(ObservationFilterChainDecorator.java:241)
	at org.springframework.security.web.ObservationFilterChainDecorator$ObservationFilter.doFilter(ObservationFilterChainDecorator.java:228)
	at org.springframework.security.web.ObservationFilterChainDecorator$VirtualFilterChain.doFilter(ObservationFilterChainDecorator.java:138)
	at org.springframework.security.web.servletapi.SecurityContextHolderAwareRequestFilter.doFilter(SecurityContextHolderAwareRequestFilter.java:179)
	at org.springframework.security.web.ObservationFilterChainDecorator$ObservationFilter.wrapFilter(ObservationFilterChainDecorator.java:241)
	at org.springframework.security.web.ObservationFilterChainDecorator$ObservationFilter.doFilter(ObservationFilterChainDecorator.java:228)
	at org.springframework.security.web.ObservationFilterChainDecorator$VirtualFilterChain.doFilter(ObservationFilterChainDecorator.java:138)
	at org.springframework.security.web.savedrequest.RequestCacheAwareFilter.doFilter(RequestCacheAwareFilter.java:63)
	at org.springframework.security.web.ObservationFilterChainDecorator$ObservationFilter.wrapFilter(ObservationFilterChainDecorator.java:241)
	at org.springframework.security.web.ObservationFilterChainDecorator$ObservationFilter.doFilter(ObservationFilterChainDecorator.java:228)
	at org.springframework.security.web.ObservationFilterChainDecorator$VirtualFilterChain.doFilter(ObservationFilterChainDecorator.java:138)
	at com.jmp.infrastructure.security.JwtAuthenticationFilter.doFilterInternal(JwtAuthenticationFilter.java:75)
	at org.springframework.web.filter.OncePerRequestFilter.doFilter(OncePerRequestFilter.java:116)
	at org.springframework.security.web.ObservationFilterChainDecorator$ObservationFilter.wrapFilter(ObservationFilterChainDecorator.java:241)
	at org.springframework.security.web.ObservationFilterChainDecorator$ObservationFilter.doFilter(ObservationFilterChainDecorator.java:228)
	at org.springframework.security.web.ObservationFilterChainDecorator$VirtualFilterChain.doFilter(ObservationFilterChainDecorator.java:138)
	at org.springframework.security.web.authentication.logout.LogoutFilter.doFilter(LogoutFilter.java:107)
	at org.springframework.security.web.authentication.logout.LogoutFilter.doFilter(LogoutFilter.java:93)
	at org.springframework.security.web.ObservationFilterChainDecorator$ObservationFilter.wrapFilter(ObservationFilterChainDecorator.java:241)
	at org.springframework.security.web.ObservationFilterChainDecorator$ObservationFilter.doFilter(ObservationFilterChainDecorator.java:228)
	at org.springframework.security.web.ObservationFilterChainDecorator$VirtualFilterChain.doFilter(ObservationFilterChainDecorator.java:138)
	at org.springframework.web.filter.CorsFilter.doFilterInternal(CorsFilter.java:91)
	at org.springframework.web.filter.OncePerRequestFilter.doFilter(OncePerRequestFilter.java:116)
	at org.springframework.security.web.ObservationFilterChainDecorator$ObservationFilter.wrapFilter(ObservationFilterChainDecorator.java:241)
	at org.springframework.security.web.ObservationFilterChainDecorator$ObservationFilter.doFilter(ObservationFilterChainDecorator.java:228)
	at org.springframework.security.web.ObservationFilterChainDecorator$VirtualFilterChain.doFilter(ObservationFilterChainDecorator.java:138)
	at org.springframework.security.web.header.HeaderWriterFilter.doHeadersAfter(HeaderWriterFilter.java:90)
	at org.springframework.security.web.header.HeaderWriterFilter.doFilterInternal(HeaderWriterFilter.java:75)
	at org.springframework.web.filter.OncePerRequestFilter.doFilter(OncePerRequestFilter.java:116)
	at org.springframework.security.web.ObservationFilterChainDecorator$ObservationFilter.wrapFilter(ObservationFilterChainDecorator.java:241)
	at org.springframework.security.web.ObservationFilterChainDecorator$ObservationFilter.doFilter(ObservationFilterChainDecorator.java:228)
	at org.springframework.security.web.ObservationFilterChainDecorator$VirtualFilterChain.doFilter(ObservationFilterChainDecorator.java:138)
	at org.springframework.security.web.context.SecurityContextHolderFilter.doFilter(SecurityContextHolderFilter.java:82)
	at org.springframework.security.web.context.SecurityContextHolderFilter.doFilter(SecurityContextHolderFilter.java:69)
	at org.springframework.security.web.ObservationFilterChainDecorator$ObservationFilter.wrapFilter(ObservationFilterChainDecorator.java:241)
	at org.springframework.security.web.ObservationFilterChainDecorator$ObservationFilter.doFilter(ObservationFilterChainDecorator.java:228)
	at org.springframework.security.web.ObservationFilterChainDecorator$VirtualFilterChain.doFilter(ObservationFilterChainDecorator.java:138)
	at org.springframework.security.web.context.request.async.WebAsyncManagerIntegrationFilter.doFilterInternal(WebAsyncManagerIntegrationFilter.java:62)
	at org.springframework.web.filter.OncePerRequestFilter.doFilter(OncePerRequestFilter.java:116)
	at org.springframework.security.web.ObservationFilterChainDecorator$ObservationFilter.wrapFilter(ObservationFilterChainDecorator.java:241)
	at org.springframework.security.web.ObservationFilterChainDecorator$ObservationFilter.doFilter(ObservationFilterChainDecorator.java:228)
	at org.springframework.security.web.ObservationFilterChainDecorator$VirtualFilterChain.doFilter(ObservationFilterChainDecorator.java:138)
	at org.springframework.security.web.session.DisableEncodeUrlFilter.doFilterInternal(DisableEncodeUrlFilter.java:42)
	at org.springframework.web.filter.OncePerRequestFilter.doFilter(OncePerRequestFilter.java:116)
	at org.springframework.security.web.ObservationFilterChainDecorator$ObservationFilter.wrapFilter(ObservationFilterChainDecorator.java:241)
	at org.springframework.security.web.ObservationFilterChainDecorator$AroundFilterObservation$SimpleAroundFilterObservation.lambda$wrap$0(ObservationFilterChainDecorator.java:334)
	at org.springframework.security.web.ObservationFilterChainDecorator$ObservationFilter.doFilter(ObservationFilterChainDecorator.java:225)
	at org.springframework.security.web.ObservationFilterChainDecorator$VirtualFilterChain.doFilter(ObservationFilterChainDecorator.java:138)
	at org.springframework.security.web.FilterChainProxy.doFilterInternal(FilterChainProxy.java:233)
	at org.springframework.security.web.FilterChainProxy.doFilter(FilterChainProxy.java:191)
	at org.springframework.web.filter.CompositeFilter$VirtualFilterChain.doFilter(CompositeFilter.java:113)
	at org.springframework.web.filter.ServletRequestPathFilter.doFilter(ServletRequestPathFilter.java:52)
	at org.springframework.web.filter.CompositeFilter$VirtualFilterChain.doFilter(CompositeFilter.java:113)
	at org.springframework.web.filter.CompositeFilter.doFilter(CompositeFilter.java:74)
	at org.springframework.security.config.annotation.web.configuration.WebSecurityConfiguration$CompositeFilterChainProxy.doFilter(WebSecurityConfiguration.java:319)
	at org.springframework.web.filter.CompositeFilter$VirtualFilterChain.doFilter(CompositeFilter.java:113)
	at org.springframework.web.servlet.handler.HandlerMappingIntrospector.lambda$createCacheFilter$4(HandlerMappingIntrospector.java:267)
	at org.springframework.web.filter.CompositeFilter$VirtualFilterChain.doFilter(CompositeFilter.java:113)
	at org.springframework.web.filter.CompositeFilter.doFilter(CompositeFilter.java:74)
	at org.springframework.security.config.annotation.web.configuration.WebMvcSecurityConfiguration$CompositeFilterChainProxy.doFilter(WebMvcSecurityConfiguration.java:240)
	at org.springframework.web.filter.DelegatingFilterProxy.invokeDelegate(DelegatingFilterProxy.java:362)
	at org.springframework.web.filter.DelegatingFilterProxy.doFilter(DelegatingFilterProxy.java:278)
	at org.apache.catalina.core.ApplicationFilterChain.internalDoFilter(ApplicationFilterChain.java:162)
	at org.apache.catalina.core.ApplicationFilterChain.doFilter(ApplicationFilterChain.java:138)
	at org.springframework.web.filter.RequestContextFilter.doFilterInternal(RequestContextFilter.java:100)
	at org.springframework.web.filter.OncePerRequestFilter.doFilter(OncePerRequestFilter.java:116)
	at org.apache.catalina.core.ApplicationFilterChain.internalDoFilter(ApplicationFilterChain.java:162)
	at org.apache.catalina.core.ApplicationFilterChain.doFilter(ApplicationFilterChain.java:138)
	at org.springframework.web.filter.FormContentFilter.doFilterInternal(FormContentFilter.java:93)
	at org.springframework.web.filter.OncePerRequestFilter.doFilter(OncePerRequestFilter.java:116)
	at org.apache.catalina.core.ApplicationFilterChain.internalDoFilter(ApplicationFilterChain.java:162)
	at org.apache.catalina.core.ApplicationFilterChain.doFilter(ApplicationFilterChain.java:138)
	at org.springframework.web.filter.ServerHttpObservationFilter.doFilterInternal(ServerHttpObservationFilter.java:110)
	at org.springframework.web.filter.OncePerRequestFilter.doFilter(OncePerRequestFilter.java:116)
	at org.apache.catalina.core.ApplicationFilterChain.internalDoFilter(ApplicationFilterChain.java:162)
	at org.apache.catalina.core.ApplicationFilterChain.doFilter(ApplicationFilterChain.java:138)
	at org.springframework.web.filter.CharacterEncodingFilter.doFilterInternal(CharacterEncodingFilter.java:201)
	at org.springframework.web.filter.OncePerRequestFilter.doFilter(OncePerRequestFilter.java:116)
	at org.apache.catalina.core.ApplicationFilterChain.internalDoFilter(ApplicationFilterChain.java:162)
	at org.apache.catalina.core.ApplicationFilterChain.doFilter(ApplicationFilterChain.java:138)
	at org.apache.catalina.core.StandardWrapperValve.invoke(StandardWrapperValve.java:165)
	at org.apache.catalina.core.StandardContextValve.invoke(StandardContextValve.java:88)
	at org.apache.catalina.authenticator.AuthenticatorBase.invoke(AuthenticatorBase.java:492)
	at org.apache.catalina.core.StandardHostValve.invoke(StandardHostValve.java:113)
	at org.apache.catalina.valves.ErrorReportValve.invoke(ErrorReportValve.java:83)
	at org.apache.catalina.core.StandardEngineValve.invoke(StandardEngineValve.java:72)
	at org.apache.catalina.connector.CoyoteAdapter.service(CoyoteAdapter.java:342)
	at org.apache.coyote.http11.Http11Processor.service(Http11Processor.java:399)
	at org.apache.coyote.AbstractProcessorLight.process(AbstractProcessorLight.java:63)
	at org.apache.coyote.AbstractProtocol$ConnectionHandler.process(AbstractProtocol.java:903)
	at org.apache.tomcat.util.net.NioEndpoint$SocketProcessor.doRun(NioEndpoint.java:1775)
	at org.apache.tomcat.util.net.SocketProcessorBase.run(SocketProcessorBase.java:52)
	at org.apache.tomcat.util.threads.ThreadPoolExecutor.runWorker(ThreadPoolExecutor.java:973)
	at org.apache.tomcat.util.threads.ThreadPoolExecutor$Worker.run(ThreadPoolExecutor.java:491)
	at org.apache.tomcat.util.threads.TaskThread$WrappingRunnable.run(TaskThread.java:63)
	at java.base/java.lang.Thread.run(Thread.java:1474)
Caused by: org.springframework.core.convert.ConversionFailedException: Failed to convert from type [java.lang.String] to type [@org.springframework.web.bind.annotation.RequestParam @org.springframework.format.annotation.DateTimeFormat java.time.Instant] for value [2026-08-21T00:03]
	at org.springframework.core.convert.support.ConversionUtils.invokeConverter(ConversionUtils.java:47)
	at org.springframework.core.convert.support.GenericConversionService.convert(GenericConversionService.java:182)
	at org.springframework.beans.TypeConverterDelegate.convertIfNecessary(TypeConverterDelegate.java:131)
	at org.springframework.beans.TypeConverterSupport.convertIfNecessary(TypeConverterSupport.java:80)
	at org.springframework.beans.TypeConverterSupport.convertIfNecessary(TypeConverterSupport.java:53)
	at org.springframework.validation.DataBinder.convertIfNecessary(DataBinder.java:867)
	at org.springframework.web.method.annotation.AbstractNamedValueMethodArgumentResolver.convertIfNecessary(AbstractNamedValueMethodArgumentResolver.java:293)
	... 141 common frames omitted
Caused by: java.lang.IllegalArgumentException: Parse attempt failed for value [2026-08-21T00:03]
	at org.springframework.format.support.FormattingConversionService$ParserConverter.convert(FormattingConversionService.java:223)
	at org.springframework.format.support.FormattingConversionService$AnnotationParserConverter.convert(FormattingConversionService.java:338)
	at org.springframework.core.convert.support.ConversionUtils.invokeConverter(ConversionUtils.java:41)
	... 147 common frames omitted
Caused by: java.time.format.DateTimeParseException: Unable to parse date time value "2026-08-21T00:03" using configuration from @org.springframework.format.annotation.DateTimeFormat(pattern="", style="SS", iso=DATE_TIME, fallbackPatterns={})
	at org.springframework.format.datetime.standard.TemporalAccessorParser.parse(TemporalAccessorParser.java:120)
	at org.springframework.format.datetime.standard.TemporalAccessorParser.parse(TemporalAccessorParser.java:56)
	at org.springframework.format.support.FormattingConversionService$ParserConverter.convert(FormattingConversionService.java:217)
	... 149 common frames omitted
Caused by: java.time.format.DateTimeParseException: Text '2026-08-21T00:03' could not be parsed: Unable to obtain Instant from TemporalAccessor: {},ISO resolved to 2026-08-21T00:03 of type java.time.format.Parsed
	at java.base/java.time.format.DateTimeFormatter.createError(DateTimeFormatter.java:2079)
	at java.base/java.time.format.DateTimeFormatter.parse(DateTimeFormatter.java:2014)
	at org.springframework.format.datetime.standard.TemporalAccessorParser.doParse(TemporalAccessorParser.java:130)
	at org.springframework.format.datetime.standard.TemporalAccessorParser.parse(TemporalAccessorParser.java:92)
	... 151 common frames omitted
Caused by: java.time.DateTimeException: Unable to obtain Instant from TemporalAccessor: {},ISO resolved to 2026-08-21T00:03 of type java.time.format.Parsed
	at java.base/java.time.Instant.from(Instant.java:381)
	at java.base/java.time.format.Parsed.query(Parsed.java:247)
	at java.base/java.time.format.DateTimeFormatter.parse(DateTimeFormatter.java:2010)
	... 153 common frames omitted
Caused by: java.time.temporal.UnsupportedTemporalTypeException: Unsupported field: InstantSeconds
	at java.base/java.time.format.Parsed.getLong(Parsed.java:215)
	at java.base/java.time.Instant.from(Instant.java:376)
	... 155 common frames omitted
2026-09-20 03:03:54 [http-nio-8080-exec-9] [] ERROR c.j.a.advice.GlobalExceptionHandler - Unexpected error: Method parameter 'startDate': Failed to convert value of type 'java.lang.String' to required type 'java.time.Instant'; Failed to convert from type [java.lang.String] to type [@org.springframework.web.bind.annotation.RequestParam @org.springframework.format.annotation.DateTimeFormat java.time.Instant] for value [2026-08-21T00:03]
org.springframework.web.method.annotation.MethodArgumentTypeMismatchException: Method parameter 'startDate': Failed to convert value of type 'java.lang.String' to required type 'java.time.Instant'; Failed to convert from type [java.lang.String] to type [@org.springframework.web.bind.annotation.RequestParam @org.springframework.format.annotation.DateTimeFormat java.time.Instant] for value [2026-08-21T00:03]
	at org.springframework.web.method.annotation.AbstractNamedValueMethodArgumentResolver.convertIfNecessary(AbstractNamedValueMethodArgumentResolver.java:301)
	at org.springframework.web.method.annotation.AbstractNamedValueMethodArgumentResolver.resolveArgument(AbstractNamedValueMethodArgumentResolver.java:136)
	at org.springframework.web.method.support.HandlerMethodArgumentResolverComposite.resolveArgument(HandlerMethodArgumentResolverComposite.java:122)
	at org.springframework.web.method.support.InvocableHandlerMethod.getMethodArgumentValues(InvocableHandlerMethod.java:227)
	at org.springframework.web.method.support.InvocableHandlerMethod.invokeForRequest(InvocableHandlerMethod.java:181)
	at org.springframework.web.servlet.mvc.method.annotation.ServletInvocableHandlerMethod.invokeAndHandle(ServletInvocableHandlerMethod.java:118)
	at org.springframework.web.servlet.mvc.method.annotation.RequestMappingHandlerAdapter.invokeHandlerMethod(RequestMappingHandlerAdapter.java:991)
	at org.springframework.web.servlet.mvc.method.annotation.RequestMappingHandlerAdapter.handleInternal(RequestMappingHandlerAdapter.java:896)
	at org.springframework.web.servlet.mvc.method.AbstractHandlerMethodAdapter.handle(AbstractHandlerMethodAdapter.java:87)
	at org.springframework.web.servlet.DispatcherServlet.doDispatch(DispatcherServlet.java:1089)
	at org.springframework.web.servlet.DispatcherServlet.doService(DispatcherServlet.java:979)
	at org.springframework.web.servlet.FrameworkServlet.processRequest(FrameworkServlet.java:1014)
	at org.springframework.web.servlet.FrameworkServlet.doGet(FrameworkServlet.java:903)
	at jakarta.servlet.http.HttpServlet.service(HttpServlet.java:564)
	at org.springframework.web.servlet.FrameworkServlet.service(FrameworkServlet.java:885)
	at jakarta.servlet.http.HttpServlet.service(HttpServlet.java:658)
	at org.apache.catalina.core.ApplicationFilterChain.internalDoFilter(ApplicationFilterChain.java:193)
	at org.apache.catalina.core.ApplicationFilterChain.doFilter(ApplicationFilterChain.java:138)
	at org.apache.tomcat.websocket.server.WsFilter.doFilter(WsFilter.java:51)
	at org.apache.catalina.core.ApplicationFilterChain.internalDoFilter(ApplicationFilterChain.java:162)
	at org.apache.catalina.core.ApplicationFilterChain.doFilter(ApplicationFilterChain.java:138)
	at org.springframework.web.filter.OncePerRequestFilter.doFilter(OncePerRequestFilter.java:110)
	at org.apache.catalina.core.ApplicationFilterChain.internalDoFilter(ApplicationFilterChain.java:162)
	at org.apache.catalina.core.ApplicationFilterChain.doFilter(ApplicationFilterChain.java:138)
	at org.springframework.web.filter.CompositeFilter$VirtualFilterChain.doFilter(CompositeFilter.java:108)
	at org.springframework.web.filter.CompositeFilter$VirtualFilterChain.doFilter(CompositeFilter.java:108)
	at org.springframework.security.web.FilterChainProxy.lambda$doFilterInternal$3(FilterChainProxy.java:231)
	at org.springframework.security.web.ObservationFilterChainDecorator$FilterObservation$SimpleFilterObservation.lambda$wrap$1(ObservationFilterChainDecorator.java:490)
	at org.springframework.security.web.ObservationFilterChainDecorator$AroundFilterObservation$SimpleAroundFilterObservation.lambda$wrap$1(ObservationFilterChainDecorator.java:351)
	at org.springframework.security.web.ObservationFilterChainDecorator.lambda$wrapSecured$0(ObservationFilterChainDecorator.java:83)
	at org.springframework.security.web.ObservationFilterChainDecorator$VirtualFilterChain.doFilter(ObservationFilterChainDecorator.java:129)
	at org.springframework.security.web.access.intercept.AuthorizationFilter.doFilter(AuthorizationFilter.java:101)
	at org.springframework.security.web.ObservationFilterChainDecorator$ObservationFilter.wrapFilter(ObservationFilterChainDecorator.java:241)
	at org.springframework.security.web.ObservationFilterChainDecorator$ObservationFilter.doFilter(ObservationFilterChainDecorator.java:228)
	at org.springframework.security.web.ObservationFilterChainDecorator$VirtualFilterChain.doFilter(ObservationFilterChainDecorator.java:138)
	at org.springframework.security.web.access.ExceptionTranslationFilter.doFilter(ExceptionTranslationFilter.java:125)
	at org.springframework.security.web.access.ExceptionTranslationFilter.doFilter(ExceptionTranslationFilter.java:119)
	at org.springframework.security.web.ObservationFilterChainDecorator$ObservationFilter.wrapFilter(ObservationFilterChainDecorator.java:241)
	at org.springframework.security.web.ObservationFilterChainDecorator$ObservationFilter.doFilter(ObservationFilterChainDecorator.java:228)
	at org.springframework.security.web.ObservationFilterChainDecorator$VirtualFilterChain.doFilter(ObservationFilterChainDecorator.java:138)
	at org.springframework.security.web.session.SessionManagementFilter.doFilter(SessionManagementFilter.java:131)
	at org.springframework.security.web.session.SessionManagementFilter.doFilter(SessionManagementFilter.java:85)
	at org.springframework.security.web.ObservationFilterChainDecorator$ObservationFilter.wrapFilter(ObservationFilterChainDecorator.java:241)
	at org.springframework.security.web.ObservationFilterChainDecorator$ObservationFilter.doFilter(ObservationFilterChainDecorator.java:228)
	at org.springframework.security.web.ObservationFilterChainDecorator$VirtualFilterChain.doFilter(ObservationFilterChainDecorator.java:138)
	at org.springframework.security.web.authentication.AnonymousAuthenticationFilter.doFilter(AnonymousAuthenticationFilter.java:100)
	at org.springframework.security.web.ObservationFilterChainDecorator$ObservationFilter.wrapFilter(ObservationFilterChainDecorator.java:241)
	at org.springframework.security.web.ObservationFilterChainDecorator$ObservationFilter.doFilter(ObservationFilterChainDecorator.java:228)
	at org.springframework.security.web.ObservationFilterChainDecorator$VirtualFilterChain.doFilter(ObservationFilterChainDecorator.java:138)
	at org.springframework.security.web.servletapi.SecurityContextHolderAwareRequestFilter.doFilter(SecurityContextHolderAwareRequestFilter.java:179)
	at org.springframework.security.web.ObservationFilterChainDecorator$ObservationFilter.wrapFilter(ObservationFilterChainDecorator.java:241)
	at org.springframework.security.web.ObservationFilterChainDecorator$ObservationFilter.doFilter(ObservationFilterChainDecorator.java:228)
	at org.springframework.security.web.ObservationFilterChainDecorator$VirtualFilterChain.doFilter(ObservationFilterChainDecorator.java:138)
	at org.springframework.security.web.savedrequest.RequestCacheAwareFilter.doFilter(RequestCacheAwareFilter.java:63)
	at org.springframework.security.web.ObservationFilterChainDecorator$ObservationFilter.wrapFilter(ObservationFilterChainDecorator.java:241)
	at org.springframework.security.web.ObservationFilterChainDecorator$ObservationFilter.doFilter(ObservationFilterChainDecorator.java:228)
	at org.springframework.security.web.ObservationFilterChainDecorator$VirtualFilterChain.doFilter(ObservationFilterChainDecorator.java:138)
	at com.jmp.infrastructure.security.JwtAuthenticationFilter.doFilterInternal(JwtAuthenticationFilter.java:75)
	at org.springframework.web.filter.OncePerRequestFilter.doFilter(OncePerRequestFilter.java:116)
	at org.springframework.security.web.ObservationFilterChainDecorator$ObservationFilter.wrapFilter(ObservationFilterChainDecorator.java:241)
	at org.springframework.security.web.ObservationFilterChainDecorator$ObservationFilter.doFilter(ObservationFilterChainDecorator.java:228)
	at org.springframework.security.web.ObservationFilterChainDecorator$VirtualFilterChain.doFilter(ObservationFilterChainDecorator.java:138)
	at org.springframework.security.web.authentication.logout.LogoutFilter.doFilter(LogoutFilter.java:107)
	at org.springframework.security.web.authentication.logout.LogoutFilter.doFilter(LogoutFilter.java:93)
	at org.springframework.security.web.ObservationFilterChainDecorator$ObservationFilter.wrapFilter(ObservationFilterChainDecorator.java:241)
	at org.springframework.security.web.ObservationFilterChainDecorator$ObservationFilter.doFilter(ObservationFilterChainDecorator.java:228)
	at org.springframework.security.web.ObservationFilterChainDecorator$VirtualFilterChain.doFilter(ObservationFilterChainDecorator.java:138)
	at org.springframework.web.filter.CorsFilter.doFilterInternal(CorsFilter.java:91)
	at org.springframework.web.filter.OncePerRequestFilter.doFilter(OncePerRequestFilter.java:116)
	at org.springframework.security.web.ObservationFilterChainDecorator$ObservationFilter.wrapFilter(ObservationFilterChainDecorator.java:241)
	at org.springframework.security.web.ObservationFilterChainDecorator$ObservationFilter.doFilter(ObservationFilterChainDecorator.java:228)
	at org.springframework.security.web.ObservationFilterChainDecorator$VirtualFilterChain.doFilter(ObservationFilterChainDecorator.java:138)
	at org.springframework.security.web.header.HeaderWriterFilter.doHeadersAfter(HeaderWriterFilter.java:90)
	at org.springframework.security.web.header.HeaderWriterFilter.doFilterInternal(HeaderWriterFilter.java:75)
	at org.springframework.web.filter.OncePerRequestFilter.doFilter(OncePerRequestFilter.java:116)
	at org.springframework.security.web.ObservationFilterChainDecorator$ObservationFilter.wrapFilter(ObservationFilterChainDecorator.java:241)
	at org.springframework.security.web.ObservationFilterChainDecorator$ObservationFilter.doFilter(ObservationFilterChainDecorator.java:228)
	at org.springframework.security.web.ObservationFilterChainDecorator$VirtualFilterChain.doFilter(ObservationFilterChainDecorator.java:138)
	at org.springframework.security.web.context.SecurityContextHolderFilter.doFilter(SecurityContextHolderFilter.java:82)
	at org.springframework.security.web.context.SecurityContextHolderFilter.doFilter(SecurityContextHolderFilter.java:69)
	at org.springframework.security.web.ObservationFilterChainDecorator$ObservationFilter.wrapFilter(ObservationFilterChainDecorator.java:241)
	at org.springframework.security.web.ObservationFilterChainDecorator$ObservationFilter.doFilter(ObservationFilterChainDecorator.java:228)
	at org.springframework.security.web.ObservationFilterChainDecorator$VirtualFilterChain.doFilter(ObservationFilterChainDecorator.java:138)
	at org.springframework.security.web.context.request.async.WebAsyncManagerIntegrationFilter.doFilterInternal(WebAsyncManagerIntegrationFilter.java:62)
	at org.springframework.web.filter.OncePerRequestFilter.doFilter(OncePerRequestFilter.java:116)
	at org.springframework.security.web.ObservationFilterChainDecorator$ObservationFilter.wrapFilter(ObservationFilterChainDecorator.java:241)
	at org.springframework.security.web.ObservationFilterChainDecorator$ObservationFilter.doFilter(ObservationFilterChainDecorator.java:228)
	at org.springframework.security.web.ObservationFilterChainDecorator$VirtualFilterChain.doFilter(ObservationFilterChainDecorator.java:138)
	at org.springframework.security.web.session.DisableEncodeUrlFilter.doFilterInternal(DisableEncodeUrlFilter.java:42)
	at org.springframework.web.filter.OncePerRequestFilter.doFilter(OncePerRequestFilter.java:116)
	at org.springframework.security.web.ObservationFilterChainDecorator$ObservationFilter.wrapFilter(ObservationFilterChainDecorator.java:241)
	at org.springframework.security.web.ObservationFilterChainDecorator$AroundFilterObservation$SimpleAroundFilterObservation.lambda$wrap$0(ObservationFilterChainDecorator.java:334)
	at org.springframework.security.web.ObservationFilterChainDecorator$ObservationFilter.doFilter(ObservationFilterChainDecorator.java:225)
	at org.springframework.security.web.ObservationFilterChainDecorator$VirtualFilterChain.doFilter(ObservationFilterChainDecorator.java:138)
	at org.springframework.security.web.FilterChainProxy.doFilterInternal(FilterChainProxy.java:233)
	at org.springframework.security.web.FilterChainProxy.doFilter(FilterChainProxy.java:191)
	at org.springframework.web.filter.CompositeFilter$VirtualFilterChain.doFilter(CompositeFilter.java:113)
	at org.springframework.web.filter.ServletRequestPathFilter.doFilter(ServletRequestPathFilter.java:52)
	at org.springframework.web.filter.CompositeFilter$VirtualFilterChain.doFilter(CompositeFilter.java:113)
	at org.springframework.web.filter.CompositeFilter.doFilter(CompositeFilter.java:74)
	at org.springframework.security.config.annotation.web.configuration.WebSecurityConfiguration$CompositeFilterChainProxy.doFilter(WebSecurityConfiguration.java:319)
	at org.springframework.web.filter.CompositeFilter$VirtualFilterChain.doFilter(CompositeFilter.java:113)
	at org.springframework.web.servlet.handler.HandlerMappingIntrospector.lambda$createCacheFilter$4(HandlerMappingIntrospector.java:267)
	at org.springframework.web.filter.CompositeFilter$VirtualFilterChain.doFilter(CompositeFilter.java:113)
	at org.springframework.web.filter.CompositeFilter.doFilter(CompositeFilter.java:74)
	at org.springframework.security.config.annotation.web.configuration.WebMvcSecurityConfiguration$CompositeFilterChainProxy.doFilter(WebMvcSecurityConfiguration.java:240)
	at org.springframework.web.filter.DelegatingFilterProxy.invokeDelegate(DelegatingFilterProxy.java:362)
	at org.springframework.web.filter.DelegatingFilterProxy.doFilter(DelegatingFilterProxy.java:278)
	at org.apache.catalina.core.ApplicationFilterChain.internalDoFilter(ApplicationFilterChain.java:162)
	at org.apache.catalina.core.ApplicationFilterChain.doFilter(ApplicationFilterChain.java:138)
	at org.springframework.web.filter.RequestContextFilter.doFilterInternal(RequestContextFilter.java:100)
	at org.springframework.web.filter.OncePerRequestFilter.doFilter(OncePerRequestFilter.java:116)
	at org.apache.catalina.core.ApplicationFilterChain.internalDoFilter(ApplicationFilterChain.java:162)
	at org.apache.catalina.core.ApplicationFilterChain.doFilter(ApplicationFilterChain.java:138)
	at org.springframework.web.filter.FormContentFilter.doFilterInternal(FormContentFilter.java:93)
	at org.springframework.web.filter.OncePerRequestFilter.doFilter(OncePerRequestFilter.java:116)
	at org.apache.catalina.core.ApplicationFilterChain.internalDoFilter(ApplicationFilterChain.java:162)
	at org.apache.catalina.core.ApplicationFilterChain.doFilter(ApplicationFilterChain.java:138)
	at org.springframework.web.filter.ServerHttpObservationFilter.doFilterInternal(ServerHttpObservationFilter.java:110)
	at org.springframework.web.filter.OncePerRequestFilter.doFilter(OncePerRequestFilter.java:116)
	at org.apache.catalina.core.ApplicationFilterChain.internalDoFilter(ApplicationFilterChain.java:162)
	at org.apache.catalina.core.ApplicationFilterChain.doFilter(ApplicationFilterChain.java:138)
	at org.springframework.web.filter.CharacterEncodingFilter.doFilterInternal(CharacterEncodingFilter.java:201)
	at org.springframework.web.filter.OncePerRequestFilter.doFilter(OncePerRequestFilter.java:116)
	at org.apache.catalina.core.ApplicationFilterChain.internalDoFilter(ApplicationFilterChain.java:162)
	at org.apache.catalina.core.ApplicationFilterChain.doFilter(ApplicationFilterChain.java:138)
	at org.apache.catalina.core.StandardWrapperValve.invoke(StandardWrapperValve.java:165)
	at org.apache.catalina.core.StandardContextValve.invoke(StandardContextValve.java:88)
	at org.apache.catalina.authenticator.AuthenticatorBase.invoke(AuthenticatorBase.java:492)
	at org.apache.catalina.core.StandardHostValve.invoke(StandardHostValve.java:113)
	at org.apache.catalina.valves.ErrorReportValve.invoke(ErrorReportValve.java:83)
	at org.apache.catalina.core.StandardEngineValve.invoke(StandardEngineValve.java:72)
	at org.apache.catalina.connector.CoyoteAdapter.service(CoyoteAdapter.java:342)
	at org.apache.coyote.http11.Http11Processor.service(Http11Processor.java:399)
	at org.apache.coyote.AbstractProcessorLight.process(AbstractProcessorLight.java:63)
	at org.apache.coyote.AbstractProtocol$ConnectionHandler.process(AbstractProtocol.java:903)
	at org.apache.tomcat.util.net.NioEndpoint$SocketProcessor.doRun(NioEndpoint.java:1775)
	at org.apache.tomcat.util.net.SocketProcessorBase.run(SocketProcessorBase.java:52)
	at org.apache.tomcat.util.threads.ThreadPoolExecutor.runWorker(ThreadPoolExecutor.java:973)
	at org.apache.tomcat.util.threads.ThreadPoolExecutor$Worker.run(ThreadPoolExecutor.java:491)
	at org.apache.tomcat.util.threads.TaskThread$WrappingRunnable.run(TaskThread.java:63)
	at java.base/java.lang.Thread.run(Thread.java:1474)
Caused by: org.springframework.core.convert.ConversionFailedException: Failed to convert from type [java.lang.String] to type [@org.springframework.web.bind.annotation.RequestParam @org.springframework.format.annotation.DateTimeFormat java.time.Instant] for value [2026-08-21T00:03]
	at org.springframework.core.convert.support.ConversionUtils.invokeConverter(ConversionUtils.java:47)
	at org.springframework.core.convert.support.GenericConversionService.convert(GenericConversionService.java:182)
	at org.springframework.beans.TypeConverterDelegate.convertIfNecessary(TypeConverterDelegate.java:131)
	at org.springframework.beans.TypeConverterSupport.convertIfNecessary(TypeConverterSupport.java:80)
	at org.springframework.beans.TypeConverterSupport.convertIfNecessary(TypeConverterSupport.java:53)
	at org.springframework.validation.DataBinder.convertIfNecessary(DataBinder.java:867)
	at org.springframework.web.method.annotation.AbstractNamedValueMethodArgumentResolver.convertIfNecessary(AbstractNamedValueMethodArgumentResolver.java:293)
	... 141 common frames omitted
Caused by: java.lang.IllegalArgumentException: Parse attempt failed for value [2026-08-21T00:03]
	at org.springframework.format.support.FormattingConversionService$ParserConverter.convert(FormattingConversionService.java:223)
	at org.springframework.format.support.FormattingConversionService$AnnotationParserConverter.convert(FormattingConversionService.java:338)
	at org.springframework.core.convert.support.ConversionUtils.invokeConverter(ConversionUtils.java:41)
	... 147 common frames omitted
Caused by: java.time.format.DateTimeParseException: Unable to parse date time value "2026-08-21T00:03" using configuration from @org.springframework.format.annotation.DateTimeFormat(pattern="", style="SS", iso=DATE_TIME, fallbackPatterns={})
	at org.springframework.format.datetime.standard.TemporalAccessorParser.parse(TemporalAccessorParser.java:120)
	at org.springframework.format.datetime.standard.TemporalAccessorParser.parse(TemporalAccessorParser.java:56)
	at org.springframework.format.support.FormattingConversionService$ParserConverter.convert(FormattingConversionService.java:217)
	... 149 common frames omitted
Caused by: java.time.format.DateTimeParseException: Text '2026-08-21T00:03' could not be parsed: Unable to obtain Instant from TemporalAccessor: {},ISO resolved to 2026-08-21T00:03 of type java.time.format.Parsed
	at java.base/java.time.format.DateTimeFormatter.createError(DateTimeFormatter.java:2079)
	at java.base/java.time.format.DateTimeFormatter.parse(DateTimeFormatter.java:2014)
	at org.springframework.format.datetime.standard.TemporalAccessorParser.doParse(TemporalAccessorParser.java:130)
	at org.springframework.format.datetime.standard.TemporalAccessorParser.parse(TemporalAccessorParser.java:92)
	... 151 common frames omitted
Caused by: java.time.DateTimeException: Unable to obtain Instant from TemporalAccessor: {},ISO resolved to 2026-08-21T00:03 of type java.time.format.Parsed
	at java.base/java.time.Instant.from(Instant.java:381)
	at java.base/java.time.format.Parsed.query(Parsed.java:247)
	at java.base/java.time.format.DateTimeFormatter.parse(DateTimeFormatter.java:2010)
	... 153 common frames omitted
Caused by: java.time.temporal.UnsupportedTemporalTypeException: Unsupported field: InstantSeconds
	at java.base/java.time.format.Parsed.getLong(Parsed.java:215)
	at java.base/java.time.Instant.from(Instant.java:376)
	... 155 common frames omitted
2026-09-20 03:03:54 [http-nio-8080-exec-9] [] DEBUG o.s.security.web.FilterChainProxy - Securing GET /api/v1/analytics/recordings?startDate=2026-08-21T00:03&endDate=2026-09-20T00:03
2026-09-20 03:03:54 [http-nio-8080-exec-2] [] DEBUG o.s.security.web.FilterChainProxy - Securing GET /api/v1/analytics/participants?startDate=2026-08-21T00:03&endDate=2026-09-20T00:03
2026-09-20 03:03:54 [http-nio-8080-exec-1] [] DEBUG o.s.security.web.FilterChainProxy - Securing GET /api/v1/analytics/usage-report?startDate=2026-08-21T00:03&endDate=2026-09-20T00:03
2026-09-20 03:03:54 [http-nio-8080-exec-4] [] DEBUG o.s.security.web.FilterChainProxy - Securing GET /api/v1/analytics/dashboard
2026-09-20 03:03:54 [http-nio-8080-exec-1] [] DEBUG c.j.i.s.JwtAuthenticationFilter - Authenticated user: cccccccc-cccc-cccc-cccc-ccccccccccc1, URI: /api/v1/analytics/usage-report
2026-09-20 03:03:54 [http-nio-8080-exec-1] [] DEBUG o.s.security.web.FilterChainProxy - Secured GET /api/v1/analytics/usage-report?startDate=2026-08-21T00:03&endDate=2026-09-20T00:03
2026-09-20 03:03:54 [http-nio-8080-exec-9] [] DEBUG c.j.i.s.JwtAuthenticationFilter - Authenticated user: cccccccc-cccc-cccc-cccc-ccccccccccc1, URI: /api/v1/analytics/recordings
2026-09-20 03:03:54 [http-nio-8080-exec-2] [] DEBUG c.j.i.s.JwtAuthenticationFilter - Authenticated user: cccccccc-cccc-cccc-cccc-ccccccccccc1, URI: /api/v1/analytics/participants
2026-09-20 03:03:54 [http-nio-8080-exec-9] [] DEBUG o.s.security.web.FilterChainProxy - Secured GET /api/v1/analytics/recordings?startDate=2026-08-21T00:03&endDate=2026-09-20T00:03
2026-09-20 03:03:54 [http-nio-8080-exec-2] [] DEBUG o.s.security.web.FilterChainProxy - Secured GET /api/v1/analytics/participants?startDate=2026-08-21T00:03&endDate=2026-09-20T00:03
2026-09-20 03:03:54 [http-nio-8080-exec-1] [] ERROR c.j.a.advice.GlobalExceptionHandler - Unexpected error: Method parameter 'startDate': Failed to convert value of type 'java.lang.String' to required type 'java.time.Instant'; Failed to convert from type [java.lang.String] to type [@org.springframework.web.bind.annotation.RequestParam @org.springframework.format.annotation.DateTimeFormat java.time.Instant] for value [2026-08-21T00:03]
org.springframework.web.method.annotation.MethodArgumentTypeMismatchException: Method parameter 'startDate': Failed to convert value of type 'java.lang.String' to required type 'java.time.Instant'; Failed to convert from type [java.lang.String] to type [@org.springframework.web.bind.annotation.RequestParam @org.springframework.format.annotation.DateTimeFormat java.time.Instant] for value [2026-08-21T00:03]
	at org.springframework.web.method.annotation.AbstractNamedValueMethodArgumentResolver.convertIfNecessary(AbstractNamedValueMethodArgumentResolver.java:301)
	at org.springframework.web.method.annotation.AbstractNamedValueMethodArgumentResolver.resolveArgument(AbstractNamedValueMethodArgumentResolver.java:136)
	at org.springframework.web.method.support.HandlerMethodArgumentResolverComposite.resolveArgument(HandlerMethodArgumentResolverComposite.java:122)
	at org.springframework.web.method.support.InvocableHandlerMethod.getMethodArgumentValues(InvocableHandlerMethod.java:227)
	at org.springframework.web.method.support.InvocableHandlerMethod.invokeForRequest(InvocableHandlerMethod.java:181)
	at org.springframework.web.servlet.mvc.method.annotation.ServletInvocableHandlerMethod.invokeAndHandle(ServletInvocableHandlerMethod.java:118)
	at org.springframework.web.servlet.mvc.method.annotation.RequestMappingHandlerAdapter.invokeHandlerMethod(RequestMappingHandlerAdapter.java:991)
	at org.springframework.web.servlet.mvc.method.annotation.RequestMappingHandlerAdapter.handleInternal(RequestMappingHandlerAdapter.java:896)
	at org.springframework.web.servlet.mvc.method.AbstractHandlerMethodAdapter.handle(AbstractHandlerMethodAdapter.java:87)
	at org.springframework.web.servlet.DispatcherServlet.doDispatch(DispatcherServlet.java:1089)
	at org.springframework.web.servlet.DispatcherServlet.doService(DispatcherServlet.java:979)
	at org.springframework.web.servlet.FrameworkServlet.processRequest(FrameworkServlet.java:1014)
	at org.springframework.web.servlet.FrameworkServlet.doGet(FrameworkServlet.java:903)
	at jakarta.servlet.http.HttpServlet.service(HttpServlet.java:564)
	at org.springframework.web.servlet.FrameworkServlet.service(FrameworkServlet.java:885)
	at jakarta.servlet.http.HttpServlet.service(HttpServlet.java:658)
	at org.apache.catalina.core.ApplicationFilterChain.internalDoFilter(ApplicationFilterChain.java:193)
	at org.apache.catalina.core.ApplicationFilterChain.doFilter(ApplicationFilterChain.java:138)
	at org.apache.tomcat.websocket.server.WsFilter.doFilter(WsFilter.java:51)
	at org.apache.catalina.core.ApplicationFilterChain.internalDoFilter(ApplicationFilterChain.java:162)
	at org.apache.catalina.core.ApplicationFilterChain.doFilter(ApplicationFilterChain.java:138)
	at org.springframework.web.filter.OncePerRequestFilter.doFilter(OncePerRequestFilter.java:110)
	at org.apache.catalina.core.ApplicationFilterChain.internalDoFilter(ApplicationFilterChain.java:162)
	at org.apache.catalina.core.ApplicationFilterChain.doFilter(ApplicationFilterChain.java:138)
	at org.springframework.web.filter.CompositeFilter$VirtualFilterChain.doFilter(CompositeFilter.java:108)
	at org.springframework.web.filter.CompositeFilter$VirtualFilterChain.doFilter(CompositeFilter.java:108)
	at org.springframework.security.web.FilterChainProxy.lambda$doFilterInternal$3(FilterChainProxy.java:231)
	at org.springframework.security.web.ObservationFilterChainDecorator$FilterObservation$SimpleFilterObservation.lambda$wrap$1(ObservationFilterChainDecorator.java:490)
	at org.springframework.security.web.ObservationFilterChainDecorator$AroundFilterObservation$SimpleAroundFilterObservation.lambda$wrap$1(ObservationFilterChainDecorator.java:351)
	at org.springframework.security.web.ObservationFilterChainDecorator.lambda$wrapSecured$0(ObservationFilterChainDecorator.java:83)
	at org.springframework.security.web.ObservationFilterChainDecorator$VirtualFilterChain.doFilter(ObservationFilterChainDecorator.java:129)
	at org.springframework.security.web.access.intercept.AuthorizationFilter.doFilter(AuthorizationFilter.java:101)
	at org.springframework.security.web.ObservationFilterChainDecorator$ObservationFilter.wrapFilter(ObservationFilterChainDecorator.java:241)
	at org.springframework.security.web.ObservationFilterChainDecorator$ObservationFilter.doFilter(ObservationFilterChainDecorator.java:228)
	at org.springframework.security.web.ObservationFilterChainDecorator$VirtualFilterChain.doFilter(ObservationFilterChainDecorator.java:138)
	at org.springframework.security.web.access.ExceptionTranslationFilter.doFilter(ExceptionTranslationFilter.java:125)
	at org.springframework.security.web.access.ExceptionTranslationFilter.doFilter(ExceptionTranslationFilter.java:119)
	at org.springframework.security.web.ObservationFilterChainDecorator$ObservationFilter.wrapFilter(ObservationFilterChainDecorator.java:241)
	at org.springframework.security.web.ObservationFilterChainDecorator$ObservationFilter.doFilter(ObservationFilterChainDecorator.java:228)
	at org.springframework.security.web.ObservationFilterChainDecorator$VirtualFilterChain.doFilter(ObservationFilterChainDecorator.java:138)
	at org.springframework.security.web.session.SessionManagementFilter.doFilter(SessionManagementFilter.java:131)
	at org.springframework.security.web.session.SessionManagementFilter.doFilter(SessionManagementFilter.java:85)
	at org.springframework.security.web.ObservationFilterChainDecorator$ObservationFilter.wrapFilter(ObservationFilterChainDecorator.java:241)
	at org.springframework.security.web.ObservationFilterChainDecorator$ObservationFilter.doFilter(ObservationFilterChainDecorator.java:228)
	at org.springframework.security.web.ObservationFilterChainDecorator$VirtualFilterChain.doFilter(ObservationFilterChainDecorator.java:138)
	at org.springframework.security.web.authentication.AnonymousAuthenticationFilter.doFilter(AnonymousAuthenticationFilter.java:100)
	at org.springframework.security.web.ObservationFilterChainDecorator$ObservationFilter.wrapFilter(ObservationFilterChainDecorator.java:241)
	at org.springframework.security.web.ObservationFilterChainDecorator$ObservationFilter.doFilter(ObservationFilterChainDecorator.java:228)
	at org.springframework.security.web.ObservationFilterChainDecorator$VirtualFilterChain.doFilter(ObservationFilterChainDecorator.java:138)
	at org.springframework.security.web.servletapi.SecurityContextHolderAwareRequestFilter.doFilter(SecurityContextHolderAwareRequestFilter.java:179)
	at org.springframework.security.web.ObservationFilterChainDecorator$ObservationFilter.wrapFilter(ObservationFilterChainDecorator.java:241)
	at org.springframework.security.web.ObservationFilterChainDecorator$ObservationFilter.doFilter(ObservationFilterChainDecorator.java:228)
	at org.springframework.security.web.ObservationFilterChainDecorator$VirtualFilterChain.doFilter(ObservationFilterChainDecorator.java:138)
	at org.springframework.security.web.savedrequest.RequestCacheAwareFilter.doFilter(RequestCacheAwareFilter.java:63)
	at org.springframework.security.web.ObservationFilterChainDecorator$ObservationFilter.wrapFilter(ObservationFilterChainDecorator.java:241)
	at org.springframework.security.web.ObservationFilterChainDecorator$ObservationFilter.doFilter(ObservationFilterChainDecorator.java:228)
	at org.springframework.security.web.ObservationFilterChainDecorator$VirtualFilterChain.doFilter(ObservationFilterChainDecorator.java:138)
	at com.jmp.infrastructure.security.JwtAuthenticationFilter.doFilterInternal(JwtAuthenticationFilter.java:75)
	at org.springframework.web.filter.OncePerRequestFilter.doFilter(OncePerRequestFilter.java:116)
	at org.springframework.security.web.ObservationFilterChainDecorator$ObservationFilter.wrapFilter(ObservationFilterChainDecorator.java:241)
	at org.springframework.security.web.ObservationFilterChainDecorator$ObservationFilter.doFilter(ObservationFilterChainDecorator.java:228)
	at org.springframework.security.web.ObservationFilterChainDecorator$VirtualFilterChain.doFilter(ObservationFilterChainDecorator.java:138)
	at org.springframework.security.web.authentication.logout.LogoutFilter.doFilter(LogoutFilter.java:107)
	at org.springframework.security.web.authentication.logout.LogoutFilter.doFilter(LogoutFilter.java:93)
	at org.springframework.security.web.ObservationFilterChainDecorator$ObservationFilter.wrapFilter(ObservationFilterChainDecorator.java:241)
	at org.springframework.security.web.ObservationFilterChainDecorator$ObservationFilter.doFilter(ObservationFilterChainDecorator.java:228)
	at org.springframework.security.web.ObservationFilterChainDecorator$VirtualFilterChain.doFilter(ObservationFilterChainDecorator.java:138)
	at org.springframework.web.filter.CorsFilter.doFilterInternal(CorsFilter.java:91)
	at org.springframework.web.filter.OncePerRequestFilter.doFilter(OncePerRequestFilter.java:116)
	at org.springframework.security.web.ObservationFilterChainDecorator$ObservationFilter.wrapFilter(ObservationFilterChainDecorator.java:241)
	at org.springframework.security.web.ObservationFilterChainDecorator$ObservationFilter.doFilter(ObservationFilterChainDecorator.java:228)
	at org.springframework.security.web.ObservationFilterChainDecorator$VirtualFilterChain.doFilter(ObservationFilterChainDecorator.java:138)
	at org.springframework.security.web.header.HeaderWriterFilter.doHeadersAfter(HeaderWriterFilter.java:90)
	at org.springframework.security.web.header.HeaderWriterFilter.doFilterInternal(HeaderWriterFilter.java:75)
	at org.springframework.web.filter.OncePerRequestFilter.doFilter(OncePerRequestFilter.java:116)
	at org.springframework.security.web.ObservationFilterChainDecorator$ObservationFilter.wrapFilter(ObservationFilterChainDecorator.java:241)
	at org.springframework.security.web.ObservationFilterChainDecorator$ObservationFilter.doFilter(ObservationFilterChainDecorator.java:228)
	at org.springframework.security.web.ObservationFilterChainDecorator$VirtualFilterChain.doFilter(ObservationFilterChainDecorator.java:138)
	at org.springframework.security.web.context.SecurityContextHolderFilter.doFilter(SecurityContextHolderFilter.java:82)
	at org.springframework.security.web.context.SecurityContextHolderFilter.doFilter(SecurityContextHolderFilter.java:69)
	at org.springframework.security.web.ObservationFilterChainDecorator$ObservationFilter.wrapFilter(ObservationFilterChainDecorator.java:241)
	at org.springframework.security.web.ObservationFilterChainDecorator$ObservationFilter.doFilter(ObservationFilterChainDecorator.java:228)
	at org.springframework.security.web.ObservationFilterChainDecorator$VirtualFilterChain.doFilter(ObservationFilterChainDecorator.java:138)
	at org.springframework.security.web.context.request.async.WebAsyncManagerIntegrationFilter.doFilterInternal(WebAsyncManagerIntegrationFilter.java:62)
	at org.springframework.web.filter.OncePerRequestFilter.doFilter(OncePerRequestFilter.java:116)
	at org.springframework.security.web.ObservationFilterChainDecorator$ObservationFilter.wrapFilter(ObservationFilterChainDecorator.java:241)
	at org.springframework.security.web.ObservationFilterChainDecorator$ObservationFilter.doFilter(ObservationFilterChainDecorator.java:228)
	at org.springframework.security.web.ObservationFilterChainDecorator$VirtualFilterChain.doFilter(ObservationFilterChainDecorator.java:138)
	at org.springframework.security.web.session.DisableEncodeUrlFilter.doFilterInternal(DisableEncodeUrlFilter.java:42)
	at org.springframework.web.filter.OncePerRequestFilter.doFilter(OncePerRequestFilter.java:116)
	at org.springframework.security.web.ObservationFilterChainDecorator$ObservationFilter.wrapFilter(ObservationFilterChainDecorator.java:241)
	at org.springframework.security.web.ObservationFilterChainDecorator$AroundFilterObservation$SimpleAroundFilterObservation.lambda$wrap$0(ObservationFilterChainDecorator.java:334)
	at org.springframework.security.web.ObservationFilterChainDecorator$ObservationFilter.doFilter(ObservationFilterChainDecorator.java:225)
	at org.springframework.security.web.ObservationFilterChainDecorator$VirtualFilterChain.doFilter(ObservationFilterChainDecorator.java:138)
	at org.springframework.security.web.FilterChainProxy.doFilterInternal(FilterChainProxy.java:233)
	at org.springframework.security.web.FilterChainProxy.doFilter(FilterChainProxy.java:191)
	at org.springframework.web.filter.CompositeFilter$VirtualFilterChain.doFilter(CompositeFilter.java:113)
	at org.springframework.web.filter.ServletRequestPathFilter.doFilter(ServletRequestPathFilter.java:52)
	at org.springframework.web.filter.CompositeFilter$VirtualFilterChain.doFilter(CompositeFilter.java:113)
	at org.springframework.web.filter.CompositeFilter.doFilter(CompositeFilter.java:74)
	at org.springframework.security.config.annotation.web.configuration.WebSecurityConfiguration$CompositeFilterChainProxy.doFilter(WebSecurityConfiguration.java:319)
	at org.springframework.web.filter.CompositeFilter$VirtualFilterChain.doFilter(CompositeFilter.java:113)
	at org.springframework.web.servlet.handler.HandlerMappingIntrospector.lambda$createCacheFilter$4(HandlerMappingIntrospector.java:267)
	at org.springframework.web.filter.CompositeFilter$VirtualFilterChain.doFilter(CompositeFilter.java:113)
	at org.springframework.web.filter.CompositeFilter.doFilter(CompositeFilter.java:74)
	at org.springframework.security.config.annotation.web.configuration.WebMvcSecurityConfiguration$CompositeFilterChainProxy.doFilter(WebMvcSecurityConfiguration.java:240)
	at org.springframework.web.filter.DelegatingFilterProxy.invokeDelegate(DelegatingFilterProxy.java:362)
	at org.springframework.web.filter.DelegatingFilterProxy.doFilter(DelegatingFilterProxy.java:278)
	at org.apache.catalina.core.ApplicationFilterChain.internalDoFilter(ApplicationFilterChain.java:162)
	at org.apache.catalina.core.ApplicationFilterChain.doFilter(ApplicationFilterChain.java:138)
	at org.springframework.web.filter.RequestContextFilter.doFilterInternal(RequestContextFilter.java:100)
	at org.springframework.web.filter.OncePerRequestFilter.doFilter(OncePerRequestFilter.java:116)
	at org.apache.catalina.core.ApplicationFilterChain.internalDoFilter(ApplicationFilterChain.java:162)
	at org.apache.catalina.core.ApplicationFilterChain.doFilter(ApplicationFilterChain.java:138)
	at org.springframework.web.filter.FormContentFilter.doFilterInternal(FormContentFilter.java:93)
	at org.springframework.web.filter.OncePerRequestFilter.doFilter(OncePerRequestFilter.java:116)
	at org.apache.catalina.core.ApplicationFilterChain.internalDoFilter(ApplicationFilterChain.java:162)
	at org.apache.catalina.core.ApplicationFilterChain.doFilter(ApplicationFilterChain.java:138)
	at org.springframework.web.filter.ServerHttpObservationFilter.doFilterInternal(ServerHttpObservationFilter.java:110)
	at org.springframework.web.filter.OncePerRequestFilter.doFilter(OncePerRequestFilter.java:116)
	at org.apache.catalina.core.ApplicationFilterChain.internalDoFilter(ApplicationFilterChain.java:162)
	at org.apache.catalina.core.ApplicationFilterChain.doFilter(ApplicationFilterChain.java:138)
	at org.springframework.web.filter.CharacterEncodingFilter.doFilterInternal(CharacterEncodingFilter.java:201)
	at org.springframework.web.filter.OncePerRequestFilter.doFilter(OncePerRequestFilter.java:116)
	at org.apache.catalina.core.ApplicationFilterChain.internalDoFilter(ApplicationFilterChain.java:162)
	at org.apache.catalina.core.ApplicationFilterChain.doFilter(ApplicationFilterChain.java:138)
	at org.apache.catalina.core.StandardWrapperValve.invoke(StandardWrapperValve.java:165)
	at org.apache.catalina.core.StandardContextValve.invoke(StandardContextValve.java:88)
	at org.apache.catalina.authenticator.AuthenticatorBase.invoke(AuthenticatorBase.java:492)
	at org.apache.catalina.core.StandardHostValve.invoke(StandardHostValve.java:113)
	at org.apache.catalina.valves.ErrorReportValve.invoke(ErrorReportValve.java:83)
	at org.apache.catalina.core.StandardEngineValve.invoke(StandardEngineValve.java:72)
	at org.apache.catalina.connector.CoyoteAdapter.service(CoyoteAdapter.java:342)
	at org.apache.coyote.http11.Http11Processor.service(Http11Processor.java:399)
	at org.apache.coyote.AbstractProcessorLight.process(AbstractProcessorLight.java:63)
	at org.apache.coyote.AbstractProtocol$ConnectionHandler.process(AbstractProtocol.java:903)
	at org.apache.tomcat.util.net.NioEndpoint$SocketProcessor.doRun(NioEndpoint.java:1775)
	at org.apache.tomcat.util.net.SocketProcessorBase.run(SocketProcessorBase.java:52)
	at org.apache.tomcat.util.threads.ThreadPoolExecutor.runWorker(ThreadPoolExecutor.java:973)
	at org.apache.tomcat.util.threads.ThreadPoolExecutor$Worker.run(ThreadPoolExecutor.java:491)
	at org.apache.tomcat.util.threads.TaskThread$WrappingRunnable.run(TaskThread.java:63)
	at java.base/java.lang.Thread.run(Thread.java:1474)
Caused by: org.springframework.core.convert.ConversionFailedException: Failed to convert from type [java.lang.String] to type [@org.springframework.web.bind.annotation.RequestParam @org.springframework.format.annotation.DateTimeFormat java.time.Instant] for value [2026-08-21T00:03]
	at org.springframework.core.convert.support.ConversionUtils.invokeConverter(ConversionUtils.java:47)
	at org.springframework.core.convert.support.GenericConversionService.convert(GenericConversionService.java:182)
	at org.springframework.beans.TypeConverterDelegate.convertIfNecessary(TypeConverterDelegate.java:131)
	at org.springframework.beans.TypeConverterSupport.convertIfNecessary(TypeConverterSupport.java:80)
	at org.springframework.beans.TypeConverterSupport.convertIfNecessary(TypeConverterSupport.java:53)
	at org.springframework.validation.DataBinder.convertIfNecessary(DataBinder.java:867)
	at org.springframework.web.method.annotation.AbstractNamedValueMethodArgumentResolver.convertIfNecessary(AbstractNamedValueMethodArgumentResolver.java:293)
	... 141 common frames omitted
Caused by: java.lang.IllegalArgumentException: Parse attempt failed for value [2026-08-21T00:03]
	at org.springframework.format.support.FormattingConversionService$ParserConverter.convert(FormattingConversionService.java:223)
	at org.springframework.format.support.FormattingConversionService$AnnotationParserConverter.convert(FormattingConversionService.java:338)
	at org.springframework.core.convert.support.ConversionUtils.invokeConverter(ConversionUtils.java:41)
	... 147 common frames omitted
Caused by: java.time.format.DateTimeParseException: Unable to parse date time value "2026-08-21T00:03" using configuration from @org.springframework.format.annotation.DateTimeFormat(pattern="", style="SS", iso=DATE_TIME, fallbackPatterns={})
	at org.springframework.format.datetime.standard.TemporalAccessorParser.parse(TemporalAccessorParser.java:120)
	at org.springframework.format.datetime.standard.TemporalAccessorParser.parse(TemporalAccessorParser.java:56)
	at org.springframework.format.support.FormattingConversionService$ParserConverter.convert(FormattingConversionService.java:217)
	... 149 common frames omitted
Caused by: java.time.format.DateTimeParseException: Text '2026-08-21T00:03' could not be parsed: Unable to obtain Instant from TemporalAccessor: {},ISO resolved to 2026-08-21T00:03 of type java.time.format.Parsed
	at java.base/java.time.format.DateTimeFormatter.createError(DateTimeFormatter.java:2079)
	at java.base/java.time.format.DateTimeFormatter.parse(DateTimeFormatter.java:2014)
	at org.springframework.format.datetime.standard.TemporalAccessorParser.doParse(TemporalAccessorParser.java:130)
	at org.springframework.format.datetime.standard.TemporalAccessorParser.parse(TemporalAccessorParser.java:92)
	... 151 common frames omitted
Caused by: java.time.DateTimeException: Unable to obtain Instant from TemporalAccessor: {},ISO resolved to 2026-08-21T00:03 of type java.time.format.Parsed
	at java.base/java.time.Instant.from(Instant.java:381)
	at java.base/java.time.format.Parsed.query(Parsed.java:247)
	at java.base/java.time.format.DateTimeFormatter.parse(DateTimeFormatter.java:2010)
	... 153 common frames omitted
Caused by: java.time.temporal.UnsupportedTemporalTypeException: Unsupported field: InstantSeconds
	at java.base/java.time.format.Parsed.getLong(Parsed.java:215)
	at java.base/java.time.Instant.from(Instant.java:376)
	... 155 common frames omitted
2026-09-20 03:03:54 [http-nio-8080-exec-4] [] DEBUG c.j.i.s.JwtAuthenticationFilter - Authenticated user: cccccccc-cccc-cccc-cccc-ccccccccccc1, URI: /api/v1/analytics/dashboard
2026-09-20 03:03:54 [http-nio-8080-exec-4] [] DEBUG o.s.security.web.FilterChainProxy - Secured GET /api/v1/analytics/dashboard
2026-09-20 03:03:54 [http-nio-8080-exec-4] [] DEBUG o.s.s.a.m.AuthorizationManagerBeforeMethodInterceptor - Authorizing method invocation ReflectiveMethodInvocation: public org.springframework.http.ResponseEntity com.jmp.api.controller.AnalyticsController.getDashboardMetrics(org.springframework.security.core.Authentication); target is of class [com.jmp.api.controller.AnalyticsController]
2026-09-20 03:03:54 [http-nio-8080-exec-9] [] ERROR c.j.a.advice.GlobalExceptionHandler - Unexpected error: Method parameter 'startDate': Failed to convert value of type 'java.lang.String' to required type 'java.time.Instant'; Failed to convert from type [java.lang.String] to type [@org.springframework.web.bind.annotation.RequestParam @org.springframework.format.annotation.DateTimeFormat java.time.Instant] for value [2026-08-21T00:03]
org.springframework.web.method.annotation.MethodArgumentTypeMismatchException: Method parameter 'startDate': Failed to convert value of type 'java.lang.String' to required type 'java.time.Instant'; Failed to convert from type [java.lang.String] to type [@org.springframework.web.bind.annotation.RequestParam @org.springframework.format.annotation.DateTimeFormat java.time.Instant] for value [2026-08-21T00:03]
	at org.springframework.web.method.annotation.AbstractNamedValueMethodArgumentResolver.convertIfNecessary(AbstractNamedValueMethodArgumentResolver.java:301)
	at org.springframework.web.method.annotation.AbstractNamedValueMethodArgumentResolver.resolveArgument(AbstractNamedValueMethodArgumentResolver.java:136)
	at org.springframework.web.method.support.HandlerMethodArgumentResolverComposite.resolveArgument(HandlerMethodArgumentResolverComposite.java:122)
	at org.springframework.web.method.support.InvocableHandlerMethod.getMethodArgumentValues(InvocableHandlerMethod.java:227)
	at org.springframework.web.method.support.InvocableHandlerMethod.invokeForRequest(InvocableHandlerMethod.java:181)
	at org.springframework.web.servlet.mvc.method.annotation.ServletInvocableHandlerMethod.invokeAndHandle(ServletInvocableHandlerMethod.java:118)
	at org.springframework.web.servlet.mvc.method.annotation.RequestMappingHandlerAdapter.invokeHandlerMethod(RequestMappingHandlerAdapter.java:991)
	at org.springframework.web.servlet.mvc.method.annotation.RequestMappingHandlerAdapter.handleInternal(RequestMappingHandlerAdapter.java:896)
	at org.springframework.web.servlet.mvc.method.AbstractHandlerMethodAdapter.handle(AbstractHandlerMethodAdapter.java:87)
	at org.springframework.web.servlet.DispatcherServlet.doDispatch(DispatcherServlet.java:1089)
	at org.springframework.web.servlet.DispatcherServlet.doService(DispatcherServlet.java:979)
	at org.springframework.web.servlet.FrameworkServlet.processRequest(FrameworkServlet.java:1014)
	at org.springframework.web.servlet.FrameworkServlet.doGet(FrameworkServlet.java:903)
	at jakarta.servlet.http.HttpServlet.service(HttpServlet.java:564)
	at org.springframework.web.servlet.FrameworkServlet.service(FrameworkServlet.java:885)
	at jakarta.servlet.http.HttpServlet.service(HttpServlet.java:658)
	at org.apache.catalina.core.ApplicationFilterChain.internalDoFilter(ApplicationFilterChain.java:193)
	at org.apache.catalina.core.ApplicationFilterChain.doFilter(ApplicationFilterChain.java:138)
	at org.apache.tomcat.websocket.server.WsFilter.doFilter(WsFilter.java:51)
	at org.apache.catalina.core.ApplicationFilterChain.internalDoFilter(ApplicationFilterChain.java:162)
	at org.apache.catalina.core.ApplicationFilterChain.doFilter(ApplicationFilterChain.java:138)
	at org.springframework.web.filter.OncePerRequestFilter.doFilter(OncePerRequestFilter.java:110)
	at org.apache.catalina.core.ApplicationFilterChain.internalDoFilter(ApplicationFilterChain.java:162)
	at org.apache.catalina.core.ApplicationFilterChain.doFilter(ApplicationFilterChain.java:138)
	at org.springframework.web.filter.CompositeFilter$VirtualFilterChain.doFilter(CompositeFilter.java:108)
	at org.springframework.web.filter.CompositeFilter$VirtualFilterChain.doFilter(CompositeFilter.java:108)
	at org.springframework.security.web.FilterChainProxy.lambda$doFilterInternal$3(FilterChainProxy.java:231)
	at org.springframework.security.web.ObservationFilterChainDecorator$FilterObservation$SimpleFilterObservation.lambda$wrap$1(ObservationFilterChainDecorator.java:490)
	at org.springframework.security.web.ObservationFilterChainDecorator$AroundFilterObservation$SimpleAroundFilterObservation.lambda$wrap$1(ObservationFilterChainDecorator.java:351)
	at org.springframework.security.web.ObservationFilterChainDecorator.lambda$wrapSecured$0(ObservationFilterChainDecorator.java:83)
	at org.springframework.security.web.ObservationFilterChainDecorator$VirtualFilterChain.doFilter(ObservationFilterChainDecorator.java:129)
	at org.springframework.security.web.access.intercept.AuthorizationFilter.doFilter(AuthorizationFilter.java:101)
	at org.springframework.security.web.ObservationFilterChainDecorator$ObservationFilter.wrapFilter(ObservationFilterChainDecorator.java:241)
	at org.springframework.security.web.ObservationFilterChainDecorator$ObservationFilter.doFilter(ObservationFilterChainDecorator.java:228)
	at org.springframework.security.web.ObservationFilterChainDecorator$VirtualFilterChain.doFilter(ObservationFilterChainDecorator.java:138)
	at org.springframework.security.web.access.ExceptionTranslationFilter.doFilter(ExceptionTranslationFilter.java:125)
	at org.springframework.security.web.access.ExceptionTranslationFilter.doFilter(ExceptionTranslationFilter.java:119)
	at org.springframework.security.web.ObservationFilterChainDecorator$ObservationFilter.wrapFilter(ObservationFilterChainDecorator.java:241)
	at org.springframework.security.web.ObservationFilterChainDecorator$ObservationFilter.doFilter(ObservationFilterChainDecorator.java:228)
	at org.springframework.security.web.ObservationFilterChainDecorator$VirtualFilterChain.doFilter(ObservationFilterChainDecorator.java:138)
	at org.springframework.security.web.session.SessionManagementFilter.doFilter(SessionManagementFilter.java:131)
	at org.springframework.security.web.session.SessionManagementFilter.doFilter(SessionManagementFilter.java:85)
	at org.springframework.security.web.ObservationFilterChainDecorator$ObservationFilter.wrapFilter(ObservationFilterChainDecorator.java:241)
	at org.springframework.security.web.ObservationFilterChainDecorator$ObservationFilter.doFilter(ObservationFilterChainDecorator.java:228)
	at org.springframework.security.web.ObservationFilterChainDecorator$VirtualFilterChain.doFilter(ObservationFilterChainDecorator.java:138)
	at org.springframework.security.web.authentication.AnonymousAuthenticationFilter.doFilter(AnonymousAuthenticationFilter.java:100)
	at org.springframework.security.web.ObservationFilterChainDecorator$ObservationFilter.wrapFilter(ObservationFilterChainDecorator.java:241)
	at org.springframework.security.web.ObservationFilterChainDecorator$ObservationFilter.doFilter(ObservationFilterChainDecorator.java:228)
	at org.springframework.security.web.ObservationFilterChainDecorator$VirtualFilterChain.doFilter(ObservationFilterChainDecorator.java:138)
	at org.springframework.security.web.servletapi.SecurityContextHolderAwareRequestFilter.doFilter(SecurityContextHolderAwareRequestFilter.java:179)
	at org.springframework.security.web.ObservationFilterChainDecorator$ObservationFilter.wrapFilter(ObservationFilterChainDecorator.java:241)
	at org.springframework.security.web.ObservationFilterChainDecorator$ObservationFilter.doFilter(ObservationFilterChainDecorator.java:228)
	at org.springframework.security.web.ObservationFilterChainDecorator$VirtualFilterChain.doFilter(ObservationFilterChainDecorator.java:138)
	at org.springframework.security.web.savedrequest.RequestCacheAwareFilter.doFilter(RequestCacheAwareFilter.java:63)
	at org.springframework.security.web.ObservationFilterChainDecorator$ObservationFilter.wrapFilter(ObservationFilterChainDecorator.java:241)
	at org.springframework.security.web.ObservationFilterChainDecorator$ObservationFilter.doFilter(ObservationFilterChainDecorator.java:228)
	at org.springframework.security.web.ObservationFilterChainDecorator$VirtualFilterChain.doFilter(ObservationFilterChainDecorator.java:138)
	at com.jmp.infrastructure.security.JwtAuthenticationFilter.doFilterInternal(JwtAuthenticationFilter.java:75)
	at org.springframework.web.filter.OncePerRequestFilter.doFilter(OncePerRequestFilter.java:116)
	at org.springframework.security.web.ObservationFilterChainDecorator$ObservationFilter.wrapFilter(ObservationFilterChainDecorator.java:241)
	at org.springframework.security.web.ObservationFilterChainDecorator$ObservationFilter.doFilter(ObservationFilterChainDecorator.java:228)
	at org.springframework.security.web.ObservationFilterChainDecorator$VirtualFilterChain.doFilter(ObservationFilterChainDecorator.java:138)
	at org.springframework.security.web.authentication.logout.LogoutFilter.doFilter(LogoutFilter.java:107)
	at org.springframework.security.web.authentication.logout.LogoutFilter.doFilter(LogoutFilter.java:93)
	at org.springframework.security.web.ObservationFilterChainDecorator$ObservationFilter.wrapFilter(ObservationFilterChainDecorator.java:241)
	at org.springframework.security.web.ObservationFilterChainDecorator$ObservationFilter.doFilter(ObservationFilterChainDecorator.java:228)
	at org.springframework.security.web.ObservationFilterChainDecorator$VirtualFilterChain.doFilter(ObservationFilterChainDecorator.java:138)
	at org.springframework.web.filter.CorsFilter.doFilterInternal(CorsFilter.java:91)
	at org.springframework.web.filter.OncePerRequestFilter.doFilter(OncePerRequestFilter.java:116)
	at org.springframework.security.web.ObservationFilterChainDecorator$ObservationFilter.wrapFilter(ObservationFilterChainDecorator.java:241)
	at org.springframework.security.web.ObservationFilterChainDecorator$ObservationFilter.doFilter(ObservationFilterChainDecorator.java:228)
	at org.springframework.security.web.ObservationFilterChainDecorator$VirtualFilterChain.doFilter(ObservationFilterChainDecorator.java:138)
	at org.springframework.security.web.header.HeaderWriterFilter.doHeadersAfter(HeaderWriterFilter.java:90)
	at org.springframework.security.web.header.HeaderWriterFilter.doFilterInternal(HeaderWriterFilter.java:75)
	at org.springframework.web.filter.OncePerRequestFilter.doFilter(OncePerRequestFilter.java:116)
	at org.springframework.security.web.ObservationFilterChainDecorator$ObservationFilter.wrapFilter(ObservationFilterChainDecorator.java:241)
	at org.springframework.security.web.ObservationFilterChainDecorator$ObservationFilter.doFilter(ObservationFilterChainDecorator.java:228)
	at org.springframework.security.web.ObservationFilterChainDecorator$VirtualFilterChain.doFilter(ObservationFilterChainDecorator.java:138)
	at org.springframework.security.web.context.SecurityContextHolderFilter.doFilter(SecurityContextHolderFilter.java:82)
	at org.springframework.security.web.context.SecurityContextHolderFilter.doFilter(SecurityContextHolderFilter.java:69)
	at org.springframework.security.web.ObservationFilterChainDecorator$ObservationFilter.wrapFilter(ObservationFilterChainDecorator.java:241)
	at org.springframework.security.web.ObservationFilterChainDecorator$ObservationFilter.doFilter(ObservationFilterChainDecorator.java:228)
	at org.springframework.security.web.ObservationFilterChainDecorator$VirtualFilterChain.doFilter(ObservationFilterChainDecorator.java:138)
	at org.springframework.security.web.context.request.async.WebAsyncManagerIntegrationFilter.doFilterInternal(WebAsyncManagerIntegrationFilter.java:62)
	at org.springframework.web.filter.OncePerRequestFilter.doFilter(OncePerRequestFilter.java:116)
	at org.springframework.security.web.ObservationFilterChainDecorator$ObservationFilter.wrapFilter(ObservationFilterChainDecorator.java:241)
	at org.springframework.security.web.ObservationFilterChainDecorator$ObservationFilter.doFilter(ObservationFilterChainDecorator.java:228)
	at org.springframework.security.web.ObservationFilterChainDecorator$VirtualFilterChain.doFilter(ObservationFilterChainDecorator.java:138)
	at org.springframework.security.web.session.DisableEncodeUrlFilter.doFilterInternal(DisableEncodeUrlFilter.java:42)
	at org.springframework.web.filter.OncePerRequestFilter.doFilter(OncePerRequestFilter.java:116)
	at org.springframework.security.web.ObservationFilterChainDecorator$ObservationFilter.wrapFilter(ObservationFilterChainDecorator.java:241)
	at org.springframework.security.web.ObservationFilterChainDecorator$AroundFilterObservation$SimpleAroundFilterObservation.lambda$wrap$0(ObservationFilterChainDecorator.java:334)
	at org.springframework.security.web.ObservationFilterChainDecorator$ObservationFilter.doFilter(ObservationFilterChainDecorator.java:225)
	at org.springframework.security.web.ObservationFilterChainDecorator$VirtualFilterChain.doFilter(ObservationFilterChainDecorator.java:138)
	at org.springframework.security.web.FilterChainProxy.doFilterInternal(FilterChainProxy.java:233)
	at org.springframework.security.web.FilterChainProxy.doFilter(FilterChainProxy.java:191)
	at org.springframework.web.filter.CompositeFilter$VirtualFilterChain.doFilter(CompositeFilter.java:113)
	at org.springframework.web.filter.ServletRequestPathFilter.doFilter(ServletRequestPathFilter.java:52)
	at org.springframework.web.filter.CompositeFilter$VirtualFilterChain.doFilter(CompositeFilter.java:113)
	at org.springframework.web.filter.CompositeFilter.doFilter(CompositeFilter.java:74)
	at org.springframework.security.config.annotation.web.configuration.WebSecurityConfiguration$CompositeFilterChainProxy.doFilter(WebSecurityConfiguration.java:319)
	at org.springframework.web.filter.CompositeFilter$VirtualFilterChain.doFilter(CompositeFilter.java:113)
	at org.springframework.web.servlet.handler.HandlerMappingIntrospector.lambda$createCacheFilter$4(HandlerMappingIntrospector.java:267)
	at org.springframework.web.filter.CompositeFilter$VirtualFilterChain.doFilter(CompositeFilter.java:113)
	at org.springframework.web.filter.CompositeFilter.doFilter(CompositeFilter.java:74)
	at org.springframework.security.config.annotation.web.configuration.WebMvcSecurityConfiguration$CompositeFilterChainProxy.doFilter(WebMvcSecurityConfiguration.java:240)
	at org.springframework.web.filter.DelegatingFilterProxy.invokeDelegate(DelegatingFilterProxy.java:362)
	at org.springframework.web.filter.DelegatingFilterProxy.doFilter(DelegatingFilterProxy.java:278)
	at org.apache.catalina.core.ApplicationFilterChain.internalDoFilter(ApplicationFilterChain.java:162)
	at org.apache.catalina.core.ApplicationFilterChain.doFilter(ApplicationFilterChain.java:138)
	at org.springframework.web.filter.RequestContextFilter.doFilterInternal(RequestContextFilter.java:100)
	at org.springframework.web.filter.OncePerRequestFilter.doFilter(OncePerRequestFilter.java:116)
	at org.apache.catalina.core.ApplicationFilterChain.internalDoFilter(ApplicationFilterChain.java:162)
	at org.apache.catalina.core.ApplicationFilterChain.doFilter(ApplicationFilterChain.java:138)
	at org.springframework.web.filter.FormContentFilter.doFilterInternal(FormContentFilter.java:93)
	at org.springframework.web.filter.OncePerRequestFilter.doFilter(OncePerRequestFilter.java:116)
	at org.apache.catalina.core.ApplicationFilterChain.internalDoFilter(ApplicationFilterChain.java:162)
	at org.apache.catalina.core.ApplicationFilterChain.doFilter(ApplicationFilterChain.java:138)
	at org.springframework.web.filter.ServerHttpObservationFilter.doFilterInternal(ServerHttpObservationFilter.java:110)
	at org.springframework.web.filter.OncePerRequestFilter.doFilter(OncePerRequestFilter.java:116)
	at org.apache.catalina.core.ApplicationFilterChain.internalDoFilter(ApplicationFilterChain.java:162)
	at org.apache.catalina.core.ApplicationFilterChain.doFilter(ApplicationFilterChain.java:138)
	at org.springframework.web.filter.CharacterEncodingFilter.doFilterInternal(CharacterEncodingFilter.java:201)
	at org.springframework.web.filter.OncePerRequestFilter.doFilter(OncePerRequestFilter.java:116)
	at org.apache.catalina.core.ApplicationFilterChain.internalDoFilter(ApplicationFilterChain.java:162)
	at org.apache.catalina.core.ApplicationFilterChain.doFilter(ApplicationFilterChain.java:138)
	at org.apache.catalina.core.StandardWrapperValve.invoke(StandardWrapperValve.java:165)
	at org.apache.catalina.core.StandardContextValve.invoke(StandardContextValve.java:88)
	at org.apache.catalina.authenticator.AuthenticatorBase.invoke(AuthenticatorBase.java:492)
	at org.apache.catalina.core.StandardHostValve.invoke(StandardHostValve.java:113)
	at org.apache.catalina.valves.ErrorReportValve.invoke(ErrorReportValve.java:83)
	at org.apache.catalina.core.StandardEngineValve.invoke(StandardEngineValve.java:72)
	at org.apache.catalina.connector.CoyoteAdapter.service(CoyoteAdapter.java:342)
	at org.apache.coyote.http11.Http11Processor.service(Http11Processor.java:399)
	at org.apache.coyote.AbstractProcessorLight.process(AbstractProcessorLight.java:63)
	at org.apache.coyote.AbstractProtocol$ConnectionHandler.process(AbstractProtocol.java:903)
	at org.apache.tomcat.util.net.NioEndpoint$SocketProcessor.doRun(NioEndpoint.java:1775)
	at org.apache.tomcat.util.net.SocketProcessorBase.run(SocketProcessorBase.java:52)
	at org.apache.tomcat.util.threads.ThreadPoolExecutor.runWorker(ThreadPoolExecutor.java:973)
	at org.apache.tomcat.util.threads.ThreadPoolExecutor$Worker.run(ThreadPoolExecutor.java:491)
	at org.apache.tomcat.util.threads.TaskThread$WrappingRunnable.run(TaskThread.java:63)
	at java.base/java.lang.Thread.run(Thread.java:1474)
Caused by: org.springframework.core.convert.ConversionFailedException: Failed to convert from type [java.lang.String] to type [@org.springframework.web.bind.annotation.RequestParam @org.springframework.format.annotation.DateTimeFormat java.time.Instant] for value [2026-08-21T00:03]
	at org.springframework.core.convert.support.ConversionUtils.invokeConverter(ConversionUtils.java:47)
	at org.springframework.core.convert.support.GenericConversionService.convert(GenericConversionService.java:182)
	at org.springframework.beans.TypeConverterDelegate.convertIfNecessary(TypeConverterDelegate.java:131)
	at org.springframework.beans.TypeConverterSupport.convertIfNecessary(TypeConverterSupport.java:80)
	at org.springframework.beans.TypeConverterSupport.convertIfNecessary(TypeConverterSupport.java:53)
	at org.springframework.validation.DataBinder.convertIfNecessary(DataBinder.java:867)
	at org.springframework.web.method.annotation.AbstractNamedValueMethodArgumentResolver.convertIfNecessary(AbstractNamedValueMethodArgumentResolver.java:293)
	... 141 common frames omitted
Caused by: java.lang.IllegalArgumentException: Parse attempt failed for value [2026-08-21T00:03]
	at org.springframework.format.support.FormattingConversionService$ParserConverter.convert(FormattingConversionService.java:223)
	at org.springframework.format.support.FormattingConversionService$AnnotationParserConverter.convert(FormattingConversionService.java:338)
	at org.springframework.core.convert.support.ConversionUtils.invokeConverter(ConversionUtils.java:41)
	... 147 common frames omitted
Caused by: java.time.format.DateTimeParseException: Unable to parse date time value "2026-08-21T00:03" using configuration from @org.springframework.format.annotation.DateTimeFormat(pattern="", style="SS", iso=DATE_TIME, fallbackPatterns={})
	at org.springframework.format.datetime.standard.TemporalAccessorParser.parse(TemporalAccessorParser.java:120)
	at org.springframework.format.datetime.standard.TemporalAccessorParser.parse(TemporalAccessorParser.java:56)
	at org.springframework.format.support.FormattingConversionService$ParserConverter.convert(FormattingConversionService.java:217)
	... 149 common frames omitted
Caused by: java.time.format.DateTimeParseException: Text '2026-08-21T00:03' could not be parsed: Unable to obtain Instant from TemporalAccessor: {},ISO resolved to 2026-08-21T00:03 of type java.time.format.Parsed
	at java.base/java.time.format.DateTimeFormatter.createError(DateTimeFormatter.java:2079)
	at java.base/java.time.format.DateTimeFormatter.parse(DateTimeFormatter.java:2014)
	at org.springframework.format.datetime.standard.TemporalAccessorParser.doParse(TemporalAccessorParser.java:130)
	at org.springframework.format.datetime.standard.TemporalAccessorParser.parse(TemporalAccessorParser.java:92)
	... 151 common frames omitted
Caused by: java.time.DateTimeException: Unable to obtain Instant from TemporalAccessor: {},ISO resolved to 2026-08-21T00:03 of type java.time.format.Parsed
	at java.base/java.time.Instant.from(Instant.java:381)
	at java.base/java.time.format.Parsed.query(Parsed.java:247)
	at java.base/java.time.format.DateTimeFormatter.parse(DateTimeFormatter.java:2010)
	... 153 common frames omitted
Caused by: java.time.temporal.UnsupportedTemporalTypeException: Unsupported field: InstantSeconds
	at java.base/java.time.format.Parsed.getLong(Parsed.java:215)
	at java.base/java.time.Instant.from(Instant.java:376)
	... 155 common frames omitted
2026-09-20 03:03:54 [http-nio-8080-exec-4] [] DEBUG o.s.s.a.m.AuthorizationManagerBeforeMethodInterceptor - Authorized method invocation ReflectiveMethodInvocation: public org.springframework.http.ResponseEntity com.jmp.api.controller.AnalyticsController.getDashboardMetrics(org.springframework.security.core.Authentication); target is of class [com.jmp.api.controller.AnalyticsController]
2026-09-20 03:03:54 [http-nio-8080-exec-2] [] ERROR c.j.a.advice.GlobalExceptionHandler - Unexpected error: Method parameter 'startDate': Failed to convert value of type 'java.lang.String' to required type 'java.time.Instant'; Failed to convert from type [java.lang.String] to type [@org.springframework.web.bind.annotation.RequestParam @org.springframework.format.annotation.DateTimeFormat java.time.Instant] for value [2026-08-21T00:03]
org.springframework.web.method.annotation.MethodArgumentTypeMismatchException: Method parameter 'startDate': Failed to convert value of type 'java.lang.String' to required type 'java.time.Instant'; Failed to convert from type [java.lang.String] to type [@org.springframework.web.bind.annotation.RequestParam @org.springframework.format.annotation.DateTimeFormat java.time.Instant] for value [2026-08-21T00:03]
	at org.springframework.web.method.annotation.AbstractNamedValueMethodArgumentResolver.convertIfNecessary(AbstractNamedValueMethodArgumentResolver.java:301)
	at org.springframework.web.method.annotation.AbstractNamedValueMethodArgumentResolver.resolveArgument(AbstractNamedValueMethodArgumentResolver.java:136)
	at org.springframework.web.method.support.HandlerMethodArgumentResolverComposite.resolveArgument(HandlerMethodArgumentResolverComposite.java:122)
	at org.springframework.web.method.support.InvocableHandlerMethod.getMethodArgumentValues(InvocableHandlerMethod.java:227)
	at org.springframework.web.method.support.InvocableHandlerMethod.invokeForRequest(InvocableHandlerMethod.java:181)
	at org.springframework.web.servlet.mvc.method.annotation.ServletInvocableHandlerMethod.invokeAndHandle(ServletInvocableHandlerMethod.java:118)
	at org.springframework.web.servlet.mvc.method.annotation.RequestMappingHandlerAdapter.invokeHandlerMethod(RequestMappingHandlerAdapter.java:991)
	at org.springframework.web.servlet.mvc.method.annotation.RequestMappingHandlerAdapter.handleInternal(RequestMappingHandlerAdapter.java:896)
	at org.springframework.web.servlet.mvc.method.AbstractHandlerMethodAdapter.handle(AbstractHandlerMethodAdapter.java:87)
	at org.springframework.web.servlet.DispatcherServlet.doDispatch(DispatcherServlet.java:1089)
	at org.springframework.web.servlet.DispatcherServlet.doService(DispatcherServlet.java:979)
	at org.springframework.web.servlet.FrameworkServlet.processRequest(FrameworkServlet.java:1014)
	at org.springframework.web.servlet.FrameworkServlet.doGet(FrameworkServlet.java:903)
	at jakarta.servlet.http.HttpServlet.service(HttpServlet.java:564)
	at org.springframework.web.servlet.FrameworkServlet.service(FrameworkServlet.java:885)
	at jakarta.servlet.http.HttpServlet.service(HttpServlet.java:658)
	at org.apache.catalina.core.ApplicationFilterChain.internalDoFilter(ApplicationFilterChain.java:193)
	at org.apache.catalina.core.ApplicationFilterChain.doFilter(ApplicationFilterChain.java:138)
	at org.apache.tomcat.websocket.server.WsFilter.doFilter(WsFilter.java:51)
	at org.apache.catalina.core.ApplicationFilterChain.internalDoFilter(ApplicationFilterChain.java:162)
	at org.apache.catalina.core.ApplicationFilterChain.doFilter(ApplicationFilterChain.java:138)
	at org.springframework.web.filter.OncePerRequestFilter.doFilter(OncePerRequestFilter.java:110)
	at org.apache.catalina.core.ApplicationFilterChain.internalDoFilter(ApplicationFilterChain.java:162)
	at org.apache.catalina.core.ApplicationFilterChain.doFilter(ApplicationFilterChain.java:138)
	at org.springframework.web.filter.CompositeFilter$VirtualFilterChain.doFilter(CompositeFilter.java:108)
	at org.springframework.web.filter.CompositeFilter$VirtualFilterChain.doFilter(CompositeFilter.java:108)
	at org.springframework.security.web.FilterChainProxy.lambda$doFilterInternal$3(FilterChainProxy.java:231)
	at org.springframework.security.web.ObservationFilterChainDecorator$FilterObservation$SimpleFilterObservation.lambda$wrap$1(ObservationFilterChainDecorator.java:490)
	at org.springframework.security.web.ObservationFilterChainDecorator$AroundFilterObservation$SimpleAroundFilterObservation.lambda$wrap$1(ObservationFilterChainDecorator.java:351)
	at org.springframework.security.web.ObservationFilterChainDecorator.lambda$wrapSecured$0(ObservationFilterChainDecorator.java:83)
	at org.springframework.security.web.ObservationFilterChainDecorator$VirtualFilterChain.doFilter(ObservationFilterChainDecorator.java:129)
	at org.springframework.security.web.access.intercept.AuthorizationFilter.doFilter(AuthorizationFilter.java:101)
	at org.springframework.security.web.ObservationFilterChainDecorator$ObservationFilter.wrapFilter(ObservationFilterChainDecorator.java:241)
	at org.springframework.security.web.ObservationFilterChainDecorator$ObservationFilter.doFilter(ObservationFilterChainDecorator.java:228)
	at org.springframework.security.web.ObservationFilterChainDecorator$VirtualFilterChain.doFilter(ObservationFilterChainDecorator.java:138)
	at org.springframework.security.web.access.ExceptionTranslationFilter.doFilter(ExceptionTranslationFilter.java:125)
	at org.springframework.security.web.access.ExceptionTranslationFilter.doFilter(ExceptionTranslationFilter.java:119)
	at org.springframework.security.web.ObservationFilterChainDecorator$ObservationFilter.wrapFilter(ObservationFilterChainDecorator.java:241)
	at org.springframework.security.web.ObservationFilterChainDecorator$ObservationFilter.doFilter(ObservationFilterChainDecorator.java:228)
	at org.springframework.security.web.ObservationFilterChainDecorator$VirtualFilterChain.doFilter(ObservationFilterChainDecorator.java:138)
	at org.springframework.security.web.session.SessionManagementFilter.doFilter(SessionManagementFilter.java:131)
	at org.springframework.security.web.session.SessionManagementFilter.doFilter(SessionManagementFilter.java:85)
	at org.springframework.security.web.ObservationFilterChainDecorator$ObservationFilter.wrapFilter(ObservationFilterChainDecorator.java:241)
	at org.springframework.security.web.ObservationFilterChainDecorator$ObservationFilter.doFilter(ObservationFilterChainDecorator.java:228)
	at org.springframework.security.web.ObservationFilterChainDecorator$VirtualFilterChain.doFilter(ObservationFilterChainDecorator.java:138)
	at org.springframework.security.web.authentication.AnonymousAuthenticationFilter.doFilter(AnonymousAuthenticationFilter.java:100)
	at org.springframework.security.web.ObservationFilterChainDecorator$ObservationFilter.wrapFilter(ObservationFilterChainDecorator.java:241)
	at org.springframework.security.web.ObservationFilterChainDecorator$ObservationFilter.doFilter(ObservationFilterChainDecorator.java:228)
	at org.springframework.security.web.ObservationFilterChainDecorator$VirtualFilterChain.doFilter(ObservationFilterChainDecorator.java:138)
	at org.springframework.security.web.servletapi.SecurityContextHolderAwareRequestFilter.doFilter(SecurityContextHolderAwareRequestFilter.java:179)
	at org.springframework.security.web.ObservationFilterChainDecorator$ObservationFilter.wrapFilter(ObservationFilterChainDecorator.java:241)
	at org.springframework.security.web.ObservationFilterChainDecorator$ObservationFilter.doFilter(ObservationFilterChainDecorator.java:228)
	at org.springframework.security.web.ObservationFilterChainDecorator$VirtualFilterChain.doFilter(ObservationFilterChainDecorator.java:138)
	at org.springframework.security.web.savedrequest.RequestCacheAwareFilter.doFilter(RequestCacheAwareFilter.java:63)
	at org.springframework.security.web.ObservationFilterChainDecorator$ObservationFilter.wrapFilter(ObservationFilterChainDecorator.java:241)
	at org.springframework.security.web.ObservationFilterChainDecorator$ObservationFilter.doFilter(ObservationFilterChainDecorator.java:228)
	at org.springframework.security.web.ObservationFilterChainDecorator$VirtualFilterChain.doFilter(ObservationFilterChainDecorator.java:138)
	at com.jmp.infrastructure.security.JwtAuthenticationFilter.doFilterInternal(JwtAuthenticationFilter.java:75)
	at org.springframework.web.filter.OncePerRequestFilter.doFilter(OncePerRequestFilter.java:116)
	at org.springframework.security.web.ObservationFilterChainDecorator$ObservationFilter.wrapFilter(ObservationFilterChainDecorator.java:241)
	at org.springframework.security.web.ObservationFilterChainDecorator$ObservationFilter.doFilter(ObservationFilterChainDecorator.java:228)
	at org.springframework.security.web.ObservationFilterChainDecorator$VirtualFilterChain.doFilter(ObservationFilterChainDecorator.java:138)
	at org.springframework.security.web.authentication.logout.LogoutFilter.doFilter(LogoutFilter.java:107)
	at org.springframework.security.web.authentication.logout.LogoutFilter.doFilter(LogoutFilter.java:93)
	at org.springframework.security.web.ObservationFilterChainDecorator$ObservationFilter.wrapFilter(ObservationFilterChainDecorator.java:241)
	at org.springframework.security.web.ObservationFilterChainDecorator$ObservationFilter.doFilter(ObservationFilterChainDecorator.java:228)
	at org.springframework.security.web.ObservationFilterChainDecorator$VirtualFilterChain.doFilter(ObservationFilterChainDecorator.java:138)
	at org.springframework.web.filter.CorsFilter.doFilterInternal(CorsFilter.java:91)
	at org.springframework.web.filter.OncePerRequestFilter.doFilter(OncePerRequestFilter.java:116)
	at org.springframework.security.web.ObservationFilterChainDecorator$ObservationFilter.wrapFilter(ObservationFilterChainDecorator.java:241)
	at org.springframework.security.web.ObservationFilterChainDecorator$ObservationFilter.doFilter(ObservationFilterChainDecorator.java:228)
	at org.springframework.security.web.ObservationFilterChainDecorator$VirtualFilterChain.doFilter(ObservationFilterChainDecorator.java:138)
	at org.springframework.security.web.header.HeaderWriterFilter.doHeadersAfter(HeaderWriterFilter.java:90)
	at org.springframework.security.web.header.HeaderWriterFilter.doFilterInternal(HeaderWriterFilter.java:75)
	at org.springframework.web.filter.OncePerRequestFilter.doFilter(OncePerRequestFilter.java:116)
	at org.springframework.security.web.ObservationFilterChainDecorator$ObservationFilter.wrapFilter(ObservationFilterChainDecorator.java:241)
	at org.springframework.security.web.ObservationFilterChainDecorator$ObservationFilter.doFilter(ObservationFilterChainDecorator.java:228)
	at org.springframework.security.web.ObservationFilterChainDecorator$VirtualFilterChain.doFilter(ObservationFilterChainDecorator.java:138)
	at org.springframework.security.web.context.SecurityContextHolderFilter.doFilter(SecurityContextHolderFilter.java:82)
	at org.springframework.security.web.context.SecurityContextHolderFilter.doFilter(SecurityContextHolderFilter.java:69)
	at org.springframework.security.web.ObservationFilterChainDecorator$ObservationFilter.wrapFilter(ObservationFilterChainDecorator.java:241)
	at org.springframework.security.web.ObservationFilterChainDecorator$ObservationFilter.doFilter(ObservationFilterChainDecorator.java:228)
	at org.springframework.security.web.ObservationFilterChainDecorator$VirtualFilterChain.doFilter(ObservationFilterChainDecorator.java:138)
	at org.springframework.security.web.context.request.async.WebAsyncManagerIntegrationFilter.doFilterInternal(WebAsyncManagerIntegrationFilter.java:62)
	at org.springframework.web.filter.OncePerRequestFilter.doFilter(OncePerRequestFilter.java:116)
	at org.springframework.security.web.ObservationFilterChainDecorator$ObservationFilter.wrapFilter(ObservationFilterChainDecorator.java:241)
	at org.springframework.security.web.ObservationFilterChainDecorator$ObservationFilter.doFilter(ObservationFilterChainDecorator.java:228)
	at org.springframework.security.web.ObservationFilterChainDecorator$VirtualFilterChain.doFilter(ObservationFilterChainDecorator.java:138)
	at org.springframework.security.web.session.DisableEncodeUrlFilter.doFilterInternal(DisableEncodeUrlFilter.java:42)
	at org.springframework.web.filter.OncePerRequestFilter.doFilter(OncePerRequestFilter.java:116)
	at org.springframework.security.web.ObservationFilterChainDecorator$ObservationFilter.wrapFilter(ObservationFilterChainDecorator.java:241)
	at org.springframework.security.web.ObservationFilterChainDecorator$AroundFilterObservation$SimpleAroundFilterObservation.lambda$wrap$0(ObservationFilterChainDecorator.java:334)
	at org.springframework.security.web.ObservationFilterChainDecorator$ObservationFilter.doFilter(ObservationFilterChainDecorator.java:225)
	at org.springframework.security.web.ObservationFilterChainDecorator$VirtualFilterChain.doFilter(ObservationFilterChainDecorator.java:138)
	at org.springframework.security.web.FilterChainProxy.doFilterInternal(FilterChainProxy.java:233)
	at org.springframework.security.web.FilterChainProxy.doFilter(FilterChainProxy.java:191)
	at org.springframework.web.filter.CompositeFilter$VirtualFilterChain.doFilter(CompositeFilter.java:113)
	at org.springframework.web.filter.ServletRequestPathFilter.doFilter(ServletRequestPathFilter.java:52)
	at org.springframework.web.filter.CompositeFilter$VirtualFilterChain.doFilter(CompositeFilter.java:113)
	at org.springframework.web.filter.CompositeFilter.doFilter(CompositeFilter.java:74)
	at org.springframework.security.config.annotation.web.configuration.WebSecurityConfiguration$CompositeFilterChainProxy.doFilter(WebSecurityConfiguration.java:319)
	at org.springframework.web.filter.CompositeFilter$VirtualFilterChain.doFilter(CompositeFilter.java:113)
	at org.springframework.web.servlet.handler.HandlerMappingIntrospector.lambda$createCacheFilter$4(HandlerMappingIntrospector.java:267)
	at org.springframework.web.filter.CompositeFilter$VirtualFilterChain.doFilter(CompositeFilter.java:113)
	at org.springframework.web.filter.CompositeFilter.doFilter(CompositeFilter.java:74)
	at org.springframework.security.config.annotation.web.configuration.WebMvcSecurityConfiguration$CompositeFilterChainProxy.doFilter(WebMvcSecurityConfiguration.java:240)
	at org.springframework.web.filter.DelegatingFilterProxy.invokeDelegate(DelegatingFilterProxy.java:362)
	at org.springframework.web.filter.DelegatingFilterProxy.doFilter(DelegatingFilterProxy.java:278)
	at org.apache.catalina.core.ApplicationFilterChain.internalDoFilter(ApplicationFilterChain.java:162)
	at org.apache.catalina.core.ApplicationFilterChain.doFilter(ApplicationFilterChain.java:138)
	at org.springframework.web.filter.RequestContextFilter.doFilterInternal(RequestContextFilter.java:100)
	at org.springframework.web.filter.OncePerRequestFilter.doFilter(OncePerRequestFilter.java:116)
	at org.apache.catalina.core.ApplicationFilterChain.internalDoFilter(ApplicationFilterChain.java:162)
	at org.apache.catalina.core.ApplicationFilterChain.doFilter(ApplicationFilterChain.java:138)
	at org.springframework.web.filter.FormContentFilter.doFilterInternal(FormContentFilter.java:93)
	at org.springframework.web.filter.OncePerRequestFilter.doFilter(OncePerRequestFilter.java:116)
	at org.apache.catalina.core.ApplicationFilterChain.internalDoFilter(ApplicationFilterChain.java:162)
	at org.apache.catalina.core.ApplicationFilterChain.doFilter(ApplicationFilterChain.java:138)
	at org.springframework.web.filter.ServerHttpObservationFilter.doFilterInternal(ServerHttpObservationFilter.java:110)
	at org.springframework.web.filter.OncePerRequestFilter.doFilter(OncePerRequestFilter.java:116)
	at org.apache.catalina.core.ApplicationFilterChain.internalDoFilter(ApplicationFilterChain.java:162)
	at org.apache.catalina.core.ApplicationFilterChain.doFilter(ApplicationFilterChain.java:138)
	at org.springframework.web.filter.CharacterEncodingFilter.doFilterInternal(CharacterEncodingFilter.java:201)
	at org.springframework.web.filter.OncePerRequestFilter.doFilter(OncePerRequestFilter.java:116)
	at org.apache.catalina.core.ApplicationFilterChain.internalDoFilter(ApplicationFilterChain.java:162)
	at org.apache.catalina.core.ApplicationFilterChain.doFilter(ApplicationFilterChain.java:138)
	at org.apache.catalina.core.StandardWrapperValve.invoke(StandardWrapperValve.java:165)
	at org.apache.catalina.core.StandardContextValve.invoke(StandardContextValve.java:88)
	at org.apache.catalina.authenticator.AuthenticatorBase.invoke(AuthenticatorBase.java:492)
	at org.apache.catalina.core.StandardHostValve.invoke(StandardHostValve.java:113)
	at org.apache.catalina.valves.ErrorReportValve.invoke(ErrorReportValve.java:83)
	at org.apache.catalina.core.StandardEngineValve.invoke(StandardEngineValve.java:72)
	at org.apache.catalina.connector.CoyoteAdapter.service(CoyoteAdapter.java:342)
	at org.apache.coyote.http11.Http11Processor.service(Http11Processor.java:399)
	at org.apache.coyote.AbstractProcessorLight.process(AbstractProcessorLight.java:63)
	at org.apache.coyote.AbstractProtocol$ConnectionHandler.process(AbstractProtocol.java:903)
	at org.apache.tomcat.util.net.NioEndpoint$SocketProcessor.doRun(NioEndpoint.java:1775)
	at org.apache.tomcat.util.net.SocketProcessorBase.run(SocketProcessorBase.java:52)
	at org.apache.tomcat.util.threads.ThreadPoolExecutor.runWorker(ThreadPoolExecutor.java:973)
	at org.apache.tomcat.util.threads.ThreadPoolExecutor$Worker.run(ThreadPoolExecutor.java:491)
	at org.apache.tomcat.util.threads.TaskThread$WrappingRunnable.run(TaskThread.java:63)
	at java.base/java.lang.Thread.run(Thread.java:1474)
Caused by: org.springframework.core.convert.ConversionFailedException: Failed to convert from type [java.lang.String] to type [@org.springframework.web.bind.annotation.RequestParam @org.springframework.format.annotation.DateTimeFormat java.time.Instant] for value [2026-08-21T00:03]
	at org.springframework.core.convert.support.ConversionUtils.invokeConverter(ConversionUtils.java:47)
	at org.springframework.core.convert.support.GenericConversionService.convert(GenericConversionService.java:182)
	at org.springframework.beans.TypeConverterDelegate.convertIfNecessary(TypeConverterDelegate.java:131)
	at org.springframework.beans.TypeConverterSupport.convertIfNecessary(TypeConverterSupport.java:80)
	at org.springframework.beans.TypeConverterSupport.convertIfNecessary(TypeConverterSupport.java:53)
	at org.springframework.validation.DataBinder.convertIfNecessary(DataBinder.java:867)
	at org.springframework.web.method.annotation.AbstractNamedValueMethodArgumentResolver.convertIfNecessary(AbstractNamedValueMethodArgumentResolver.java:293)
	... 141 common frames omitted
Caused by: java.lang.IllegalArgumentException: Parse attempt failed for value [2026-08-21T00:03]
	at org.springframework.format.support.FormattingConversionService$ParserConverter.convert(FormattingConversionService.java:223)
	at org.springframework.format.support.FormattingConversionService$AnnotationParserConverter.convert(FormattingConversionService.java:338)
	at org.springframework.core.convert.support.ConversionUtils.invokeConverter(ConversionUtils.java:41)
	... 147 common frames omitted
Caused by: java.time.format.DateTimeParseException: Unable to parse date time value "2026-08-21T00:03" using configuration from @org.springframework.format.annotation.DateTimeFormat(pattern="", style="SS", iso=DATE_TIME, fallbackPatterns={})
	at org.springframework.format.datetime.standard.TemporalAccessorParser.parse(TemporalAccessorParser.java:120)
	at org.springframework.format.datetime.standard.TemporalAccessorParser.parse(TemporalAccessorParser.java:56)
	at org.springframework.format.support.FormattingConversionService$ParserConverter.convert(FormattingConversionService.java:217)
	... 149 common frames omitted
Caused by: java.time.format.DateTimeParseException: Text '2026-08-21T00:03' could not be parsed: Unable to obtain Instant from TemporalAccessor: {},ISO resolved to 2026-08-21T00:03 of type java.time.format.Parsed
	at java.base/java.time.format.DateTimeFormatter.createError(DateTimeFormatter.java:2079)
	at java.base/java.time.format.DateTimeFormatter.parse(DateTimeFormatter.java:2014)
	at org.springframework.format.datetime.standard.TemporalAccessorParser.doParse(TemporalAccessorParser.java:130)
	at org.springframework.format.datetime.standard.TemporalAccessorParser.parse(TemporalAccessorParser.java:92)
	... 151 common frames omitted
Caused by: java.time.DateTimeException: Unable to obtain Instant from TemporalAccessor: {},ISO resolved to 2026-08-21T00:03 of type java.time.format.Parsed
	at java.base/java.time.Instant.from(Instant.java:381)
	at java.base/java.time.format.Parsed.query(Parsed.java:247)
	at java.base/java.time.format.DateTimeFormatter.parse(DateTimeFormatter.java:2010)
	... 153 common frames omitted
Caused by: java.time.temporal.UnsupportedTemporalTypeException: Unsupported field: InstantSeconds
	at java.base/java.time.format.Parsed.getLong(Parsed.java:215)
	at java.base/java.time.Instant.from(Instant.java:376)
	... 155 common frames omitted
2026-09-20 03:03:56 [http-nio-8080-exec-10] [] DEBUG o.s.security.web.FilterChainProxy - Securing GET /actuator/prometheus
2026-09-20 03:03:56 [http-nio-8080-exec-10] [] DEBUG o.s.s.w.a.AnonymousAuthenticationFilter - Set SecurityContextHolder to anonymous SecurityContext
2026-09-20 03:03:56 [http-nio-8080-exec-10] [] DEBUG o.s.s.w.a.Http403ForbiddenEntryPoint - Pre-authenticated entry point called. Rejecting access
2026-09-20 03:03:56 [http-nio-8080-exec-10] [] DEBUG o.s.security.web.FilterChainProxy - Securing GET /error
2026-09-20 03:03:56 [http-nio-8080-exec-10] [] DEBUG o.s.s.w.a.AnonymousAuthenticationFilter - Set SecurityContextHolder to anonymous SecurityContext
2026-09-20 03:03:56 [http-nio-8080-exec-10] [] DEBUG o.s.s.w.a.Http403ForbiddenEntryPoint - Pre-authenticated entry point called. Rejecting access
2026-09-20 03:03:59 [http-nio-8080-exec-3] [] DEBUG o.s.security.web.FilterChainProxy - Securing GET /api/v1/conferences?search=
2026-09-20 03:03:59 [http-nio-8080-exec-3] [] DEBUG c.j.i.s.JwtAuthenticationFilter - Authenticated user: cccccccc-cccc-cccc-cccc-ccccccccccc1, URI: /api/v1/conferences
2026-09-20 03:03:59 [http-nio-8080-exec-3] [] DEBUG o.s.security.web.FilterChainProxy - Secured GET /api/v1/conferences?search=
2026-09-20 03:03:59 [http-nio-8080-exec-3] [] DEBUG o.s.s.a.m.AuthorizationManagerBeforeMethodInterceptor - Authorizing method invocation ReflectiveMethodInvocation: public org.springframework.http.ResponseEntity com.jmp.api.controller.ConferenceController.listConferences(org.springframework.data.domain.Pageable,java.lang.String,org.springframework.security.core.Authentication); target is of class [com.jmp.api.controller.ConferenceController]
2026-09-20 03:03:59 [http-nio-8080-exec-3] [] DEBUG o.s.s.a.m.AuthorizationManagerBeforeMethodInterceptor - Authorized method invocation ReflectiveMethodInvocation: public org.springframework.http.ResponseEntity com.jmp.api.controller.ConferenceController.listConferences(org.springframework.data.domain.Pageable,java.lang.String,org.springframework.security.core.Authentication); target is of class [com.jmp.api.controller.ConferenceController]
2026-09-20 03:03:59 [http-nio-8080-exec-3] [] DEBUG o.s.security.web.FilterChainProxy - Securing GET /api/v1/conferences?search=
2026-09-20 03:03:59 [http-nio-8080-exec-3] [] DEBUG c.j.i.s.JwtAuthenticationFilter - Authenticated user: cccccccc-cccc-cccc-cccc-ccccccccccc1, URI: /api/v1/conferences
2026-09-20 03:03:59 [http-nio-8080-exec-3] [] DEBUG o.s.security.web.FilterChainProxy - Secured GET /api/v1/conferences?search=
2026-09-20 03:03:59 [http-nio-8080-exec-3] [] DEBUG o.s.s.a.m.AuthorizationManagerBeforeMethodInterceptor - Authorizing method invocation ReflectiveMethodInvocation: public org.springframework.http.ResponseEntity com.jmp.api.controller.ConferenceController.listConferences(org.springframework.data.domain.Pageable,java.lang.String,org.springframework.security.core.Authentication); target is of class [com.jmp.api.controller.ConferenceController]
2026-09-20 03:03:59 [http-nio-8080-exec-3] [] DEBUG o.s.s.a.m.AuthorizationManagerBeforeMethodInterceptor - Authorized method invocation ReflectiveMethodInvocation: public org.springframework.http.ResponseEntity com.jmp.api.controller.ConferenceController.listConferences(org.springframework.data.domain.Pageable,java.lang.String,org.springframework.security.core.Authentication); target is of class [com.jmp.api.controller.ConferenceController]
2026-09-20 03:04:01 [http-nio-8080-exec-7] [] DEBUG o.s.security.web.FilterChainProxy - Securing GET /actuator/prometheus
2026-09-20 03:04:01 [http-nio-8080-exec-7] [] DEBUG o.s.s.w.a.AnonymousAuthenticationFilter - Set SecurityContextHolder to anonymous SecurityContext
2026-09-20 03:04:01 [http-nio-8080-exec-7] [] DEBUG o.s.s.w.a.Http403ForbiddenEntryPoint - Pre-authenticated entry point called. Rejecting access
2026-09-20 03:04:01 [http-nio-8080-exec-7] [] DEBUG o.s.security.web.FilterChainProxy - Securing GET /error
2026-09-20 03:04:01 [http-nio-8080-exec-7] [] DEBUG o.s.s.w.a.AnonymousAuthenticationFilter - Set SecurityContextHolder to anonymous SecurityContext
2026-09-20 03:04:01 [http-nio-8080-exec-7] [] DEBUG o.s.s.w.a.Http403ForbiddenEntryPoint - Pre-authenticated entry point called. Rejecting access
2026-09-20 03:04:06 [http-nio-8080-exec-8] [] DEBUG o.s.security.web.FilterChainProxy - Securing GET /actuator/prometheus
2026-09-20 03:04:06 [http-nio-8080-exec-8] [] DEBUG o.s.s.w.a.AnonymousAuthenticationFilter - Set SecurityContextHolder to anonymous SecurityContext
2026-09-20 03:04:06 [http-nio-8080-exec-8] [] DEBUG o.s.s.w.a.Http403ForbiddenEntryPoint - Pre-authenticated entry point called. Rejecting access
2026-09-20 03:04:06 [http-nio-8080-exec-8] [] DEBUG o.s.security.web.FilterChainProxy - Securing GET /error
2026-09-20 03:04:06 [http-nio-8080-exec-8] [] DEBUG o.s.s.w.a.AnonymousAuthenticationFilter - Set SecurityContextHolder to anonymous SecurityContext
2026-09-20 03:04:06 [http-nio-8080-exec-8] [] DEBUG o.s.s.w.a.Http403ForbiddenEntryPoint - Pre-authenticated entry point called. Rejecting access
2026-09-20 03:04:11 [http-nio-8080-exec-5] [] DEBUG o.s.security.web.FilterChainProxy - Securing GET /actuator/prometheus
2026-09-20 03:04:11 [http-nio-8080-exec-5] [] DEBUG o.s.s.w.a.AnonymousAuthenticationFilter - Set SecurityContextHolder to anonymous SecurityContext
2026-09-20 03:04:11 [http-nio-8080-exec-5] [] DEBUG o.s.s.w.a.Http403ForbiddenEntryPoint - Pre-authenticated entry point called. Rejecting access
2026-09-20 03:04:11 [http-nio-8080-exec-5] [] DEBUG o.s.security.web.FilterChainProxy - Securing GET /error
2026-09-20 03:04:11 [http-nio-8080-exec-5] [] DEBUG o.s.s.w.a.AnonymousAuthenticationFilter - Set SecurityContextHolder to anonymous SecurityContext
2026-09-20 03:04:11 [http-nio-8080-exec-5] [] DEBUG o.s.s.w.a.Http403ForbiddenEntryPoint - Pre-authenticated entry point called. Rejecting access
2026-09-20 03:04:16 [http-nio-8080-exec-1] [] DEBUG o.s.security.web.FilterChainProxy - Securing GET /actuator/prometheus
2026-09-20 03:04:16 [http-nio-8080-exec-1] [] DEBUG o.s.s.w.a.AnonymousAuthenticationFilter - Set SecurityContextHolder to anonymous SecurityContext
2026-09-20 03:04:16 [http-nio-8080-exec-1] [] DEBUG o.s.s.w.a.Http403ForbiddenEntryPoint - Pre-authenticated entry point called. Rejecting access
2026-09-20 03:04:16 [http-nio-8080-exec-1] [] DEBUG o.s.security.web.FilterChainProxy - Securing GET /error
2026-09-20 03:04:16 [http-nio-8080-exec-1] [] DEBUG o.s.s.w.a.AnonymousAuthenticationFilter - Set SecurityContextHolder to anonymous SecurityContext
2026-09-20 03:04:16 [http-nio-8080-exec-1] [] DEBUG o.s.s.w.a.Http403ForbiddenEntryPoint - Pre-authenticated entry point called. Rejecting access
2026-09-20 03:04:21 [http-nio-8080-exec-9] [] DEBUG o.s.security.web.FilterChainProxy - Securing GET /actuator/prometheus
2026-09-20 03:04:21 [http-nio-8080-exec-9] [] DEBUG o.s.s.w.a.AnonymousAuthenticationFilter - Set SecurityContextHolder to anonymous SecurityContext
2026-09-20 03:04:21 [http-nio-8080-exec-9] [] DEBUG o.s.s.w.a.Http403ForbiddenEntryPoint - Pre-authenticated entry point called. Rejecting access
2026-09-20 03:04:21 [http-nio-8080-exec-9] [] DEBUG o.s.security.web.FilterChainProxy - Securing GET /error
2026-09-20 03:04:21 [http-nio-8080-exec-9] [] DEBUG o.s.s.w.a.AnonymousAuthenticationFilter - Set SecurityContextHolder to anonymous SecurityContext
2026-09-20 03:04:21 [http-nio-8080-exec-9] [] DEBUG o.s.s.w.a.Http403ForbiddenEntryPoint - Pre-authenticated entry point called. Rejecting access
2026-09-20 03:04:26 [http-nio-8080-exec-2] [] DEBUG o.s.security.web.FilterChainProxy - Securing GET /actuator/prometheus
2026-09-20 03:04:26 [http-nio-8080-exec-2] [] DEBUG o.s.s.w.a.AnonymousAuthenticationFilter - Set SecurityContextHolder to anonymous SecurityContext
2026-09-20 03:04:26 [http-nio-8080-exec-2] [] DEBUG o.s.s.w.a.Http403ForbiddenEntryPoint - Pre-authenticated entry point called. Rejecting access
2026-09-20 03:04:26 [http-nio-8080-exec-2] [] DEBUG o.s.security.web.FilterChainProxy - Securing GET /error
2026-09-20 03:04:26 [http-nio-8080-exec-2] [] DEBUG o.s.s.w.a.AnonymousAuthenticationFilter - Set SecurityContextHolder to anonymous SecurityContext
2026-09-20 03:04:26 [http-nio-8080-exec-2] [] DEBUG o.s.s.w.a.Http403ForbiddenEntryPoint - Pre-authenticated entry point called. Rejecting access
2026-09-20 03:04:31 [http-nio-8080-exec-4] [] DEBUG o.s.security.web.FilterChainProxy - Securing GET /actuator/prometheus
2026-09-20 03:04:31 [http-nio-8080-exec-4] [] DEBUG o.s.s.w.a.AnonymousAuthenticationFilter - Set SecurityContextHolder to anonymous SecurityContext
2026-09-20 03:04:31 [http-nio-8080-exec-4] [] DEBUG o.s.s.w.a.Http403ForbiddenEntryPoint - Pre-authenticated entry point called. Rejecting access
2026-09-20 03:04:31 [http-nio-8080-exec-4] [] DEBUG o.s.security.web.FilterChainProxy - Securing GET /error
2026-09-20 03:04:31 [http-nio-8080-exec-4] [] DEBUG o.s.s.w.a.AnonymousAuthenticationFilter - Set SecurityContextHolder to anonymous SecurityContext
2026-09-20 03:04:31 [http-nio-8080-exec-4] [] DEBUG o.s.s.w.a.Http403ForbiddenEntryPoint - Pre-authenticated entry point called. Rejecting access
2026-09-20 03:04:36 [http-nio-8080-exec-10] [] DEBUG o.s.security.web.FilterChainProxy - Securing GET /actuator/prometheus
2026-09-20 03:04:36 [http-nio-8080-exec-10] [] DEBUG o.s.s.w.a.AnonymousAuthenticationFilter - Set SecurityContextHolder to anonymous SecurityContext
2026-09-20 03:04:36 [http-nio-8080-exec-10] [] DEBUG o.s.s.w.a.Http403ForbiddenEntryPoint - Pre-authenticated entry point called. Rejecting access
2026-09-20 03:04:36 [http-nio-8080-exec-10] [] DEBUG o.s.security.web.FilterChainProxy - Securing GET /error
2026-09-20 03:04:36 [http-nio-8080-exec-10] [] DEBUG o.s.s.w.a.AnonymousAuthenticationFilter - Set SecurityContextHolder to anonymous SecurityContext
2026-09-20 03:04:36 [http-nio-8080-exec-10] [] DEBUG o.s.s.w.a.Http403ForbiddenEntryPoint - Pre-authenticated entry point called. Rejecting access
2026-09-20 03:04:41 [http-nio-8080-exec-6] [] DEBUG o.s.security.web.FilterChainProxy - Securing GET /actuator/prometheus
2026-09-20 03:04:41 [http-nio-8080-exec-6] [] DEBUG o.s.s.w.a.AnonymousAuthenticationFilter - Set SecurityContextHolder to anonymous SecurityContext
2026-09-20 03:04:41 [http-nio-8080-exec-6] [] DEBUG o.s.s.w.a.Http403ForbiddenEntryPoint - Pre-authenticated entry point called. Rejecting access
2026-09-20 03:04:41 [http-nio-8080-exec-6] [] DEBUG o.s.security.web.FilterChainProxy - Securing GET /error
2026-09-20 03:04:41 [http-nio-8080-exec-6] [] DEBUG o.s.s.w.a.AnonymousAuthenticationFilter - Set SecurityContextHolder to anonymous SecurityContext
2026-09-20 03:04:41 [http-nio-8080-exec-6] [] DEBUG o.s.s.w.a.Http403ForbiddenEntryPoint - Pre-authenticated entry point called. Rejecting access
2026-09-20 03:04:46 [http-nio-8080-exec-3] [] DEBUG o.s.security.web.FilterChainProxy - Securing GET /actuator/prometheus
2026-09-20 03:04:46 [http-nio-8080-exec-3] [] DEBUG o.s.s.w.a.AnonymousAuthenticationFilter - Set SecurityContextHolder to anonymous SecurityContext
2026-09-20 03:04:46 [http-nio-8080-exec-3] [] DEBUG o.s.s.w.a.Http403ForbiddenEntryPoint - Pre-authenticated entry point called. Rejecting access
2026-09-20 03:04:46 [http-nio-8080-exec-3] [] DEBUG o.s.security.web.FilterChainProxy - Securing GET /error
2026-09-20 03:04:46 [http-nio-8080-exec-3] [] DEBUG o.s.s.w.a.AnonymousAuthenticationFilter - Set SecurityContextHolder to anonymous SecurityContext
2026-09-20 03:04:46 [http-nio-8080-exec-3] [] DEBUG o.s.s.w.a.Http403ForbiddenEntryPoint - Pre-authenticated entry point called. Rejecting access
2026-09-20 03:04:51 [http-nio-8080-exec-7] [] DEBUG o.s.security.web.FilterChainProxy - Securing GET /actuator/prometheus
2026-09-20 03:04:51 [http-nio-8080-exec-7] [] DEBUG o.s.s.w.a.AnonymousAuthenticationFilter - Set SecurityContextHolder to anonymous SecurityContext
2026-09-20 03:04:51 [http-nio-8080-exec-7] [] DEBUG o.s.s.w.a.Http403ForbiddenEntryPoint - Pre-authenticated entry point called. Rejecting access
2026-09-20 03:04:51 [http-nio-8080-exec-7] [] DEBUG o.s.security.web.FilterChainProxy - Securing GET /error
2026-09-20 03:04:51 [http-nio-8080-exec-7] [] DEBUG o.s.s.w.a.AnonymousAuthenticationFilter - Set SecurityContextHolder to anonymous SecurityContext
2026-09-20 03:04:51 [http-nio-8080-exec-7] [] DEBUG o.s.s.w.a.Http403ForbiddenEntryPoint - Pre-authenticated entry point called. Rejecting access
2026-09-20 03:04:56 [http-nio-8080-exec-8] [] DEBUG o.s.security.web.FilterChainProxy - Securing GET /actuator/prometheus
2026-09-20 03:04:56 [http-nio-8080-exec-8] [] DEBUG o.s.s.w.a.AnonymousAuthenticationFilter - Set SecurityContextHolder to anonymous SecurityContext
2026-09-20 03:04:56 [http-nio-8080-exec-8] [] DEBUG o.s.s.w.a.Http403ForbiddenEntryPoint - Pre-authenticated entry point called. Rejecting access
2026-09-20 03:04:56 [http-nio-8080-exec-8] [] DEBUG o.s.security.web.FilterChainProxy - Securing GET /error
2026-09-20 03:04:56 [http-nio-8080-exec-8] [] DEBUG o.s.s.w.a.AnonymousAuthenticationFilter - Set SecurityContextHolder to anonymous SecurityContext
2026-09-20 03:04:56 [http-nio-8080-exec-8] [] DEBUG o.s.s.w.a.Http403ForbiddenEntryPoint - Pre-authenticated entry point called. Rejecting access
2026-09-20 03:05:01 [http-nio-8080-exec-5] [] DEBUG o.s.security.web.FilterChainProxy - Securing GET /actuator/prometheus
2026-09-20 03:05:01 [http-nio-8080-exec-5] [] DEBUG o.s.s.w.a.AnonymousAuthenticationFilter - Set SecurityContextHolder to anonymous SecurityContext
2026-09-20 03:05:01 [http-nio-8080-exec-5] [] DEBUG o.s.s.w.a.Http403ForbiddenEntryPoint - Pre-authenticated entry point called. Rejecting access
2026-09-20 03:05:01 [http-nio-8080-exec-5] [] DEBUG o.s.security.web.FilterChainProxy - Securing GET /error
2026-09-20 03:05:01 [http-nio-8080-exec-5] [] DEBUG o.s.s.w.a.AnonymousAuthenticationFilter - Set SecurityContextHolder to anonymous SecurityContext
2026-09-20 03:05:01 [http-nio-8080-exec-5] [] DEBUG o.s.s.w.a.Http403ForbiddenEntryPoint - Pre-authenticated entry point called. Rejecting access
2026-09-20 03:05:03 [http-nio-8080-exec-1] [] DEBUG o.s.security.web.FilterChainProxy - Securing GET /api/v1/tenants
2026-09-20 03:05:03 [http-nio-8080-exec-1] [] DEBUG c.j.i.s.JwtAuthenticationFilter - Authenticated user: cccccccc-cccc-cccc-cccc-ccccccccccc1, URI: /api/v1/tenants
2026-09-20 03:05:03 [http-nio-8080-exec-1] [] DEBUG o.s.security.web.FilterChainProxy - Secured GET /api/v1/tenants
2026-09-20 03:05:04 [http-nio-8080-exec-1] [] DEBUG o.s.s.a.m.AuthorizationManagerBeforeMethodInterceptor - Authorizing method invocation ReflectiveMethodInvocation: public org.springframework.http.ResponseEntity com.jmp.api.controller.TenantController.listTenants(org.springframework.data.domain.Pageable,java.lang.String); target is of class [com.jmp.api.controller.TenantController]
2026-09-20 03:05:04 [http-nio-8080-exec-1] [] DEBUG o.s.s.a.m.AuthorizationManagerBeforeMethodInterceptor - Authorized method invocation ReflectiveMethodInvocation: public org.springframework.http.ResponseEntity com.jmp.api.controller.TenantController.listTenants(org.springframework.data.domain.Pageable,java.lang.String); target is of class [com.jmp.api.controller.TenantController]
2026-09-20 03:05:04 [http-nio-8080-exec-9] [] DEBUG o.s.security.web.FilterChainProxy - Securing GET /api/v1/tenants
2026-09-20 03:05:04 [http-nio-8080-exec-9] [] DEBUG c.j.i.s.JwtAuthenticationFilter - Authenticated user: cccccccc-cccc-cccc-cccc-ccccccccccc1, URI: /api/v1/tenants
2026-09-20 03:05:04 [http-nio-8080-exec-9] [] DEBUG o.s.security.web.FilterChainProxy - Secured GET /api/v1/tenants
2026-09-20 03:05:04 [http-nio-8080-exec-9] [] DEBUG o.s.s.a.m.AuthorizationManagerBeforeMethodInterceptor - Authorizing method invocation ReflectiveMethodInvocation: public org.springframework.http.ResponseEntity com.jmp.api.controller.TenantController.listTenants(org.springframework.data.domain.Pageable,java.lang.String); target is of class [com.jmp.api.controller.TenantController]
2026-09-20 03:05:04 [http-nio-8080-exec-9] [] DEBUG o.s.s.a.m.AuthorizationManagerBeforeMethodInterceptor - Authorized method invocation ReflectiveMethodInvocation: public org.springframework.http.ResponseEntity com.jmp.api.controller.TenantController.listTenants(org.springframework.data.domain.Pageable,java.lang.String); target is of class [com.jmp.api.controller.TenantController]
2026-09-20 03:05:06 [http-nio-8080-exec-2] [] DEBUG o.s.security.web.FilterChainProxy - Securing GET /actuator/prometheus
2026-09-20 03:05:06 [http-nio-8080-exec-2] [] DEBUG o.s.s.w.a.AnonymousAuthenticationFilter - Set SecurityContextHolder to anonymous SecurityContext
2026-09-20 03:05:06 [http-nio-8080-exec-2] [] DEBUG o.s.s.w.a.Http403ForbiddenEntryPoint - Pre-authenticated entry point called. Rejecting access
2026-09-20 03:05:06 [http-nio-8080-exec-2] [] DEBUG o.s.security.web.FilterChainProxy - Securing GET /error
2026-09-20 03:05:06 [http-nio-8080-exec-2] [] DEBUG o.s.s.w.a.AnonymousAuthenticationFilter - Set SecurityContextHolder to anonymous SecurityContext
2026-09-20 03:05:06 [http-nio-8080-exec-2] [] DEBUG o.s.s.w.a.Http403ForbiddenEntryPoint - Pre-authenticated entry point called. Rejecting access
2026-09-20 03:05:11 [http-nio-8080-exec-4] [] DEBUG o.s.security.web.FilterChainProxy - Securing GET /actuator/prometheus
2026-09-20 03:05:11 [http-nio-8080-exec-4] [] DEBUG o.s.s.w.a.AnonymousAuthenticationFilter - Set SecurityContextHolder to anonymous SecurityContext
2026-09-20 03:05:11 [http-nio-8080-exec-4] [] DEBUG o.s.s.w.a.Http403ForbiddenEntryPoint - Pre-authenticated entry point called. Rejecting access
2026-09-20 03:05:11 [http-nio-8080-exec-4] [] DEBUG o.s.security.web.FilterChainProxy - Securing GET /error
2026-09-20 03:05:11 [http-nio-8080-exec-4] [] DEBUG o.s.s.w.a.AnonymousAuthenticationFilter - Set SecurityContextHolder to anonymous SecurityContext
2026-09-20 03:05:11 [http-nio-8080-exec-4] [] DEBUG o.s.s.w.a.Http403ForbiddenEntryPoint - Pre-authenticated entry point called. Rejecting access
2026-09-20 03:05:16 [http-nio-8080-exec-10] [] DEBUG o.s.security.web.FilterChainProxy - Securing GET /actuator/prometheus
2026-09-20 03:05:16 [http-nio-8080-exec-10] [] DEBUG o.s.s.w.a.AnonymousAuthenticationFilter - Set SecurityContextHolder to anonymous SecurityContext
2026-09-20 03:05:16 [http-nio-8080-exec-10] [] DEBUG o.s.s.w.a.Http403ForbiddenEntryPoint - Pre-authenticated entry point called. Rejecting access
2026-09-20 03:05:16 [http-nio-8080-exec-10] [] DEBUG o.s.security.web.FilterChainProxy - Securing GET /error
2026-09-20 03:05:16 [http-nio-8080-exec-10] [] DEBUG o.s.s.w.a.AnonymousAuthenticationFilter - Set SecurityContextHolder to anonymous SecurityContext
2026-09-20 03:05:16 [http-nio-8080-exec-10] [] DEBUG o.s.s.w.a.Http403ForbiddenEntryPoint - Pre-authenticated entry point called. Rejecting access
2026-09-20 03:05:21 [http-nio-8080-exec-6] [] DEBUG o.s.security.web.FilterChainProxy - Securing GET /actuator/prometheus
2026-09-20 03:05:21 [http-nio-8080-exec-6] [] DEBUG o.s.s.w.a.AnonymousAuthenticationFilter - Set SecurityContextHolder to anonymous SecurityContext
2026-09-20 03:05:21 [http-nio-8080-exec-6] [] DEBUG o.s.s.w.a.Http403ForbiddenEntryPoint - Pre-authenticated entry point called. Rejecting access
2026-09-20 03:05:21 [http-nio-8080-exec-6] [] DEBUG o.s.security.web.FilterChainProxy - Securing GET /error
2026-09-20 03:05:21 [http-nio-8080-exec-6] [] DEBUG o.s.s.w.a.AnonymousAuthenticationFilter - Set SecurityContextHolder to anonymous SecurityContext
2026-09-20 03:05:21 [http-nio-8080-exec-6] [] DEBUG o.s.s.w.a.Http403ForbiddenEntryPoint - Pre-authenticated entry point called. Rejecting access
2026-09-20 03:05:26 [http-nio-8080-exec-3] [] DEBUG o.s.security.web.FilterChainProxy - Securing GET /actuator/prometheus
2026-09-20 03:05:26 [http-nio-8080-exec-3] [] DEBUG o.s.s.w.a.AnonymousAuthenticationFilter - Set SecurityContextHolder to anonymous SecurityContext
2026-09-20 03:05:26 [http-nio-8080-exec-3] [] DEBUG o.s.s.w.a.Http403ForbiddenEntryPoint - Pre-authenticated entry point called. Rejecting access
2026-09-20 03:05:26 [http-nio-8080-exec-3] [] DEBUG o.s.security.web.FilterChainProxy - Securing GET /error
2026-09-20 03:05:26 [http-nio-8080-exec-3] [] DEBUG o.s.s.w.a.AnonymousAuthenticationFilter - Set SecurityContextHolder to anonymous SecurityContext
2026-09-20 03:05:26 [http-nio-8080-exec-3] [] DEBUG o.s.s.w.a.Http403ForbiddenEntryPoint - Pre-authenticated entry point called. Rejecting access
2026-09-20 03:05:31 [http-nio-8080-exec-7] [] DEBUG o.s.security.web.FilterChainProxy - Securing GET /actuator/prometheus
2026-09-20 03:05:31 [http-nio-8080-exec-7] [] DEBUG o.s.s.w.a.AnonymousAuthenticationFilter - Set SecurityContextHolder to anonymous SecurityContext
2026-09-20 03:05:31 [http-nio-8080-exec-7] [] DEBUG o.s.s.w.a.Http403ForbiddenEntryPoint - Pre-authenticated entry point called. Rejecting access
2026-09-20 03:05:31 [http-nio-8080-exec-7] [] DEBUG o.s.security.web.FilterChainProxy - Securing GET /error
2026-09-20 03:05:31 [http-nio-8080-exec-7] [] DEBUG o.s.s.w.a.AnonymousAuthenticationFilter - Set SecurityContextHolder to anonymous SecurityContext
2026-09-20 03:05:31 [http-nio-8080-exec-7] [] DEBUG o.s.s.w.a.Http403ForbiddenEntryPoint - Pre-authenticated entry point called. Rejecting access
2026-09-20 03:05:36 [http-nio-8080-exec-8] [] DEBUG o.s.security.web.FilterChainProxy - Securing GET /actuator/prometheus
2026-09-20 03:05:36 [http-nio-8080-exec-8] [] DEBUG o.s.s.w.a.AnonymousAuthenticationFilter - Set SecurityContextHolder to anonymous SecurityContext
2026-09-20 03:05:36 [http-nio-8080-exec-8] [] DEBUG o.s.s.w.a.Http403ForbiddenEntryPoint - Pre-authenticated entry point called. Rejecting access
2026-09-20 03:05:36 [http-nio-8080-exec-8] [] DEBUG o.s.security.web.FilterChainProxy - Securing GET /error
2026-09-20 03:05:36 [http-nio-8080-exec-8] [] DEBUG o.s.s.w.a.AnonymousAuthenticationFilter - Set SecurityContextHolder to anonymous SecurityContext
2026-09-20 03:05:36 [http-nio-8080-exec-8] [] DEBUG o.s.s.w.a.Http403ForbiddenEntryPoint - Pre-authenticated entry point called. Rejecting access
2026-09-20 03:05:41 [http-nio-8080-exec-5] [] DEBUG o.s.security.web.FilterChainProxy - Securing GET /actuator/prometheus
2026-09-20 03:05:41 [http-nio-8080-exec-5] [] DEBUG o.s.s.w.a.AnonymousAuthenticationFilter - Set SecurityContextHolder to anonymous SecurityContext
2026-09-20 03:05:41 [http-nio-8080-exec-5] [] DEBUG o.s.s.w.a.Http403ForbiddenEntryPoint - Pre-authenticated entry point called. Rejecting access
2026-09-20 03:05:41 [http-nio-8080-exec-5] [] DEBUG o.s.security.web.FilterChainProxy - Securing GET /error
2026-09-20 03:05:41 [http-nio-8080-exec-5] [] DEBUG o.s.s.w.a.AnonymousAuthenticationFilter - Set SecurityContextHolder to anonymous SecurityContext
2026-09-20 03:05:41 [http-nio-8080-exec-5] [] DEBUG o.s.s.w.a.Http403ForbiddenEntryPoint - Pre-authenticated entry point called. Rejecting access
2026-09-20 03:05:46 [http-nio-8080-exec-1] [] DEBUG o.s.security.web.FilterChainProxy - Securing GET /actuator/prometheus
2026-09-20 03:05:46 [http-nio-8080-exec-1] [] DEBUG o.s.s.w.a.AnonymousAuthenticationFilter - Set SecurityContextHolder to anonymous SecurityContext
2026-09-20 03:05:46 [http-nio-8080-exec-1] [] DEBUG o.s.s.w.a.Http403ForbiddenEntryPoint - Pre-authenticated entry point called. Rejecting access
2026-09-20 03:05:46 [http-nio-8080-exec-1] [] DEBUG o.s.security.web.FilterChainProxy - Securing GET /error
2026-09-20 03:05:46 [http-nio-8080-exec-1] [] DEBUG o.s.s.w.a.AnonymousAuthenticationFilter - Set SecurityContextHolder to anonymous SecurityContext
2026-09-20 03:05:46 [http-nio-8080-exec-1] [] DEBUG o.s.s.w.a.Http403ForbiddenEntryPoint - Pre-authenticated entry point called. Rejecting access
2026-09-20 03:05:51 [http-nio-8080-exec-9] [] DEBUG o.s.security.web.FilterChainProxy - Securing GET /actuator/prometheus
2026-09-20 03:05:51 [http-nio-8080-exec-9] [] DEBUG o.s.s.w.a.AnonymousAuthenticationFilter - Set SecurityContextHolder to anonymous SecurityContext
2026-09-20 03:05:51 [http-nio-8080-exec-9] [] DEBUG o.s.s.w.a.Http403ForbiddenEntryPoint - Pre-authenticated entry point called. Rejecting access
2026-09-20 03:05:51 [http-nio-8080-exec-9] [] DEBUG o.s.security.web.FilterChainProxy - Securing GET /error
2026-09-20 03:05:52 [http-nio-8080-exec-9] [] DEBUG o.s.s.w.a.AnonymousAuthenticationFilter - Set SecurityContextHolder to anonymous SecurityContext
2026-09-20 03:05:52 [http-nio-8080-exec-9] [] DEBUG o.s.s.w.a.Http403ForbiddenEntryPoint - Pre-authenticated entry point called. Rejecting access
2026-09-20 03:05:56 [http-nio-8080-exec-2] [] DEBUG o.s.security.web.FilterChainProxy - Securing GET /actuator/prometheus
2026-09-20 03:05:56 [http-nio-8080-exec-2] [] DEBUG o.s.s.w.a.AnonymousAuthenticationFilter - Set SecurityContextHolder to anonymous SecurityContext
2026-09-20 03:05:56 [http-nio-8080-exec-2] [] DEBUG o.s.s.w.a.Http403ForbiddenEntryPoint - Pre-authenticated entry point called. Rejecting access
2026-09-20 03:05:56 [http-nio-8080-exec-2] [] DEBUG o.s.security.web.FilterChainProxy - Securing GET /error
2026-09-20 03:05:56 [http-nio-8080-exec-2] [] DEBUG o.s.s.w.a.AnonymousAuthenticationFilter - Set SecurityContextHolder to anonymous SecurityContext
2026-09-20 03:05:56 [http-nio-8080-exec-2] [] DEBUG o.s.s.w.a.Http403ForbiddenEntryPoint - Pre-authenticated entry point called. Rejecting access
2026-09-20 03:06:01 [http-nio-8080-exec-4] [] DEBUG o.s.security.web.FilterChainProxy - Securing GET /actuator/prometheus
2026-09-20 03:06:01 [http-nio-8080-exec-4] [] DEBUG o.s.s.w.a.AnonymousAuthenticationFilter - Set SecurityContextHolder to anonymous SecurityContext
2026-09-20 03:06:01 [http-nio-8080-exec-4] [] DEBUG o.s.s.w.a.Http403ForbiddenEntryPoint - Pre-authenticated entry point called. Rejecting access
2026-09-20 03:06:01 [http-nio-8080-exec-4] [] DEBUG o.s.security.web.FilterChainProxy - Securing GET /error
2026-09-20 03:06:01 [http-nio-8080-exec-4] [] DEBUG o.s.s.w.a.AnonymousAuthenticationFilter - Set SecurityContextHolder to anonymous SecurityContext
2026-09-20 03:06:01 [http-nio-8080-exec-4] [] DEBUG o.s.s.w.a.Http403ForbiddenEntryPoint - Pre-authenticated entry point called. Rejecting access
2026-09-20 03:06:06 [http-nio-8080-exec-10] [] DEBUG o.s.security.web.FilterChainProxy - Securing GET /actuator/prometheus
2026-09-20 03:06:06 [http-nio-8080-exec-10] [] DEBUG o.s.s.w.a.AnonymousAuthenticationFilter - Set SecurityContextHolder to anonymous SecurityContext
2026-09-20 03:06:06 [http-nio-8080-exec-10] [] DEBUG o.s.s.w.a.Http403ForbiddenEntryPoint - Pre-authenticated entry point called. Rejecting access
2026-09-20 03:06:06 [http-nio-8080-exec-10] [] DEBUG o.s.security.web.FilterChainProxy - Securing GET /error
2026-09-20 03:06:06 [http-nio-8080-exec-10] [] DEBUG o.s.s.w.a.AnonymousAuthenticationFilter - Set SecurityContextHolder to anonymous SecurityContext
2026-09-20 03:06:06 [http-nio-8080-exec-10] [] DEBUG o.s.s.w.a.Http403ForbiddenEntryPoint - Pre-authenticated entry point called. Rejecting access
2026-09-20 03:06:11 [http-nio-8080-exec-6] [] DEBUG o.s.security.web.FilterChainProxy - Securing GET /actuator/prometheus
2026-09-20 03:06:11 [http-nio-8080-exec-6] [] DEBUG o.s.s.w.a.AnonymousAuthenticationFilter - Set SecurityContextHolder to anonymous SecurityContext
2026-09-20 03:06:11 [http-nio-8080-exec-6] [] DEBUG o.s.s.w.a.Http403ForbiddenEntryPoint - Pre-authenticated entry point called. Rejecting access
2026-09-20 03:06:11 [http-nio-8080-exec-6] [] DEBUG o.s.security.web.FilterChainProxy - Securing GET /error
2026-09-20 03:06:11 [http-nio-8080-exec-6] [] DEBUG o.s.s.w.a.AnonymousAuthenticationFilter - Set SecurityContextHolder to anonymous SecurityContext
2026-09-20 03:06:11 [http-nio-8080-exec-6] [] DEBUG o.s.s.w.a.Http403ForbiddenEntryPoint - Pre-authenticated entry point called. Rejecting access
2026-09-20 03:06:16 [http-nio-8080-exec-3] [] DEBUG o.s.security.web.FilterChainProxy - Securing GET /actuator/prometheus
2026-09-20 03:06:16 [http-nio-8080-exec-3] [] DEBUG o.s.s.w.a.AnonymousAuthenticationFilter - Set SecurityContextHolder to anonymous SecurityContext
2026-09-20 03:06:16 [http-nio-8080-exec-3] [] DEBUG o.s.s.w.a.Http403ForbiddenEntryPoint - Pre-authenticated entry point called. Rejecting access
2026-09-20 03:06:16 [http-nio-8080-exec-3] [] DEBUG o.s.security.web.FilterChainProxy - Securing GET /error
2026-09-20 03:06:16 [http-nio-8080-exec-3] [] DEBUG o.s.s.w.a.AnonymousAuthenticationFilter - Set SecurityContextHolder to anonymous SecurityContext
2026-09-20 03:06:16 [http-nio-8080-exec-3] [] DEBUG o.s.s.w.a.Http403ForbiddenEntryPoint - Pre-authenticated entry point called. Rejecting access
2026-09-20 03:06:21 [http-nio-8080-exec-7] [] DEBUG o.s.security.web.FilterChainProxy - Securing GET /actuator/prometheus
2026-09-20 03:06:21 [http-nio-8080-exec-7] [] DEBUG o.s.s.w.a.AnonymousAuthenticationFilter - Set SecurityContextHolder to anonymous SecurityContext
2026-09-20 03:06:21 [http-nio-8080-exec-7] [] DEBUG o.s.s.w.a.Http403ForbiddenEntryPoint - Pre-authenticated entry point called. Rejecting access
2026-09-20 03:06:21 [http-nio-8080-exec-7] [] DEBUG o.s.security.web.FilterChainProxy - Securing GET /error
2026-09-20 03:06:21 [http-nio-8080-exec-7] [] DEBUG o.s.s.w.a.AnonymousAuthenticationFilter - Set SecurityContextHolder to anonymous SecurityContext
2026-09-20 03:06:21 [http-nio-8080-exec-7] [] DEBUG o.s.s.w.a.Http403ForbiddenEntryPoint - Pre-authenticated entry point called. Rejecting access
2026-09-20 03:06:26 [http-nio-8080-exec-8] [] DEBUG o.s.security.web.FilterChainProxy - Securing GET /actuator/prometheus
2026-09-20 03:06:26 [http-nio-8080-exec-8] [] DEBUG o.s.s.w.a.AnonymousAuthenticationFilter - Set SecurityContextHolder to anonymous SecurityContext
2026-09-20 03:06:26 [http-nio-8080-exec-8] [] DEBUG o.s.s.w.a.Http403ForbiddenEntryPoint - Pre-authenticated entry point called. Rejecting access
2026-09-20 03:06:26 [http-nio-8080-exec-8] [] DEBUG o.s.security.web.FilterChainProxy - Securing GET /error
2026-09-20 03:06:26 [http-nio-8080-exec-8] [] DEBUG o.s.s.w.a.AnonymousAuthenticationFilter - Set SecurityContextHolder to anonymous SecurityContext
2026-09-20 03:06:26 [http-nio-8080-exec-8] [] DEBUG o.s.s.w.a.Http403ForbiddenEntryPoint - Pre-authenticated entry point called. Rejecting access
2026-09-20 03:06:31 [http-nio-8080-exec-5] [] DEBUG o.s.security.web.FilterChainProxy - Securing GET /actuator/prometheus
2026-09-20 03:06:31 [http-nio-8080-exec-5] [] DEBUG o.s.s.w.a.AnonymousAuthenticationFilter - Set SecurityContextHolder to anonymous SecurityContext
2026-09-20 03:06:31 [http-nio-8080-exec-5] [] DEBUG o.s.s.w.a.Http403ForbiddenEntryPoint - Pre-authenticated entry point called. Rejecting access
2026-09-20 03:06:31 [http-nio-8080-exec-5] [] DEBUG o.s.security.web.FilterChainProxy - Securing GET /error
2026-09-20 03:06:31 [http-nio-8080-exec-5] [] DEBUG o.s.s.w.a.AnonymousAuthenticationFilter - Set SecurityContextHolder to anonymous SecurityContext
2026-09-20 03:06:31 [http-nio-8080-exec-5] [] DEBUG o.s.s.w.a.Http403ForbiddenEntryPoint - Pre-authenticated entry point called. Rejecting access
2026-09-20 03:06:36 [http-nio-8080-exec-1] [] DEBUG o.s.security.web.FilterChainProxy - Securing GET /actuator/prometheus
2026-09-20 03:06:36 [http-nio-8080-exec-1] [] DEBUG o.s.s.w.a.AnonymousAuthenticationFilter - Set SecurityContextHolder to anonymous SecurityContext
2026-09-20 03:06:36 [http-nio-8080-exec-1] [] DEBUG o.s.s.w.a.Http403ForbiddenEntryPoint - Pre-authenticated entry point called. Rejecting access
2026-09-20 03:06:36 [http-nio-8080-exec-1] [] DEBUG o.s.security.web.FilterChainProxy - Securing GET /error
2026-09-20 03:06:36 [http-nio-8080-exec-1] [] DEBUG o.s.s.w.a.AnonymousAuthenticationFilter - Set SecurityContextHolder to anonymous SecurityContext
2026-09-20 03:06:36 [http-nio-8080-exec-1] [] DEBUG o.s.s.w.a.Http403ForbiddenEntryPoint - Pre-authenticated entry point called. Rejecting access
2026-09-20 03:06:41 [http-nio-8080-exec-9] [] DEBUG o.s.security.web.FilterChainProxy - Securing GET /actuator/prometheus
2026-09-20 03:06:41 [http-nio-8080-exec-9] [] DEBUG o.s.s.w.a.AnonymousAuthenticationFilter - Set SecurityContextHolder to anonymous SecurityContext
2026-09-20 03:06:41 [http-nio-8080-exec-9] [] DEBUG o.s.s.w.a.Http403ForbiddenEntryPoint - Pre-authenticated entry point called. Rejecting access
2026-09-20 03:06:41 [http-nio-8080-exec-9] [] DEBUG o.s.security.web.FilterChainProxy - Securing GET /error
2026-09-20 03:06:41 [http-nio-8080-exec-9] [] DEBUG o.s.s.w.a.AnonymousAuthenticationFilter - Set SecurityContextHolder to anonymous SecurityContext
2026-09-20 03:06:41 [http-nio-8080-exec-9] [] DEBUG o.s.s.w.a.Http403ForbiddenEntryPoint - Pre-authenticated entry point called. Rejecting access
2026-09-20 03:06:46 [http-nio-8080-exec-2] [] DEBUG o.s.security.web.FilterChainProxy - Securing GET /actuator/prometheus
2026-09-20 03:06:46 [http-nio-8080-exec-2] [] DEBUG o.s.s.w.a.AnonymousAuthenticationFilter - Set SecurityContextHolder to anonymous SecurityContext
2026-09-20 03:06:46 [http-nio-8080-exec-2] [] DEBUG o.s.s.w.a.Http403ForbiddenEntryPoint - Pre-authenticated entry point called. Rejecting access
2026-09-20 03:06:46 [http-nio-8080-exec-2] [] DEBUG o.s.security.web.FilterChainProxy - Securing GET /error
2026-09-20 03:06:46 [http-nio-8080-exec-2] [] DEBUG o.s.s.w.a.AnonymousAuthenticationFilter - Set SecurityContextHolder to anonymous SecurityContext
2026-09-20 03:06:46 [http-nio-8080-exec-2] [] DEBUG o.s.s.w.a.Http403ForbiddenEntryPoint - Pre-authenticated entry point called. Rejecting access
2026-09-20 03:06:51 [http-nio-8080-exec-4] [] DEBUG o.s.security.web.FilterChainProxy - Securing GET /actuator/prometheus
2026-09-20 03:06:51 [http-nio-8080-exec-4] [] DEBUG o.s.s.w.a.AnonymousAuthenticationFilter - Set SecurityContextHolder to anonymous SecurityContext
2026-09-20 03:06:51 [http-nio-8080-exec-4] [] DEBUG o.s.s.w.a.Http403ForbiddenEntryPoint - Pre-authenticated entry point called. Rejecting access
2026-09-20 03:06:51 [http-nio-8080-exec-4] [] DEBUG o.s.security.web.FilterChainProxy - Securing GET /error
2026-09-20 03:06:51 [http-nio-8080-exec-4] [] DEBUG o.s.s.w.a.AnonymousAuthenticationFilter - Set SecurityContextHolder to anonymous SecurityContext
2026-09-20 03:06:51 [http-nio-8080-exec-4] [] DEBUG o.s.s.w.a.Http403ForbiddenEntryPoint - Pre-authenticated entry point called. Rejecting access
2026-09-20 03:06:56 [http-nio-8080-exec-10] [] DEBUG o.s.security.web.FilterChainProxy - Securing GET /actuator/prometheus
2026-09-20 03:06:56 [http-nio-8080-exec-10] [] DEBUG o.s.s.w.a.AnonymousAuthenticationFilter - Set SecurityContextHolder to anonymous SecurityContext
2026-09-20 03:06:56 [http-nio-8080-exec-10] [] DEBUG o.s.s.w.a.Http403ForbiddenEntryPoint - Pre-authenticated entry point called. Rejecting access
2026-09-20 03:06:56 [http-nio-8080-exec-10] [] DEBUG o.s.security.web.FilterChainProxy - Securing GET /error
2026-09-20 03:06:56 [http-nio-8080-exec-10] [] DEBUG o.s.s.w.a.AnonymousAuthenticationFilter - Set SecurityContextHolder to anonymous SecurityContext
2026-09-20 03:06:56 [http-nio-8080-exec-10] [] DEBUG o.s.s.w.a.Http403ForbiddenEntryPoint - Pre-authenticated entry point called. Rejecting access
2026-09-20 03:07:01 [http-nio-8080-exec-6] [] DEBUG o.s.security.web.FilterChainProxy - Securing GET /actuator/prometheus
2026-09-20 03:07:01 [http-nio-8080-exec-6] [] DEBUG o.s.s.w.a.AnonymousAuthenticationFilter - Set SecurityContextHolder to anonymous SecurityContext
2026-09-20 03:07:01 [http-nio-8080-exec-6] [] DEBUG o.s.s.w.a.Http403ForbiddenEntryPoint - Pre-authenticated entry point called. Rejecting access
2026-09-20 03:07:01 [http-nio-8080-exec-6] [] DEBUG o.s.security.web.FilterChainProxy - Securing GET /error
2026-09-20 03:07:01 [http-nio-8080-exec-6] [] DEBUG o.s.s.w.a.AnonymousAuthenticationFilter - Set SecurityContextHolder to anonymous SecurityContext
2026-09-20 03:07:01 [http-nio-8080-exec-6] [] DEBUG o.s.s.w.a.Http403ForbiddenEntryPoint - Pre-authenticated entry point called. Rejecting access
2026-09-20 03:07:06 [http-nio-8080-exec-3] [] DEBUG o.s.security.web.FilterChainProxy - Securing GET /actuator/prometheus
2026-09-20 03:07:06 [http-nio-8080-exec-3] [] DEBUG o.s.s.w.a.AnonymousAuthenticationFilter - Set SecurityContextHolder to anonymous SecurityContext
2026-09-20 03:07:06 [http-nio-8080-exec-3] [] DEBUG o.s.s.w.a.Http403ForbiddenEntryPoint - Pre-authenticated entry point called. Rejecting access
2026-09-20 03:07:06 [http-nio-8080-exec-3] [] DEBUG o.s.security.web.FilterChainProxy - Securing GET /error
2026-09-20 03:07:06 [http-nio-8080-exec-3] [] DEBUG o.s.s.w.a.AnonymousAuthenticationFilter - Set SecurityContextHolder to anonymous SecurityContext
2026-09-20 03:07:06 [http-nio-8080-exec-3] [] DEBUG o.s.s.w.a.Http403ForbiddenEntryPoint - Pre-authenticated entry point called. Rejecting access
2026-09-20 03:07:11 [http-nio-8080-exec-7] [] DEBUG o.s.security.web.FilterChainProxy - Securing GET /actuator/prometheus
2026-09-20 03:07:11 [http-nio-8080-exec-7] [] DEBUG o.s.s.w.a.AnonymousAuthenticationFilter - Set SecurityContextHolder to anonymous SecurityContext
2026-09-20 03:07:11 [http-nio-8080-exec-7] [] DEBUG o.s.s.w.a.Http403ForbiddenEntryPoint - Pre-authenticated entry point called. Rejecting access
2026-09-20 03:07:11 [http-nio-8080-exec-7] [] DEBUG o.s.security.web.FilterChainProxy - Securing GET /error
2026-09-20 03:07:11 [http-nio-8080-exec-7] [] DEBUG o.s.s.w.a.AnonymousAuthenticationFilter - Set SecurityContextHolder to anonymous SecurityContext
2026-09-20 03:07:11 [http-nio-8080-exec-7] [] DEBUG o.s.s.w.a.Http403ForbiddenEntryPoint - Pre-authenticated entry point called. Rejecting access
2026-09-20 03:07:16 [http-nio-8080-exec-8] [] DEBUG o.s.security.web.FilterChainProxy - Securing GET /actuator/prometheus
2026-09-20 03:07:16 [http-nio-8080-exec-8] [] DEBUG o.s.s.w.a.AnonymousAuthenticationFilter - Set SecurityContextHolder to anonymous SecurityContext
2026-09-20 03:07:16 [http-nio-8080-exec-8] [] DEBUG o.s.s.w.a.Http403ForbiddenEntryPoint - Pre-authenticated entry point called. Rejecting access
2026-09-20 03:07:16 [http-nio-8080-exec-8] [] DEBUG o.s.security.web.FilterChainProxy - Securing GET /error
2026-09-20 03:07:16 [http-nio-8080-exec-8] [] DEBUG o.s.s.w.a.AnonymousAuthenticationFilter - Set SecurityContextHolder to anonymous SecurityContext
2026-09-20 03:07:16 [http-nio-8080-exec-8] [] DEBUG o.s.s.w.a.Http403ForbiddenEntryPoint - Pre-authenticated entry point called. Rejecting access
2026-09-20 03:07:21 [http-nio-8080-exec-5] [] DEBUG o.s.security.web.FilterChainProxy - Securing GET /actuator/prometheus
2026-09-20 03:07:21 [http-nio-8080-exec-5] [] DEBUG o.s.s.w.a.AnonymousAuthenticationFilter - Set SecurityContextHolder to anonymous SecurityContext
2026-09-20 03:07:21 [http-nio-8080-exec-5] [] DEBUG o.s.s.w.a.Http403ForbiddenEntryPoint - Pre-authenticated entry point called. Rejecting access
2026-09-20 03:07:21 [http-nio-8080-exec-5] [] DEBUG o.s.security.web.FilterChainProxy - Securing GET /error
2026-09-20 03:07:21 [http-nio-8080-exec-5] [] DEBUG o.s.s.w.a.AnonymousAuthenticationFilter - Set SecurityContextHolder to anonymous SecurityContext
2026-09-20 03:07:21 [http-nio-8080-exec-5] [] DEBUG o.s.s.w.a.Http403ForbiddenEntryPoint - Pre-authenticated entry point called. Rejecting access
2026-09-20 03:07:26 [http-nio-8080-exec-1] [] DEBUG o.s.security.web.FilterChainProxy - Securing GET /actuator/prometheus
2026-09-20 03:07:26 [http-nio-8080-exec-1] [] DEBUG o.s.s.w.a.AnonymousAuthenticationFilter - Set SecurityContextHolder to anonymous SecurityContext
2026-09-20 03:07:26 [http-nio-8080-exec-1] [] DEBUG o.s.s.w.a.Http403ForbiddenEntryPoint - Pre-authenticated entry point called. Rejecting access
2026-09-20 03:07:26 [http-nio-8080-exec-1] [] DEBUG o.s.security.web.FilterChainProxy - Securing GET /error
2026-09-20 03:07:26 [http-nio-8080-exec-1] [] DEBUG o.s.s.w.a.AnonymousAuthenticationFilter - Set SecurityContextHolder to anonymous SecurityContext
2026-09-20 03:07:26 [http-nio-8080-exec-1] [] DEBUG o.s.s.w.a.Http403ForbiddenEntryPoint - Pre-authenticated entry point called. Rejecting access
2026-09-20 03:07:31 [http-nio-8080-exec-9] [] DEBUG o.s.security.web.FilterChainProxy - Securing GET /actuator/prometheus
2026-09-20 03:07:31 [http-nio-8080-exec-9] [] DEBUG o.s.s.w.a.AnonymousAuthenticationFilter - Set SecurityContextHolder to anonymous SecurityContext
2026-09-20 03:07:31 [http-nio-8080-exec-9] [] DEBUG o.s.s.w.a.Http403ForbiddenEntryPoint - Pre-authenticated entry point called. Rejecting access
2026-09-20 03:07:31 [http-nio-8080-exec-9] [] DEBUG o.s.security.web.FilterChainProxy - Securing GET /error
2026-09-20 03:07:31 [http-nio-8080-exec-9] [] DEBUG o.s.s.w.a.AnonymousAuthenticationFilter - Set SecurityContextHolder to anonymous SecurityContext
2026-09-20 03:07:31 [http-nio-8080-exec-9] [] DEBUG o.s.s.w.a.Http403ForbiddenEntryPoint - Pre-authenticated entry point called. Rejecting access
2026-09-20 03:07:36 [http-nio-8080-exec-2] [] DEBUG o.s.security.web.FilterChainProxy - Securing GET /actuator/prometheus
2026-09-20 03:07:36 [http-nio-8080-exec-2] [] DEBUG o.s.s.w.a.AnonymousAuthenticationFilter - Set SecurityContextHolder to anonymous SecurityContext
2026-09-20 03:07:36 [http-nio-8080-exec-2] [] DEBUG o.s.s.w.a.Http403ForbiddenEntryPoint - Pre-authenticated entry point called. Rejecting access
2026-09-20 03:07:36 [http-nio-8080-exec-2] [] DEBUG o.s.security.web.FilterChainProxy - Securing GET /error
2026-09-20 03:07:36 [http-nio-8080-exec-2] [] DEBUG o.s.s.w.a.AnonymousAuthenticationFilter - Set SecurityContextHolder to anonymous SecurityContext
2026-09-20 03:07:36 [http-nio-8080-exec-2] [] DEBUG o.s.s.w.a.Http403ForbiddenEntryPoint - Pre-authenticated entry point called. Rejecting access
2026-09-20 03:07:41 [http-nio-8080-exec-4] [] DEBUG o.s.security.web.FilterChainProxy - Securing GET /actuator/prometheus
2026-09-20 03:07:41 [http-nio-8080-exec-4] [] DEBUG o.s.s.w.a.AnonymousAuthenticationFilter - Set SecurityContextHolder to anonymous SecurityContext
2026-09-20 03:07:41 [http-nio-8080-exec-4] [] DEBUG o.s.s.w.a.Http403ForbiddenEntryPoint - Pre-authenticated entry point called. Rejecting access
2026-09-20 03:07:41 [http-nio-8080-exec-4] [] DEBUG o.s.security.web.FilterChainProxy - Securing GET /error
2026-09-20 03:07:41 [http-nio-8080-exec-4] [] DEBUG o.s.s.w.a.AnonymousAuthenticationFilter - Set SecurityContextHolder to anonymous SecurityContext
2026-09-20 03:07:41 [http-nio-8080-exec-4] [] DEBUG o.s.s.w.a.Http403ForbiddenEntryPoint - Pre-authenticated entry point called. Rejecting access
2026-09-20 03:07:46 [http-nio-8080-exec-10] [] DEBUG o.s.security.web.FilterChainProxy - Securing GET /actuator/prometheus
2026-09-20 03:07:46 [http-nio-8080-exec-10] [] DEBUG o.s.s.w.a.AnonymousAuthenticationFilter - Set SecurityContextHolder to anonymous SecurityContext
2026-09-20 03:07:46 [http-nio-8080-exec-10] [] DEBUG o.s.s.w.a.Http403ForbiddenEntryPoint - Pre-authenticated entry point called. Rejecting access
2026-09-20 03:07:46 [http-nio-8080-exec-10] [] DEBUG o.s.security.web.FilterChainProxy - Securing GET /error
2026-09-20 03:07:46 [http-nio-8080-exec-10] [] DEBUG o.s.s.w.a.AnonymousAuthenticationFilter - Set SecurityContextHolder to anonymous SecurityContext
2026-09-20 03:07:46 [http-nio-8080-exec-10] [] DEBUG o.s.s.w.a.Http403ForbiddenEntryPoint - Pre-authenticated entry point called. Rejecting access
2026-09-20 03:07:51 [http-nio-8080-exec-6] [] DEBUG o.s.security.web.FilterChainProxy - Securing GET /actuator/prometheus
2026-09-20 03:07:51 [http-nio-8080-exec-6] [] DEBUG o.s.s.w.a.AnonymousAuthenticationFilter - Set SecurityContextHolder to anonymous SecurityContext
2026-09-20 03:07:51 [http-nio-8080-exec-6] [] DEBUG o.s.s.w.a.Http403ForbiddenEntryPoint - Pre-authenticated entry point called. Rejecting access
2026-09-20 03:07:51 [http-nio-8080-exec-6] [] DEBUG o.s.security.web.FilterChainProxy - Securing GET /error
2026-09-20 03:07:51 [http-nio-8080-exec-6] [] DEBUG o.s.s.w.a.AnonymousAuthenticationFilter - Set SecurityContextHolder to anonymous SecurityContext
2026-09-20 03:07:51 [http-nio-8080-exec-6] [] DEBUG o.s.s.w.a.Http403ForbiddenEntryPoint - Pre-authenticated entry point called. Rejecting access
2026-09-20 03:07:56 [http-nio-8080-exec-3] [] DEBUG o.s.security.web.FilterChainProxy - Securing GET /actuator/prometheus
2026-09-20 03:07:56 [http-nio-8080-exec-3] [] DEBUG o.s.s.w.a.AnonymousAuthenticationFilter - Set SecurityContextHolder to anonymous SecurityContext
2026-09-20 03:07:56 [http-nio-8080-exec-3] [] DEBUG o.s.s.w.a.Http403ForbiddenEntryPoint - Pre-authenticated entry point called. Rejecting access
2026-09-20 03:07:56 [http-nio-8080-exec-3] [] DEBUG o.s.security.web.FilterChainProxy - Securing GET /error
2026-09-20 03:07:56 [http-nio-8080-exec-3] [] DEBUG o.s.s.w.a.AnonymousAuthenticationFilter - Set SecurityContextHolder to anonymous SecurityContext
2026-09-20 03:07:56 [http-nio-8080-exec-3] [] DEBUG o.s.s.w.a.Http403ForbiddenEntryPoint - Pre-authenticated entry point called. Rejecting access
2026-09-20 03:08:01 [http-nio-8080-exec-7] [] DEBUG o.s.security.web.FilterChainProxy - Securing GET /actuator/prometheus
2026-09-20 03:08:01 [http-nio-8080-exec-7] [] DEBUG o.s.s.w.a.AnonymousAuthenticationFilter - Set SecurityContextHolder to anonymous SecurityContext
2026-09-20 03:08:01 [http-nio-8080-exec-7] [] DEBUG o.s.s.w.a.Http403ForbiddenEntryPoint - Pre-authenticated entry point called. Rejecting access
2026-09-20 03:08:01 [http-nio-8080-exec-7] [] DEBUG o.s.security.web.FilterChainProxy - Securing GET /error
2026-09-20 03:08:01 [http-nio-8080-exec-7] [] DEBUG o.s.s.w.a.AnonymousAuthenticationFilter - Set SecurityContextHolder to anonymous SecurityContext
2026-09-20 03:08:01 [http-nio-8080-exec-7] [] DEBUG o.s.s.w.a.Http403ForbiddenEntryPoint - Pre-authenticated entry point called. Rejecting access
2026-09-20 03:08:06 [http-nio-8080-exec-8] [] DEBUG o.s.security.web.FilterChainProxy - Securing GET /actuator/prometheus
2026-09-20 03:08:06 [http-nio-8080-exec-8] [] DEBUG o.s.s.w.a.AnonymousAuthenticationFilter - Set SecurityContextHolder to anonymous SecurityContext
2026-09-20 03:08:06 [http-nio-8080-exec-8] [] DEBUG o.s.s.w.a.Http403ForbiddenEntryPoint - Pre-authenticated entry point called. Rejecting access
2026-09-20 03:08:06 [http-nio-8080-exec-8] [] DEBUG o.s.security.web.FilterChainProxy - Securing GET /error
2026-09-20 03:08:06 [http-nio-8080-exec-8] [] DEBUG o.s.s.w.a.AnonymousAuthenticationFilter - Set SecurityContextHolder to anonymous SecurityContext
2026-09-20 03:08:06 [http-nio-8080-exec-8] [] DEBUG o.s.s.w.a.Http403ForbiddenEntryPoint - Pre-authenticated entry point called. Rejecting access
2026-09-20 03:08:11 [http-nio-8080-exec-5] [] DEBUG o.s.security.web.FilterChainProxy - Securing GET /actuator/prometheus
2026-09-20 03:08:11 [http-nio-8080-exec-5] [] DEBUG o.s.s.w.a.AnonymousAuthenticationFilter - Set SecurityContextHolder to anonymous SecurityContext
2026-09-20 03:08:11 [http-nio-8080-exec-5] [] DEBUG o.s.s.w.a.Http403ForbiddenEntryPoint - Pre-authenticated entry point called. Rejecting access
2026-09-20 03:08:11 [http-nio-8080-exec-5] [] DEBUG o.s.security.web.FilterChainProxy - Securing GET /error
2026-09-20 03:08:11 [http-nio-8080-exec-5] [] DEBUG o.s.s.w.a.AnonymousAuthenticationFilter - Set SecurityContextHolder to anonymous SecurityContext
2026-09-20 03:08:11 [http-nio-8080-exec-5] [] DEBUG o.s.s.w.a.Http403ForbiddenEntryPoint - Pre-authenticated entry point called. Rejecting access
2026-09-20 03:08:16 [http-nio-8080-exec-1] [] DEBUG o.s.security.web.FilterChainProxy - Securing GET /actuator/prometheus
2026-09-20 03:08:16 [http-nio-8080-exec-1] [] DEBUG o.s.s.w.a.AnonymousAuthenticationFilter - Set SecurityContextHolder to anonymous SecurityContext
2026-09-20 03:08:16 [http-nio-8080-exec-1] [] DEBUG o.s.s.w.a.Http403ForbiddenEntryPoint - Pre-authenticated entry point called. Rejecting access
2026-09-20 03:08:16 [http-nio-8080-exec-1] [] DEBUG o.s.security.web.FilterChainProxy - Securing GET /error
2026-09-20 03:08:16 [http-nio-8080-exec-1] [] DEBUG o.s.s.w.a.AnonymousAuthenticationFilter - Set SecurityContextHolder to anonymous SecurityContext
2026-09-20 03:08:16 [http-nio-8080-exec-1] [] DEBUG o.s.s.w.a.Http403ForbiddenEntryPoint - Pre-authenticated entry point called. Rejecting access
2026-09-20 03:08:21 [http-nio-8080-exec-9] [] DEBUG o.s.security.web.FilterChainProxy - Securing GET /actuator/prometheus
2026-09-20 03:08:21 [http-nio-8080-exec-9] [] DEBUG o.s.s.w.a.AnonymousAuthenticationFilter - Set SecurityContextHolder to anonymous SecurityContext
2026-09-20 03:08:21 [http-nio-8080-exec-9] [] DEBUG o.s.s.w.a.Http403ForbiddenEntryPoint - Pre-authenticated entry point called. Rejecting access
2026-09-20 03:08:21 [http-nio-8080-exec-9] [] DEBUG o.s.security.web.FilterChainProxy - Securing GET /error
2026-09-20 03:08:21 [http-nio-8080-exec-9] [] DEBUG o.s.s.w.a.AnonymousAuthenticationFilter - Set SecurityContextHolder to anonymous SecurityContext
2026-09-20 03:08:21 [http-nio-8080-exec-9] [] DEBUG o.s.s.w.a.Http403ForbiddenEntryPoint - Pre-authenticated entry point called. Rejecting access
2026-09-20 03:08:26 [http-nio-8080-exec-2] [] DEBUG o.s.security.web.FilterChainProxy - Securing GET /actuator/prometheus
2026-09-20 03:08:26 [http-nio-8080-exec-2] [] DEBUG o.s.s.w.a.AnonymousAuthenticationFilter - Set SecurityContextHolder to anonymous SecurityContext
2026-09-20 03:08:26 [http-nio-8080-exec-2] [] DEBUG o.s.s.w.a.Http403ForbiddenEntryPoint - Pre-authenticated entry point called. Rejecting access
2026-09-20 03:08:26 [http-nio-8080-exec-2] [] DEBUG o.s.security.web.FilterChainProxy - Securing GET /error
2026-09-20 03:08:26 [http-nio-8080-exec-2] [] DEBUG o.s.s.w.a.AnonymousAuthenticationFilter - Set SecurityContextHolder to anonymous SecurityContext
2026-09-20 03:08:26 [http-nio-8080-exec-2] [] DEBUG o.s.s.w.a.Http403ForbiddenEntryPoint - Pre-authenticated entry point called. Rejecting access
2026-09-20 03:08:31 [http-nio-8080-exec-4] [] DEBUG o.s.security.web.FilterChainProxy - Securing GET /actuator/prometheus
2026-09-20 03:08:31 [http-nio-8080-exec-4] [] DEBUG o.s.s.w.a.AnonymousAuthenticationFilter - Set SecurityContextHolder to anonymous SecurityContext
2026-09-20 03:08:31 [http-nio-8080-exec-4] [] DEBUG o.s.s.w.a.Http403ForbiddenEntryPoint - Pre-authenticated entry point called. Rejecting access
2026-09-20 03:08:31 [http-nio-8080-exec-4] [] DEBUG o.s.security.web.FilterChainProxy - Securing GET /error
2026-09-20 03:08:31 [http-nio-8080-exec-4] [] DEBUG o.s.s.w.a.AnonymousAuthenticationFilter - Set SecurityContextHolder to anonymous SecurityContext
2026-09-20 03:08:31 [http-nio-8080-exec-4] [] DEBUG o.s.s.w.a.Http403ForbiddenEntryPoint - Pre-authenticated entry point called. Rejecting access
2026-09-20 03:08:36 [http-nio-8080-exec-10] [] DEBUG o.s.security.web.FilterChainProxy - Securing GET /actuator/prometheus
2026-09-20 03:08:36 [http-nio-8080-exec-10] [] DEBUG o.s.s.w.a.AnonymousAuthenticationFilter - Set SecurityContextHolder to anonymous SecurityContext
2026-09-20 03:08:36 [http-nio-8080-exec-10] [] DEBUG o.s.s.w.a.Http403ForbiddenEntryPoint - Pre-authenticated entry point called. Rejecting access
2026-09-20 03:08:36 [http-nio-8080-exec-10] [] DEBUG o.s.security.web.FilterChainProxy - Securing GET /error
2026-09-20 03:08:36 [http-nio-8080-exec-10] [] DEBUG o.s.s.w.a.AnonymousAuthenticationFilter - Set SecurityContextHolder to anonymous SecurityContext
2026-09-20 03:08:36 [http-nio-8080-exec-10] [] DEBUG o.s.s.w.a.Http403ForbiddenEntryPoint - Pre-authenticated entry point called. Rejecting access
